496 0 
496 0 
496 0 
496 0 
496 0 
496 0 
496 0 
496 0 
496 0 
496 0 
496 0 
496 0 
496 0 
496 0 
496 0 
496 0 
496 0 
496 0 
496 0 
496 0 
496 0 
496 0 
496 0 
496 0 
496 0 
496 0 
496 0 
496 0 
496 0 
496 0 
496 0 
496 0 
496 0 
496 0 
496 0 
496 0 
496 0 
496 0 
496 0 
496 0 
496 0 
496 0 
496 0 
496 0 
496 0 
496 0 
496 0 
496 0 
496 0 
496 0 
496 0 
496 0 
496 0 
496 0 
496 0 
496 0 
496 0 
496 0 
496 0 
496 0 
496 0 
496 0 
496 0 
496 0 
496 0 
496 0 
496 0 
496 0 
496 0 
496 0 
496 0 
496 0 
496 0 
496 0 
496 0 
496 0 
496 0 
496 0 
496 0 
496 0 
496 0 
496 0 
496 0 
496 0 
496 0 
496 0 
496 0 
496 0 
496 0 
496 0 
496 0 
496 0 
496 0 
496 0 
496 1.8 
496 2.4 
496 2.59 
496 2.71 
496 3.12 
496 3.21 
496 3.43 
496 3.83 
496 3.95 
496 4.14 
496 4.28 
496 4.73 
496 5.02 
496 4.39 
496 4.64 
496 5.12 
496 5.29 
496 5.69 
496 7.04 
496 7.76 
496 10.81 
496 15.05 
496 21.84 
496 17.47 
496 17.56 
496 17.86 
496 17.86 
496 18.75 
496 18.89 
496 19.19 
496 19.5 
496 19.85 
496 20.13 
496 20.32 
496 20.68 
496 20.75 
496 20.96 
496 21.35 
496 21.55 
496 21.65 
496 22.07 
496 22.12 
496 22.25 
496 22.37 
496 22.63 
496 22.8 
496 22.92 
496 22.84 
496 23.04 
496 23.3 
496 23.29 
496 23.52 
496 23.7 
496 23.73 
496 23.74 
496 24.0 
496 24.07 
496 24.04 
496 24.1 
496 24.13 
496 24.17 
496 24.2 
496 24.04 
496 24.28 
496 24.17 
496 24.24 
496 24.36 
496 24.62 
496 24.42 
496 24.17 
496 24.13 
496 24.3 
496 24.43 
496 24.02 
496 23.87 
496 23.31 
496 23.04 
496 22.96 
496 23.22 
496 23.7 
496 12.41 
496 24.25 
496 23.68 
496 22.99 
496 22.67 
496 22.26 
496 21.54 
496 21.02 
496 21.08 
496 20.81 
496 20.3 
496 3.06 
496 21.47 
496 18.6 
496 19.15 
496 18.6 
496 17.84 
496 17.47 
496 17.61 
496 17.58 
496 16.96 
496 16.37 
496 16.05 
496 15.58 
496 15.13 
496 14.58 
496 14.22 
496 13.73 
496 13.23 
496 13.05 
496 12.32 
496 12.02 
496 11.23 
496 10.76 
496 10.24 
496 9.8 
496 9.27 
496 8.81 
496 8.07 
496 7.54 
496 7.02 
496 6.49 
496 5.9 
496 5.37 
496 4.63 
496 4.14 
496 3.7 
496 3.14 
496 2.7 
496 2.29 
496 1.91 
496 1.49 
496 1.1 
496 0.85 
496 0.78 
496 0.67 
496 0.58 
496 0.51 
496 0.45 
496 0.34 
496 0.26 
496 0.18 
496 0.08 
496 0.09 
496 0 
496 0 
496 0 
496 0 
496 0 
496 0 
496 0 
496 0 
496 0 
496 0 
496 0 
496 0 
496 0 
496 0 
496 0 
496 0 
496 0 
496 0 
496 0 
496 0 
496 0 
496 0 
496 0 
496 0 
496 0 
496 0 
496 0 
496 0 
496 0 
496 0 
496 0 
496 0 
496 0 
496 0 
496 0 
496 0 
496 0 
496 0 
496 0 
496 0 
496 0 
496 0 
496 0 
496 0 
496 0 
496 0 
496 0 
496 0 
496 0 
497 0 
497 0 
497 0 
497 0 
497 0 
497 0 
497 0 
497 0 
497 0 
497 0 
497 0 
497 0 
497 0 
497 0 
497 0 
497 0 
497 0 
497 0 
497 0 
497 0 
497 0 
497 0 
497 0 
497 0 
497 0 
497 0 
497 0 
497 0 
497 0 
497 0 
497 0 
497 0 
497 0 
497 0 
497 0 
497 0 
497 0 
497 0 
497 0 
497 0 
497 0 
497 0 
497 0 
497 0 
497 0 
497 0 
497 0 
497 0 
497 0 
497 0 
497 0 
497 0 
497 0 
497 0 
497 0 
497 0 
497 0 
497 0 
497 0 
497 0 
497 0 
497 0 
497 0 
497 0 
497 0 
497 0 
497 0 
497 0 
497 0 
497 0 
497 0 
497 0 
497 0 
497 0 
497 0 
497 0 
497 0 
497 0 
497 0 
497 0 
497 0 
497 0 
497 0 
497 0 
497 0 
497 0 
497 0 
497 0 
497 0 
497 0 
497 0 
497 0 
497 0 
497 0 
497 0 
497 0 
497 0 
497 6.05 
497 6.64 
497 7.18 
497 7.8 
497 8.32 
497 8.84 
497 9.5 
497 10.12 
497 10.73 
497 11.26 
497 11.85 
497 12.33 
497 12.88 
497 13.27 
497 13.81 
497 14.06 
497 14.5 
497 14.93 
497 15.31 
497 15.91 
497 16.22 
497 16.58 
497 16.94 
497 17.25 
497 17.7 
497 17.95 
497 18.38 
497 18.64 
497 18.82 
497 19.25 
497 19.45 
497 20.0 
497 19.96 
497 20.29 
497 20.53 
497 20.64 
497 20.9 
497 21.14 
497 21.33 
497 21.29 
497 21.47 
497 21.88 
497 22.06 
497 22.08 
497 22.5 
497 22.46 
497 22.7 
497 22.89 
497 23.03 
497 23.31 
497 23.26 
497 23.47 
497 23.19 
497 23.24 
497 23.47 
497 23.41 
497 23.42 
497 23.44 
497 23.46 
497 23.41 
497 23.37 
497 23.39 
497 23.32 
497 23.3 
497 23.28 
497 23.31 
497 23.24 
497 23.16 
497 23.11 
497 22.83 
497 22.75 
497 22.88 
497 22.78 
497 22.82 
497 22.71 
497 22.52 
497 22.17 
497 21.91 
497 21.86 
497 21.76 
497 21.75 
497 21.43 
497 21.04 
497 20.95 
497 20.79 
497 20.54 
497 20.36 
497 20.02 
497 19.78 
497 19.68 
497 19.18 
497 18.83 
497 18.65 
497 18.39 
497 17.97 
497 17.7 
497 17.2 
497 16.88 
497 16.58 
497 16.16 
497 15.89 
497 15.41 
497 14.98 
497 14.56 
497 14.17 
497 13.7 
497 13.08 
497 12.69 
497 12.24 
497 11.68 
497 11.29 
497 10.74 
497 10.15 
497 9.79 
497 9.08 
497 8.78 
497 7.96 
497 7.46 
497 6.92 
497 6.51 
497 5.95 
497 5.32 
497 4.52 
497 3.99 
497 3.61 
497 3.17 
497 2.6 
497 2.12 
497 1.79 
497 1.42 
497 1.11 
497 0.92 
497 0.67 
497 0.56 
497 0.51 
497 0.38 
497 0.35 
497 0.24 
497 0.19 
497 0.08 
497 0.06 
497 0.06 
497 0.02 
497 0 
497 0 
497 0 
497 0 
497 0 
497 0 
497 0 
497 0 
497 0 
497 0 
497 0 
497 0 
497 0 
497 0 
497 0 
497 0 
497 0 
497 0 
497 0 
497 0 
497 0 
497 0 
497 0 
497 0 
497 0 
497 0 
497 0 
497 0 
497 0 
497 0 
497 0 
497 0 
497 0 
497 0 
497 0 
497 0 
497 0 
497 0 
497 0 
497 0 
497 0 
497 0 
497 0 
497 0 
497 0 
497 0 
497 0 
497 0 
498 0 
498 0 
498 0 
498 0 
498 0 
498 0 
498 0 
498 0 
498 0 
498 0 
498 0 
498 0 
498 0 
498 0 
498 0 
498 0 
498 0 
498 0 
498 0 
498 0 
498 0 
498 0 
498 0 
498 0 
498 0 
498 0 
498 0 
498 0 
498 0 
498 0 
498 0 
498 0 
498 0 
498 0 
498 0 
498 0 
498 0 
498 0 
498 0 
498 0 
498 0 
498 0 
498 0 
498 0 
498 0 
498 0 
498 0 
498 0 
498 0 
498 0 
498 0 
498 0 
498 0 
498 0 
498 0 
498 0 
498 0 
498 0 
498 0 
498 0 
498 0 
498 0 
498 0 
498 0 
498 0 
498 0 
498 0 
498 0 
498 0 
498 0 
498 0 
498 0 
498 0 
498 0 
498 0 
498 0 
498 0 
498 0 
498 0 
498 0 
498 0 
498 0 
498 0 
498 0 
498 0 
498 0 
498 0 
498 0 
498 0 
498 0 
498 0 
498 0 
498 0 
498 0 
498 0 
498 0 
498 0 
498 0 
498 1.76 
498 6.0 
498 4.73 
498 5.91 
498 4.87 
498 4.6 
498 4.86 
498 5.62 
498 6.38 
498 6.76 
498 7.2 
498 7.53 
498 9.54 
498 10.86 
498 10.87 
498 8.48 
498 16.36 
498 15.78 
498 16.18 
498 16.53 
498 16.91 
498 17.27 
498 17.53 
498 17.89 
498 18.15 
498 18.64 
498 18.83 
498 19.07 
498 19.34 
498 19.74 
498 19.9 
498 20.13 
498 20.4 
498 20.71 
498 20.86 
498 21.16 
498 21.28 
498 21.61 
498 21.63 
498 21.84 
498 21.9 
498 22.01 
498 22.09 
498 22.3 
498 22.37 
498 22.54 
498 22.63 
498 22.73 
498 22.81 
498 22.85 
498 22.87 
498 23.13 
498 23.11 
498 23.12 
498 23.15 
498 23.27 
498 23.12 
498 23.12 
498 23.29 
498 23.2 
498 23.18 
498 23.26 
498 23.02 
498 22.9 
498 22.73 
498 22.75 
498 22.81 
498 22.88 
498 22.66 
498 22.64 
498 22.22 
498 22.22 
498 22.05 
498 21.78 
498 21.75 
498 21.47 
498 21.36 
498 21.3 
498 21.15 
498 20.85 
498 20.61 
498 20.6 
498 20.24 
498 19.97 
498 19.92 
498 19.7 
498 19.38 
498 19.13 
498 18.8 
498 18.73 
498 18.3 
498 18.09 
498 17.86 
498 17.54 
498 17.19 
498 16.77 
498 16.59 
498 16.14 
498 15.76 
498 15.3 
498 14.9 
498 14.42 
498 14.01 
498 13.6 
498 13.34 
498 12.85 
498 12.48 
498 12.05 
498 11.56 
498 11.12 
498 10.47 
498 10.03 
498 9.48 
498 8.97 
498 8.43 
498 7.88 
498 7.34 
498 6.83 
498 6.3 
498 5.67 
498 5.02 
498 4.57 
498 4.02 
498 3.51 
498 3.04 
498 2.59 
498 2.21 
498 1.8 
498 1.43 
498 1.14 
498 0.6 
498 0.52 
498 0.41 
498 0.33 
498 0.27 
498 0.23 
498 0.26 
498 0.13 
498 0.1 
498 0.08 
498 0.05 
498 0.03 
498 0 
498 0 
498 0 
498 0 
498 0 
498 0 
498 0 
498 0 
498 0 
498 0 
498 0 
498 0 
498 0 
498 0 
498 0 
498 0 
498 0 
498 0 
498 0 
498 0 
498 0 
498 0 
498 0 
498 0 
498 0 
498 0 
498 0 
498 0 
498 0 
498 0 
498 0 
498 0 
498 0 
498 0 
498 0 
498 0 
498 0 
498 0 
498 0 
498 0 
498 0 
498 0 
498 0 
498 0 
498 0 
498 0 
498 0 
498 0 
499 0 
499 0 
499 0 
499 0 
499 0 
499 0 
499 0 
499 0 
499 0 
499 0 
499 0 
499 0 
499 0 
499 0 
499 0 
499 0 
499 0 
499 0 
499 0 
499 0 
499 0 
499 0 
499 0 
499 0 
499 0 
499 0 
499 0 
499 0 
499 0 
499 0 
499 0 
499 0 
499 0 
499 0 
499 0 
499 0 
499 0 
499 0 
499 0 
499 0 
499 0 
499 0 
499 0 
499 0 
499 0 
499 0 
499 0 
499 0 
499 0 
499 0 
499 0 
499 0 
499 0 
499 0 
499 0 
499 0 
499 0 
499 0 
499 0 
499 0 
499 0 
499 0 
499 0 
499 0 
499 0 
499 0 
499 0 
499 0 
499 0 
499 0 
499 0 
499 0 
499 0 
499 0 
499 0 
499 0 
499 0.01 
499 0.08 
499 0.1 
499 0.27 
499 0.33 
499 0.41 
499 0.51 
499 0.6 
499 0.68 
499 0.76 
499 0.92 
499 1.12 
499 1.44 
499 1.73 
499 2.12 
499 2.65 
499 3.18 
499 3.71 
499 4.2 
499 4.77 
499 5.29 
499 5.86 
499 6.46 
499 7.04 
499 7.66 
499 8.21 
499 8.81 
499 9.27 
499 9.82 
499 10.35 
499 10.93 
499 11.45 
499 11.97 
499 12.55 
499 13.08 
499 13.45 
499 13.97 
499 14.54 
499 15.0 
499 15.48 
499 15.83 
499 16.23 
499 16.72 
499 16.81 
499 17.33 
499 17.75 
499 18.04 
499 18.29 
499 18.55 
499 19.0 
499 19.28 
499 19.54 
499 19.85 
499 20.04 
499 20.26 
499 20.73 
499 20.98 
499 21.01 
499 21.31 
499 21.59 
499 21.72 
499 21.99 
499 22.21 
499 22.54 
499 22.69 
499 22.65 
499 22.82 
499 22.91 
499 23.19 
499 23.23 
499 23.32 
499 23.48 
499 23.56 
499 23.76 
499 23.65 
499 23.73 
499 23.65 
499 23.97 
499 24.01 
499 24.01 
499 24.12 
499 24.08 
499 24.14 
499 24.05 
499 24.05 
499 23.9 
499 23.82 
499 23.74 
499 23.75 
499 23.61 
499 23.64 
499 23.58 
499 23.16 
499 23.05 
499 22.94 
499 22.7 
499 22.81 
499 22.44 
499 22.2 
499 22.12 
499 21.79 
499 21.83 
499 21.49 
499 21.47 
499 21.16 
499 20.94 
499 20.79 
499 20.77 
499 20.46 
499 20.14 
499 19.7 
499 19.42 
499 19.1 
499 19.09 
499 18.62 
499 18.2 
499 17.83 
499 17.49 
499 17.04 
499 16.69 
499 16.36 
499 15.9 
499 15.47 
499 15.29 
499 14.78 
499 14.24 
499 13.89 
499 13.3 
499 12.8 
499 12.4 
499 11.91 
499 11.39 
499 10.8 
499 10.39 
499 9.82 
499 9.26 
499 8.7 
499 8.25 
499 7.67 
499 7.04 
499 6.57 
499 5.97 
499 5.34 
499 4.81 
499 4.29 
499 3.81 
499 3.16 
499 2.74 
499 2.26 
499 1.87 
499 1.48 
499 1.2 
499 0.81 
499 0.53 
499 0.48 
499 0.55 
499 0.42 
499 0.38 
499 0.32 
499 0.21 
499 0.24 
499 0.09 
499 0.07 
499 0.08 
499 0 
499 0 
499 0 
499 0 
499 0 
499 0 
499 0 
499 0 
499 0 
499 0 
499 0 
499 0 
499 0 
499 0 
499 0 
499 0 
499 0 
499 0 
499 0 
499 0 
499 0 
499 0 
499 0 
499 0 
499 0 
499 0 
499 0 
499 0 
499 0 
499 0 
499 0 
499 0 
499 0 
499 0 
499 0 
499 0 
499 0 
499 0 
499 0 
499 0 
499 0 
499 0 
499 0 
499 0 
499 0 
499 0 
499 0 
499 0 
500 0 
500 0 
500 0 
500 0 
500 0 
500 0 
500 0 
500 0 
500 0 
500 0 
500 0 
500 0 
500 0 
500 0 
500 0 
500 0 
500 0 
500 0 
500 0 
500 0 
500 0 
500 0 
500 0 
500 0 
500 0 
500 0 
500 0 
500 0 
500 0 
500 0 
500 0 
500 0 
500 0 
500 0 
500 0 
500 0 
500 0 
500 0 
500 0 
500 0 
500 0 
500 0 
500 0 
500 0 
500 0 
500 0 
500 0 
500 0 
500 0 
500 0 
500 0 
500 0 
500 0 
500 0 
500 0 
500 0 
500 0 
500 0 
500 0 
500 0 
500 0 
500 0 
500 0 
500 0 
500 0 
500 0 
500 0 
500 0 
500 0 
500 0 
500 0 
500 0 
500 0 
500 0 
500 0 
500 0 
500 0 
500 0 
500 0 
500 0 
500 0 
500 0 
500 0 
500 0 
500 0 
500 0 
500 0 
500 0 
500 0 
500 0 
500 4.64 
500 3.5 
500 3.68 
500 4.33 
500 3.77 
500 4.17 
500 5.39 
500 6.25 
500 7.07 
500 4.53 
500 9.85 
500 8.8 
500 9.22 
500 9.64 
500 10.21 
500 10.85 
500 11.29 
500 11.89 
500 12.45 
500 12.91 
500 13.43 
500 13.95 
500 14.25 
500 14.81 
500 15.16 
500 15.54 
500 15.99 
500 16.26 
500 16.61 
500 17.09 
500 17.45 
500 17.78 
500 18.04 
500 18.33 
500 18.56 
500 18.9 
500 19.1 
500 19.55 
500 19.7 
500 19.93 
500 20.11 
500 20.34 
500 20.8 
500 20.93 
500 0 
500 0 
500 21.12 
500 21.36 
500 21.72 
500 21.92 
500 22.15 
500 22.33 
500 22.41 
500 22.59 
500 22.81 
500 22.78 
500 22.51 
500 22.76 
500 22.88 
500 22.79 
500 23.05 
500 22.95 
500 23.11 
500 23.07 
500 23.21 
500 22.93 
500 23.04 
500 23.11 
500 23.22 
500 23.39 
500 23.48 
500 23.3 
500 23.39 
500 23.29 
500 23.32 
500 23.17 
500 23.08 
500 22.89 
500 22.62 
500 22.5 
500 22.43 
500 22.3 
500 22.12 
500 21.96 
500 21.91 
500 21.69 
500 21.51 
500 21.35 
500 21.15 
500 20.96 
500 20.76 
500 20.35 
500 20.26 
500 19.95 
500 19.84 
500 19.65 
500 19.38 
500 18.93 
500 18.64 
500 18.56 
500 18.09 
500 17.92 
500 17.65 
500 17.22 
500 16.77 
500 16.34 
500 16.06 
500 15.72 
500 15.23 
500 14.92 
500 14.51 
500 14.07 
500 13.66 
500 13.21 
500 12.79 
500 12.28 
500 11.86 
500 11.12 
500 10.8 
500 10.27 
500 9.63 
500 9.02 
500 8.78 
500 7.98 
500 7.57 
500 6.92 
500 6.45 
500 5.92 
500 5.23 
500 4.76 
500 4.16 
500 3.64 
500 3.14 
500 2.68 
500 2.32 
500 1.8 
500 1.44 
500 1.09 
500 0.87 
500 0.66 
500 0.62 
500 0.49 
500 0.39 
500 0.36 
500 0.3 
500 0.22 
500 0.11 
500 0.05 
500 0.1 
500 0.06 
500 0 
500 0 
500 0 
500 0 
500 0 
500 0 
500 0 
500 0 
500 0 
500 0 
500 0 
500 0 
500 0 
500 0 
500 0 
500 0 
500 0 
500 0 
500 0 
500 0 
500 0 
500 0 
500 0 
500 0 
500 0 
500 0 
500 0 
500 0 
500 0 
500 0 
500 0 
500 0 
500 0 
500 0 
500 0 
500 0 
500 0 
500 0 
500 0 
500 0 
500 0 
500 0 
500 0 
500 0 
500 0 
500 0 
500 0 
500 0 
501 0 
501 0 
501 0 
501 0 
501 0 
501 0 
501 0 
501 0 
501 0 
501 0 
501 0 
501 0 
501 0 
501 0 
501 0 
501 0 
501 0 
501 0 
501 0 
501 0 
501 0 
501 0 
501 0 
501 0 
501 0 
501 0 
501 0 
501 0 
501 0 
501 0 
501 0 
501 0 
501 0 
501 0 
501 0 
501 0 
501 0 
501 0 
501 0 
501 0 
501 0 
501 0 
501 0 
501 0 
501 0 
501 0 
501 0 
501 0 
501 0 
501 0 
501 0 
501 0 
501 0 
501 0 
501 0 
501 0 
501 0 
501 0 
501 0 
501 0 
501 0 
501 0 
501 0 
501 0 
501 0 
501 0 
501 0 
501 0 
501 0 
501 0 
501 0 
501 0 
501 0 
501 0 
501 0 
501 0 
501 0 
501 0 
152 0 
152 0 
152 0 
152 0 
152 0 
152 0 
152 0 
152 0 
152 0 
152 0 
152 0 
152 0 
152 0 
152 0 
152 0 
152 0 
152 0 
152 0 
152 0 
152 0 
152 0 
152 0 
152 0 
152 0 
152 0 
152 0 
152 0 
152 0 
152 0 
152 0 
152 0 
152 0 
152 0 
152 0 
152 0 
152 0 
152 0 
152 0 
152 0 
152 0 
152 0 
152 0 
152 0 
152 0 
152 0 
152 0 
152 0 
152 0 
152 0 
152 0 
152 0 
152 0 
152 0 
152 0 
152 0 
152 0 
152 0 
152 0 
152 0 
152 0 
152 0 
152 0 
152 0 
152 0 
152 0 
152 0 
152 0 
152 0 
152 0 
152 0 
152 0 
152 0 
152 0.03 
152 0.09 
152 0.12 
152 0.18 
152 0.24 
152 0.32 
152 0.36 
152 0.57 
152 0.8 
152 1.09 
152 1.38 
152 1.81 
152 2.31 
152 2.8 
152 3.4 
152 3.82 
152 4.49 
152 5.14 
152 5.9 
152 6.57 
152 7.13 
152 7.82 
152 8.65 
152 9.34 
152 9.98 
152 10.83 
152 11.45 
152 12.27 
152 12.97 
152 13.53 
152 14.33 
152 15.0 
152 15.81 
152 16.52 
152 17.31 
152 18.0 
152 18.38 
152 18.81 
152 19.45 
152 19.88 
152 20.14 
152 20.81 
152 21.47 
152 21.68 
152 22.16 
152 22.74 
152 23.31 
152 23.69 
152 24.32 
152 24.88 
152 25.3 
152 25.58 
152 26.13 
152 26.61 
152 26.99 
152 27.36 
152 27.87 
152 28.41 
152 28.83 
152 28.83 
152 29.11 
152 29.89 
152 30.18 
152 30.63 
152 30.42 
152 30.85 
152 30.9 
152 31.14 
152 31.61 
152 31.71 
152 32.07 
152 32.0 
152 31.97 
152 31.99 
152 32.39 
152 32.23 
152 32.59 
152 32.26 
152 32.35 
152 32.4 
152 32.64 
152 32.13 
152 32.24 
152 32.72 
152 32.29 
152 32.65 
152 32.35 
152 32.32 
152 32.42 
152 32.31 
152 31.93 
152 31.69 
152 31.81 
152 31.36 
152 31.23 
152 31.23 
152 30.79 
152 30.75 
152 30.55 
152 30.37 
152 29.98 
152 29.97 
152 29.79 
152 29.76 
152 29.09 
152 29.05 
152 28.71 
152 28.8 
152 28.81 
152 28.76 
152 27.65 
152 27.83 
152 27.4 
152 27.03 
152 26.65 
152 26.37 
152 25.56 
152 25.01 
152 24.29 
152 23.45 
152 22.62 
152 22.96 
152 21.34 
152 21.54 
152 21.49 
152 19.21 
152 19.13 
152 19.22 
152 18.42 
152 18.78 
152 18.11 
152 18.02 
152 17.42 
152 16.43 
152 16.08 
152 15.07 
152 14.69 
152 13.94 
152 13.31 
152 12.59 
152 11.77 
152 11.25 
152 9.82 
152 9.92 
152 8.37 
152 6.14 
152 4.62 
152 3.9 
152 5.45 
152 6.32 
152 5.33 
152 5.3 
152 3.34 
152 2.46 
152 2.58 
152 1.91 
152 1.24 
152 0.82 
152 0.8 
152 0.77 
152 0.66 
152 0.6 
152 0.56 
152 0.54 
152 0.45 
152 0.38 
152 0.31 
152 0.15 
152 0.06 
152 0 
152 0 
152 0 
152 0 
152 0 
152 0 
152 0 
152 0 
152 0 
152 0 
152 0 
152 0 
152 0 
152 0 
152 0 
152 0 
152 0 
152 0 
152 0 
152 0 
152 0 
152 0 
152 0 
152 0 
152 0 
152 0 
152 0 
152 0 
152 0 
152 0 
152 0 
152 0 
152 0 
152 0 
152 0 
152 0 
152 0 
152 0 
152 0 
152 0 
152 0 
152 0 
152 0 
152 0 
152 0 
152 0 
153 0 
153 0 
153 0 
153 0 
153 0 
153 0 
153 0 
153 0 
153 0 
153 0 
153 0 
153 0 
153 0 
153 0 
153 0 
153 0 
153 0 
153 0 
153 0 
153 0 
153 0 
153 0 
153 0 
153 0 
153 0 
153 0 
153 0 
153 0 
153 0 
153 0 
153 0 
153 0 
153 0 
153 0 
153 0 
153 0 
153 0 
153 0 
153 0 
153 0 
153 0 
153 0 
153 0 
153 0 
153 0 
153 0 
153 0 
153 0 
153 0 
153 0 
153 0 
153 0 
153 0 
153 0 
153 0 
153 0 
153 0 
153 0 
153 0 
153 0 
153 0 
153 0 
153 0 
153 0 
153 0 
153 0 
153 0 
153 0 
153 0 
153 0 
153 0 
153 0 
153 0 
153 0 
153 0.05 
153 0.14 
153 0.36 
153 0.65 
153 0.86 
153 1.21 
153 1.31 
153 1.32 
153 1.14 
153 1.17 
153 1.28 
153 1.69 
153 3.11 
153 3.79 
153 3.65 
153 4.72 
153 5.09 
153 5.47 
153 6.68 
153 7.13 
153 7.74 
153 7.96 
153 9.43 
153 10.06 
153 10.46 
153 11.22 
153 9.45 
153 13.14 
153 13.75 
153 14.87 
153 15.85 
153 16.58 
153 17.59 
153 18.21 
153 11.31 
153 9.93 
153 16.15 
153 16.52 
153 20.22 
153 19.19 
153 18.57 
153 22.28 
153 17.79 
153 23.77 
153 23.2 
153 21.51 
153 24.94 
153 17.42 
153 15.68 
153 21.55 
153 28.08 
153 27.43 
153 15.79 
153 21.75 
153 9.95 
153 33.29 
153 12.94 
153 32.68 
153 21.45 
153 26.82 
153 29.94 
153 30.18 
153 30.13 
153 30.97 
153 31.08 
153 31.23 
153 31.42 
153 31.55 
153 32.1 
153 32.42 
153 32.3 
153 32.5 
153 33.33 
153 24.75 
153 28.6 
153 33.34 
153 33.38 
153 27.12 
153 33.37 
153 33.15 
153 19.52 
153 21.2 
153 33.48 
153 33.38 
153 33.2 
153 33.42 
153 33.08 
153 33.48 
153 33.23 
153 27.48 
153 33.46 
153 31.67 
153 33.39 
153 32.1 
153 32.03 
153 32.11 
153 32.01 
153 31.96 
153 32.14 
153 33.17 
153 31.37 
153 33.32 
153 33.28 
153 32.96 
153 31.02 
153 28.29 
153 29.36 
153 29.64 
153 26.79 
153 25.93 
153 28.87 
153 28.45 
153 28.06 
153 27.55 
153 26.73 
153 26.35 
153 26.04 
153 25.45 
153 24.79 
153 24.3 
153 23.69 
153 23.09 
153 22.52 
153 22.14 
153 21.73 
153 21.12 
153 20.48 
153 20.02 
153 19.32 
153 18.68 
153 18.01 
153 17.26 
153 16.63 
153 16.02 
153 15.41 
153 14.74 
153 14.05 
153 13.33 
153 12.64 
153 11.89 
153 11.13 
153 10.41 
153 9.73 
153 9.08 
153 8.36 
153 7.67 
153 6.99 
153 6.31 
153 5.65 
153 4.98 
153 3.76 
153 2.76 
153 2.02 
153 1.55 
153 1.09 
153 1.08 
153 2.04 
153 1.77 
153 1.44 
153 1.24 
153 0.98 
153 0.79 
153 0.56 
153 0.33 
153 0.25 
153 0.12 
153 0.04 
153 0 
153 0 
153 0 
153 0 
153 0 
153 0 
153 0 
153 0 
153 0 
153 0 
153 0 
153 0 
153 0 
153 0 
153 0 
153 0 
153 0 
153 0 
153 0 
153 0 
153 0 
153 0 
153 0 
153 0 
153 0 
153 0 
153 0 
153 0 
153 0 
153 0 
153 0 
153 0 
153 0 
153 0 
153 0 
153 0 
153 0 
153 0 
153 0 
153 0 
153 0 
153 0 
153 0 
153 0 
153 0 
153 0 
153 0 
154 0 
154 0 
154 0 
154 0 
154 0 
154 0 
154 0 
154 0 
154 0 
154 0 
154 0 
154 0 
154 0 
154 0 
154 0 
154 0 
154 0 
154 0 
154 0 
154 0 
154 0 
154 0 
154 0 
154 0 
154 0 
154 0 
154 0 
154 0 
154 0 
154 0 
154 0 
154 0 
154 0 
154 0 
154 0 
154 0 
154 0 
154 0 
154 0 
154 0 
154 0 
154 0 
154 0 
154 0 
154 0 
154 0 
154 0 
154 0 
154 0 
154 0 
154 0 
154 0 
154 0 
154 0 
154 0 
154 0 
154 0 
154 0 
154 0 
154 0 
154 0 
154 0 
154 0 
154 0 
154 0 
154 0 
154 0 
154 0 
154 0 
154 0 
154 0 
154 0 
154 0 
154 0 
154 0 
154 0.03 
154 0.2 
154 0.3 
154 0.42 
154 0.57 
154 0.75 
154 0.92 
154 1.26 
154 1.64 
154 2.19 
154 2.45 
154 3.02 
154 3.58 
154 4.06 
154 4.47 
154 4.8 
154 5.46 
154 6.26 
154 6.95 
154 7.8 
154 8.54 
154 9.23 
154 9.9 
154 10.5 
154 11.36 
154 12.11 
154 12.58 
154 13.3 
154 13.28 
154 14.08 
154 15.29 
154 16.22 
154 16.96 
154 17.62 
154 18.34 
154 18.56 
154 18.54 
154 19.12 
154 19.17 
154 19.84 
154 21.06 
154 21.29 
154 21.53 
154 22.69 
154 23.29 
154 23.67 
154 24.65 
154 24.13 
154 24.77 
154 24.89 
154 24.66 
154 25.91 
154 26.14 
154 24.93 
154 27.38 
154 26.98 
154 28.47 
154 29.14 
154 29.52 
154 29.48 
154 30.44 
154 30.42 
154 30.57 
154 30.04 
154 31.2 
154 30.37 
154 32.22 
154 31.6 
154 31.98 
154 29.77 
154 27.43 
154 25.57 
154 24.5 
154 30.04 
154 29.76 
154 30.53 
154 30.48 
154 32.37 
154 28.67 
154 30.48 
154 20.44 
154 27.42 
154 27.74 
154 23.0 
154 26.04 
154 28.77 
154 26.1 
154 31.49 
154 31.26 
154 31.31 
154 16.93 
154 23.78 
154 27.28 
154 26.1 
154 22.41 
154 24.92 
154 24.45 
154 24.73 
154 26.44 
154 28.3 
154 24.92 
154 23.83 
154 24.69 
154 23.0 
154 23.25 
154 20.55 
154 16.86 
154 19.56 
154 20.75 
154 24.95 
154 26.19 
154 16.6 
154 17.64 
154 21.46 
154 18.47 
154 13.17 
154 12.53 
154 11.56 
154 12.03 
154 11.79 
154 11.27 
154 10.37 
154 10.22 
154 9.95 
154 9.07 
154 8.31 
154 8.18 
154 8.04 
154 8.77 
154 9.23 
154 11.84 
154 8.76 
154 8.09 
154 9.72 
154 9.23 
154 9.43 
154 7.93 
154 5.63 
154 5.99 
154 7.21 
154 7.75 
154 6.59 
154 7.17 
154 6.74 
154 6.14 
154 5.26 
154 5.43 
154 4.46 
154 3.95 
154 3.5 
154 3.53 
154 2.92 
154 3.67 
154 4.29 
154 5.25 
154 4.67 
154 3.53 
154 2.77 
154 2.34 
154 1.45 
154 1.03 
154 0.81 
154 0.41 
154 0.23 
154 0.25 
154 0.31 
154 0.24 
154 0 
154 0 
154 0 
154 0 
154 0 
154 0 
154 0 
154 0 
154 0 
154 0 
154 0 
154 0 
154 0 
154 0 
154 0 
154 0 
154 0 
154 0 
154 0 
154 0 
154 0 
154 0 
154 0 
154 0 
154 0 
154 0 
154 0 
154 0 
154 0 
154 0 
154 0 
154 0 
154 0 
154 0 
154 0 
154 0 
154 0 
154 0 
154 0 
154 0 
154 0 
154 0 
154 0 
154 0 
154 0 
154 0 
155 0 
155 0 
155 0 
155 0 
155 0 
155 0 
155 0 
155 0 
155 0 
155 0 
155 0 
155 0 
155 0 
155 0 
155 0 
155 0 
155 0 
155 0 
155 0 
155 0 
155 0 
155 0 
155 0 
155 0 
155 0 
155 0 
155 0 
155 0 
155 0 
155 0 
155 0 
155 0 
155 0 
155 0 
155 0 
155 0 
155 0 
155 0 
155 0 
155 0 
155 0 
155 0 
155 0 
155 0 
155 0 
155 0 
155 0 
155 0 
155 0 
155 0 
155 0 
155 0 
155 0 
155 0 
155 0 
155 0 
155 0 
155 0 
155 0 
155 0 
155 0 
155 0 
155 0 
155 0 
155 0 
155 0 
155 0 
155 0 
155 0 
155 0 
155 0 
155 0 
155 0 
155 0 
155 0.02 
155 0.29 
155 0.61 
155 0.68 
155 0.64 
155 0.57 
155 0.54 
155 0.67 
155 1.02 
155 0.95 
155 0.85 
155 1.31 
155 1.99 
155 2.45 
155 2.89 
155 3.2 
155 3.28 
155 3.71 
155 3.94 
155 4.31 
155 3.48 
155 3.23 
155 3.56 
155 4.16 
155 3.8 
155 4.11 
155 5.58 
155 6.28 
155 5.66 
155 6.14 
155 7.36 
155 8.59 
155 8.6 
155 9.01 
155 8.73 
155 7.48 
155 6.96 
155 6.78 
155 6.69 
155 6.41 
155 5.95 
155 5.47 
155 5.21 
155 5.45 
155 5.32 
155 5.01 
155 5.72 
155 5.75 
155 5.94 
155 6.49 
155 7.42 
155 6.74 
155 6.09 
155 7.9 
155 9.5 
155 11.87 
155 11.42 
155 9.43 
155 9.06 
155 9.0 
155 7.82 
155 7.94 
155 8.36 
155 9.03 
155 12.21 
155 10.78 
155 10.45 
155 12.15 
155 15.74 
155 18.63 
155 17.81 
155 17.16 
155 19.0 
155 26.88 
155 19.37 
155 18.42 
155 15.73 
155 14.84 
155 17.83 
155 20.52 
155 20.58 
155 22.36 
155 18.83 
155 19.79 
155 17.91 
155 17.87 
155 18.34 
155 18.65 
155 17.43 
155 21.09 
155 21.19 
155 19.72 
155 17.95 
155 20.43 
155 19.55 
155 18.51 
155 16.55 
155 15.76 
155 13.05 
155 11.74 
155 11.88 
155 11.21 
155 10.53 
155 10.77 
155 9.75 
155 10.81 
155 11.77 
155 18.69 
155 17.22 
155 20.13 
155 19.94 
155 23.08 
155 17.03 
155 20.44 
155 16.85 
155 15.99 
155 15.42 
155 17.17 
155 12.8 
155 16.18 
155 19.86 
155 20.19 
155 14.35 
155 19.36 
155 16.92 
155 15.45 
155 14.13 
155 13.68 
155 17.76 
155 11.31 
155 11.4 
155 11.23 
155 8.45 
155 11.99 
155 9.36 
155 8.32 
155 8.22 
155 5.67 
155 5.57 
155 5.44 
155 7.85 
155 9.63 
155 8.45 
155 5.63 
155 6.8 
155 6.73 
155 5.15 
155 5.76 
155 5.66 
155 4.84 
155 3.76 
155 2.82 
155 1.48 
155 1.34 
155 1.16 
155 1.01 
155 0.88 
155 1.08 
155 0.93 
155 1.12 
155 1.29 
155 1.05 
155 0.52 
155 0.14 
155 0.22 
155 0.1 
155 0 
155 0 
155 0 
155 0 
155 0 
155 0 
155 0 
155 0 
155 0 
155 0 
155 0 
155 0 
155 0 
155 0 
155 0 
155 0 
155 0 
155 0 
155 0 
155 0 
155 0 
155 0 
155 0 
155 0 
155 0 
155 0 
155 0 
155 0 
155 0 
155 0 
155 0 
155 0 
155 0 
155 0 
155 0 
155 0 
155 0 
155 0 
155 0 
155 0 
155 0 
155 0 
155 0 
155 0 
155 0 
155 0 
155 0 
155 0 
156 0 
156 0 
156 0 
156 0 
156 0 
156 0 
156 0 
156 0 
156 0 
156 0 
156 0 
156 0 
156 0 
156 0 
156 0 
156 0 
156 0 
156 0 
156 0 
156 0 
156 0 
156 0 
156 0 
156 0 
156 0 
156 0 
156 0 
156 0 
156 0 
156 0 
156 0 
156 0 
156 0 
156 0 
156 0 
156 0 
156 0 
156 0 
156 0 
156 0 
156 0 
156 0 
156 0 
156 0 
156 0 
156 0 
156 0 
156 0 
156 0 
156 0 
156 0 
156 0 
156 0 
156 0 
156 0 
156 0 
156 0 
156 0 
156 0 
156 0 
156 0 
156 0 
156 0 
156 0 
156 0 
156 0 
156 0 
156 0 
156 0 
156 0 
156 0 
156 0 
156 0 
156 0 
156 0 
156 0 
156 0 
156 0 
156 0 
156 0 
156 0 
156 0 
156 0 
156 0 
156 0 
156 0 
156 0 
156 0 
156 0 
156 0 
156 0 
156 0 
156 0 
156 0 
156 0 
156 0 
156 0 
156 0 
156 0 
156 0 
156 0 
156 0 
156 0 
156 0 
156 0 
156 0 
156 0 
156 0 
156 0 
156 0 
156 0 
156 0 
156 0 
156 0 
156 0 
156 0 
156 0 
156 0 
156 0 
156 0 
156 0 
156 0 
156 0 
156 0 
156 0 
156 0 
156 0 
156 0 
156 0 
156 0 
156 0 
156 0 
156 0 
156 0 
156 0 
156 0 
156 0 
156 0 
156 0 
156 0 
156 0 
156 0 
156 0 
156 0 
156 0 
156 0 
156 0 
156 0 
156 0 
156 0 
156 0 
156 0 
156 0 
156 0 
156 0 
156 0 
156 0 
156 0 
156 0 
156 0 
156 0 
156 0 
156 0 
156 0 
156 0 
156 0 
156 0 
156 0 
156 0 
156 0 
156 0 
156 0 
156 0 
156 0 
156 0 
156 0 
156 0 
156 33.53 
156 21.71 
156 16.95 
156 13.24 
156 17.3 
156 15.76 
156 16.75 
156 31.94 
156 33.09 
156 30.78 
156 12.06 
156 8.18 
156 8.26 
156 10.51 
156 12.75 
156 11.13 
156 33.31 
156 16.62 
156 11.45 
156 10.8 
156 10.68 
156 15.26 
156 26.49 
156 25.42 
156 25.87 
156 22.63 
156 21.31 
156 20.56 
156 16.51 
156 11.38 
156 19.91 
156 20.25 
156 8.24 
156 7.53 
156 16.79 
156 16.95 
156 15.61 
156 14.42 
156 13.72 
156 12.14 
156 12.19 
156 12.53 
156 14.3 
156 12.55 
156 8.94 
156 5.77 
156 8.52 
156 5.76 
156 4.08 
156 4.05 
156 3.94 
156 6.2 
156 4.34 
156 3.87 
156 3.09 
156 2.43 
156 1.99 
156 1.7 
156 1.31 
156 0.94 
156 0.84 
156 0.73 
156 0.58 
156 0.58 
156 0.4 
156 0.24 
156 0.08 
156 0 
156 0 
156 0 
156 0 
156 0 
156 0 
156 0 
156 0 
156 0 
156 0 
156 0 
156 0 
156 0 
156 0 
156 0 
156 0 
156 0 
156 0 
156 0 
156 0 
156 0 
156 0 
156 0 
156 0 
156 0 
156 0 
156 0 
156 0 
156 0 
156 0 
156 0 
156 0 
156 0 
156 0 
156 0 
156 0 
156 0 
156 0 
156 0 
156 0 
156 0 
156 0 
156 0 
156 0 
157 0 
157 0 
157 0 
157 0 
157 0 
157 0 
157 0 
157 0 
157 0 
157 0 
157 0 
157 0 
157 0 
157 0 
157 0 
157 0 
157 0 
157 0 
157 0 
157 0 
157 0 
157 0 
157 0 
157 0 
157 0 
157 0 
157 0 
157 0 
157 0 
157 0 
157 0 
157 0 
157 0 
157 0 
157 0 
157 0 
157 0 
157 0 
157 0 
157 0 
157 0 
157 0 
157 0 
157 0 
157 0 
157 0 
157 0 
157 0 
157 0 
157 0 
157 0 
157 0 
157 0 
157 0 
157 0 
157 0 
157 0 
157 0 
157 0 
157 0 
157 0 
157 0 
157 0 
157 0 
157 0 
157 0 
157 0 
157 0 
157 0 
157 0 
157 0 
157 0 
157 0 
157 0 
157 0 
157 0 
157 0 
157 0 
157 0 
157 0 
157 0 
157 0 
157 0 
157 0 
157 0 
157 0 
157 0 
157 0 
157 0 
157 0 
157 0 
157 0 
157 0 
157 0 
157 8.6 
157 9.37 
157 10.13 
157 11.04 
157 11.59 
157 12.41 
157 13.09 
157 13.77 
157 14.61 
157 15.36 
157 16.05 
157 16.77 
157 17.5 
157 18.29 
157 18.98 
157 19.58 
157 20.09 
157 20.27 
157 21.21 
157 21.88 
157 22.4 
157 23.05 
157 23.25 
157 23.73 
157 24.11 
157 24.53 
157 25.04 
157 25.6 
157 26.17 
157 26.52 
157 26.91 
157 27.39 
157 28.15 
157 28.35 
157 28.66 
157 29.08 
157 29.69 
157 30.06 
157 30.29 
157 30.69 
157 31.42 
157 31.85 
157 32.12 
157 32.06 
157 32.3 
157 32.55 
157 33.03 
157 33.24 
157 33.12 
157 33.16 
157 33.23 
157 33.23 
157 33.33 
157 33.26 
157 33.47 
157 33.23 
157 33.22 
157 33.37 
157 33.35 
157 33.28 
157 33.29 
157 33.3 
157 33.36 
157 33.39 
157 33.32 
157 33.23 
157 33.34 
157 33.5 
157 33.44 
157 33.15 
157 33.36 
157 33.4 
157 33.4 
157 33.04 
157 32.76 
157 32.56 
157 32.36 
157 32.18 
157 32.07 
157 31.66 
157 31.43 
157 31.46 
157 31.53 
157 31.59 
157 31.25 
157 30.97 
157 30.91 
157 30.57 
157 30.19 
157 29.79 
157 29.67 
157 29.14 
157 28.66 
157 28.17 
157 27.88 
157 27.05 
157 26.9 
157 26.81 
157 26.31 
157 25.71 
157 25.46 
157 24.81 
157 24.29 
157 23.76 
157 23.04 
157 22.53 
157 22.0 
157 21.29 
157 20.65 
157 19.91 
157 19.22 
157 18.67 
157 18.07 
157 17.45 
157 16.71 
157 15.99 
157 15.23 
157 14.47 
157 13.67 
157 12.96 
157 12.1 
157 11.41 
157 10.63 
157 9.96 
157 9.2 
157 8.39 
157 7.67 
157 6.96 
157 6.28 
157 5.56 
157 4.94 
157 4.24 
157 3.83 
157 3.18 
157 2.67 
157 2.15 
157 1.76 
157 1.4 
157 1.11 
157 0.9 
157 0.75 
157 0.68 
157 0.63 
157 0.38 
157 0.27 
157 0.27 
157 0.19 
157 0.13 
157 0.06 
157 0 
157 0 
157 0 
157 0 
157 0 
157 0 
157 0 
157 0 
157 0 
157 0 
157 0 
157 0 
157 0 
157 0 
157 0 
157 0 
157 0 
157 0 
157 0 
157 0 
157 0 
157 0 
157 0 
157 0 
157 0 
157 0 
157 0 
157 0 
157 0 
157 0 
157 0 
157 0 
157 0 
157 0 
157 0 
157 0 
157 0 
157 0 
157 0 
157 0 
157 0 
157 0 
157 0 
157 0 
157 0 
158 0 
158 0 
158 0 
158 0 
158 0 
158 0 
158 0 
158 0 
158 0 
158 0 
158 0 
158 0 
158 0 
158 0 
158 0 
158 0 
158 0 
158 0 
158 0 
158 0 
158 0 
158 0 
158 0 
158 0 
158 0 
158 0 
158 0 
158 0 
158 0 
158 0 
158 0 
158 0 
158 0 
158 0 
158 0 
158 0 
158 0 
158 0 
158 0 
158 0 
158 0 
158 0 
158 0 
158 0 
158 0 
158 0 
158 0 
158 0 
158 0 
158 0 
158 0 
158 0 
158 0 
158 0 
158 0 
158 0 
158 0 
158 0 
158 0 
158 0 
158 0 
158 0 
158 0 
158 0 
158 0 
158 0 
158 0 
158 0 
158 0 
158 0 
158 0 
158 0 
158 0 
158 0 
158 0 
158 0 
158 0 
158 0 
158 0 
158 0 
158 0 
158 0 
158 0 
158 0 
158 0 
158 0 
158 0 
158 0 
158 0 
158 0 
158 0 
158 0 
158 0 
158 0 
158 7.39 
158 8.74 
158 9.49 
158 10.34 
158 11.04 
158 11.71 
158 12.57 
158 13.35 
158 14.11 
158 14.73 
158 15.31 
158 16.19 
158 16.86 
158 17.52 
158 18.26 
158 18.81 
158 19.25 
158 20.09 
158 20.34 
158 21.09 
158 21.43 
158 21.99 
158 21.98 
158 22.76 
158 23.9 
158 22.57 
158 24.47 
158 25.31 
158 25.78 
158 24.9 
158 24.8 
158 26.86 
158 27.07 
158 28.08 
158 28.77 
158 28.31 
158 22.13 
158 24.63 
158 26.33 
158 30.31 
158 26.61 
158 27.56 
158 28.19 
158 29.38 
158 30.39 
158 29.76 
158 28.86 
158 32.11 
158 30.67 
158 31.28 
158 30.11 
158 29.22 
158 26.97 
158 28.6 
158 30.19 
158 24.2 
158 28.2 
158 27.0 
158 25.02 
158 24.96 
158 28.12 
158 30.26 
158 31.7 
158 32.54 
158 29.65 
158 30.48 
158 27.78 
158 33.18 
158 33.39 
158 33.35 
158 32.87 
158 30.58 
158 15.2 
158 21.88 
158 30.24 
158 30.87 
158 32.89 
158 33.4 
158 33.36 
158 25.33 
158 30.71 
158 30.53 
158 30.7 
158 32.71 
158 31.21 
158 32.17 
158 27.79 
158 31.4 
158 29.65 
158 29.22 
158 29.85 
158 29.71 
158 24.07 
158 29.01 
158 28.72 
158 28.03 
158 27.7 
158 27.41 
158 24.42 
158 26.63 
158 24.87 
158 26.39 
158 25.34 
158 23.98 
158 23.57 
158 22.6 
158 17.93 
158 21.4 
158 21.66 
158 20.47 
158 18.9 
158 18.81 
158 18.5 
158 12.55 
158 13.95 
158 15.8 
158 12.92 
158 15.92 
158 13.94 
158 13.71 
158 12.09 
158 11.74 
158 11.09 
158 10.23 
158 9.37 
158 8.47 
158 7.71 
158 6.96 
158 6.26 
158 5.56 
158 4.83 
158 4.22 
158 3.61 
158 3.18 
158 2.65 
158 1.64 
158 1.46 
158 0.91 
158 0.65 
158 0.34 
158 0.3 
158 0.43 
158 0.5 
158 0.4 
158 0.34 
158 0.3 
158 0.19 
158 0.14 
158 0.13 
158 0.03 
158 0 
158 0 
158 0 
158 0 
158 0 
158 0 
158 0 
158 0 
158 0 
158 0 
158 0 
158 0 
158 0 
158 0 
158 0 
158 0 
158 0 
158 0 
158 0 
158 0 
158 0 
158 0 
158 0 
158 0 
158 0 
158 0 
158 0 
158 0 
158 0 
158 0 
158 0 
158 0 
158 0 
158 0 
158 0 
158 0 
158 0 
158 0 
158 0 
158 0 
158 0 
158 0 
158 0 
158 0 
159 0 
159 0 
159 0 
159 0 
159 0 
159 0 
159 0 
159 0 
159 0 
159 0 
159 0 
159 0 
159 0 
159 0 
159 0 
159 0 
159 0 
159 0 
159 0 
159 0 
159 0 
159 0 
159 0 
159 0 
159 0 
159 0 
159 0 
159 0 
159 0 
159 0 
159 0 
159 0 
159 0 
159 0 
159 0 
159 0 
159 0 
159 0 
159 0 
159 0 
159 0 
159 0 
159 0 
159 0 
159 0 
159 0 
159 0 
159 0 
159 0 
159 0 
159 0 
159 0 
159 0 
159 0 
159 0 
159 0 
159 0 
159 0 
159 0 
159 0 
159 0 
159 0 
159 0 
159 0 
159 0 
159 0 
159 0 
159 0 
159 0 
159 0 
159 0 
159 0 
159 0 
159 0.15 
159 0.31 
159 0.53 
159 0.6 
159 0.78 
159 0.89 
159 1.05 
159 1.27 
159 1.6 
159 1.97 
159 2.28 
159 2.51 
159 2.81 
159 3.47 
159 3.16 
159 3.29 
159 3.16 
159 3.97 
159 4.78 
159 6.12 
159 7.42 
159 8.34 
159 7.76 
159 10.81 
159 8.2 
159 11.93 
159 12.51 
159 5.64 
159 6.04 
159 15.04 
159 16.19 
159 16.82 
159 14.77 
159 14.32 
159 15.87 
159 18.29 
159 17.95 
159 14.54 
159 10.24 
159 9.86 
159 10.49 
159 25.93 
159 20.21 
159 15.89 
159 13.88 
159 21.14 
159 16.83 
159 23.13 
159 24.96 
159 25.51 
159 25.28 
159 26.06 
159 26.58 
159 27.16 
159 27.5 
159 27.69 
159 28.13 
159 28.68 
159 29.15 
159 27.58 
159 30.05 
159 30.01 
159 30.65 
159 30.49 
159 31.82 
159 30.37 
159 29.14 
159 32.54 
159 32.21 
159 32.82 
159 32.39 
159 32.56 
159 32.62 
159 32.83 
159 33.2 
159 33.44 
159 32.08 
159 29.69 
159 33.46 
159 30.95 
159 29.85 
159 30.79 
159 28.97 
159 33.21 
159 33.45 
159 33.42 
159 22.55 
159 26.11 
159 22.05 
159 24.64 
159 33.24 
159 31.63 
159 33.25 
159 32.7 
159 32.67 
159 31.99 
159 31.77 
159 31.2 
159 31.71 
159 30.62 
159 30.34 
159 29.42 
159 30.42 
159 30.2 
159 29.1 
159 29.56 
159 29.38 
159 29.45 
159 29.21 
159 28.16 
159 28.81 
159 28.09 
159 28.2 
159 27.6 
159 26.39 
159 25.99 
159 24.94 
159 24.61 
159 22.06 
159 25.06 
159 22.59 
159 23.04 
159 12.98 
159 16.66 
159 23.41 
159 18.76 
159 14.74 
159 21.25 
159 18.61 
159 15.26 
159 21.94 
159 19.81 
159 17.81 
159 17.02 
159 12.38 
159 16.81 
159 12.9 
159 13.13 
159 6.03 
159 16.12 
159 14.91 
159 11.48 
159 11.92 
159 7.23 
159 10.11 
159 9.44 
159 6.66 
159 4.01 
159 6.69 
159 6.59 
159 6.56 
159 5.67 
159 5.46 
159 4.68 
159 3.86 
159 3.17 
159 2.23 
159 1.73 
159 1.38 
159 1.1 
159 0.84 
159 0.68 
159 0.52 
159 0.52 
159 0.28 
159 0.15 
159 0.07 
159 0 
159 0 
159 0 
159 0 
159 0 
159 0 
159 0 
159 0 
159 0 
159 0 
159 0 
159 0 
159 0 
159 0 
159 0 
159 0 
159 0 
159 0 
159 0 
159 0 
159 0 
159 0 
159 0 
159 0 
159 0 
159 0 
159 0 
159 0 
159 0 
159 0 
159 0 
159 0 
159 0 
159 0 
159 0 
159 0 
159 0 
159 0 
159 0 
159 0 
159 0 
159 0 
159 0 
159 0 
159 0 
159 0 
159 0 
159 0 
160 0 
160 0 
160 0 
160 0 
160 0 
160 0 
160 0 
160 0 
160 0 
160 0 
160 0 
160 0 
160 0 
160 0 
160 0 
160 0 
160 0 
160 0 
160 0 
160 0 
160 0 
160 0 
160 0 
160 0 
160 0 
160 0 
160 0 
160 0 
160 0 
160 0 
160 0 
160 0 
160 0 
160 0 
160 0 
160 0 
160 0 
160 0 
160 0 
160 0 
160 0 
160 0 
160 0 
160 0 
160 0 
160 0 
160 0 
160 0 
160 0 
160 0 
160 0 
160 0 
160 0 
160 0 
160 0 
160 0 
160 0 
160 0 
160 0 
160 0 
160 0 
160 0 
160 0 
160 0 
160 0 
160 0 
160 0 
160 0 
160 0 
160 0 
160 0 
160 0 
160 0 
160 0 
160 0 
160 0 
160 0 
160 0 
160 0 
160 0 
160 0 
160 0 
160 0 
160 0 
160 0 
160 0 
160 0 
160 0 
160 0 
160 0 
160 0 
160 0 
160 0 
160 0 
160 8.39 
160 8.12 
160 9.65 
160 10.46 
160 11.06 
160 11.72 
160 12.41 
160 13.23 
160 14.14 
160 14.75 
160 15.56 
160 16.05 
160 16.76 
160 16.57 
160 18.15 
160 18.9 
160 19.62 
160 19.98 
160 20.36 
160 20.92 
160 21.37 
160 21.79 
160 22.1 
160 22.51 
160 23.03 
160 23.37 
160 23.8 
160 24.45 
160 24.89 
160 25.44 
160 25.8 
160 26.45 
160 26.98 
160 27.39 
160 27.3 
160 28.06 
160 28.31 
160 28.93 
160 29.02 
160 29.25 
160 29.69 
160 30.12 
160 30.34 
160 30.58 
160 30.87 
160 31.14 
160 30.5 
160 31.26 
160 30.73 
160 31.51 
160 31.71 
160 31.83 
160 31.81 
160 31.56 
160 31.91 
160 31.59 
160 32.29 
160 32.27 
160 31.96 
160 32.7 
160 32.66 
160 32.77 
160 32.5 
160 31.5 
160 32.45 
160 31.56 
160 32.73 
160 32.85 
160 31.45 
160 30.07 
160 28.69 
160 30.58 
160 33.44 
160 33.4 
160 33.42 
160 33.21 
160 30.09 
160 20.98 
160 17.29 
160 15.95 
160 20.66 
160 24.84 
160 20.63 
160 18.06 
160 31.23 
160 32.96 
160 32.74 
160 23.91 
160 30.25 
160 30.92 
160 18.58 
160 9.15 
160 12.56 
160 30.88 
160 30.37 
160 29.05 
160 27.41 
160 26.28 
160 25.42 
160 25.03 
160 24.32 
160 21.85 
160 22.88 
160 22.09 
160 20.87 
160 21.89 
160 22.94 
160 20.8 
160 18.15 
160 15.43 
160 11.88 
160 6.48 
160 6.14 
160 6.8 
160 7.38 
160 7.13 
160 6.7 
160 6.14 
160 5.78 
160 5.3 
160 5.63 
160 7.9 
160 7.69 
160 6.42 
160 6.48 
160 6.09 
160 5.02 
160 4.59 
160 7.31 
160 4.12 
160 3.58 
160 3.41 
160 3.56 
160 3.11 
160 2.73 
160 2.48 
160 2.03 
160 1.63 
160 1.42 
160 1.56 
160 1.12 
160 0.96 
160 0.95 
160 0.91 
160 0.82 
160 0.8 
160 0.76 
160 0.67 
160 0.47 
160 0.32 
160 0.16 
160 0.06 
160 0 
160 0 
160 0 
160 0 
160 0 
160 0 
160 0 
160 0 
160 0 
160 0 
160 0 
160 0 
160 0 
160 0 
160 0 
160 0 
160 0 
160 0 
160 0 
160 0 
160 0 
160 0 
160 0 
160 0 
160 0 
160 0 
160 0 
160 0 
160 0 
160 0 
160 0 
160 0 
160 0 
160 0 
160 0 
160 0 
160 0 
160 0 
160 0 
160 0 
160 0 
160 0 
161 0 
161 0 
161 0 
161 0 
161 0 
161 0 
161 0 
161 0 
161 0 
161 0 
161 0 
161 0 
161 0 
161 0 
161 0 
161 0 
161 0 
161 0 
161 0 
161 0 
161 0 
161 0 
161 0 
161 0 
161 0 
161 0 
161 0 
161 0 
161 0 
161 0 
161 0 
161 0 
161 0 
161 0 
161 0 
161 0 
161 0 
161 0 
161 0 
161 0 
161 0 
161 0 
161 0 
161 0 
161 0 
161 0 
161 0 
161 0 
161 0 
161 0 
161 0 
161 0 
161 0 
161 0 
161 0 
161 0 
161 0 
161 0 
161 0 
161 0 
161 0 
161 0 
161 0 
161 0 
161 0 
161 0 
161 0 
161 0 
161 0 
161 0 
161 0 
161 0 
161 0 
161 0 
161 0 
161 0 
161 0 
161 0.01 
161 0.05 
161 0.16 
161 0.34 
161 0.6 
161 0.81 
161 1.13 
161 1.53 
161 2.01 
161 2.57 
161 3.06 
161 3.9 
161 4.58 
161 5.19 
161 6.06 
161 6.67 
161 7.42 
161 8.13 
161 8.82 
161 9.66 
161 10.38 
161 11.01 
161 11.91 
161 12.59 
161 13.25 
161 14.16 
161 14.7 
161 15.53 
161 16.27 
161 16.95 
161 17.51 
161 18.27 
161 18.94 
161 19.5 
161 19.98 
161 20.3 
161 20.79 
161 21.16 
161 21.68 
161 21.77 
161 22.07 
161 22.52 
161 23.09 
161 23.55 
161 24.03 
161 24.68 
161 24.97 
161 25.55 
161 26.22 
161 26.46 
161 27.0 
161 27.24 
161 27.68 
161 28.09 
161 28.22 
161 28.41 
161 28.95 
161 29.55 
161 29.84 
161 30.09 
161 30.06 
161 30.24 
161 30.79 
161 30.76 
161 30.92 
161 31.21 
161 31.14 
161 31.27 
161 31.31 
161 31.33 
161 31.28 
161 31.71 
161 31.84 
161 31.83 
161 31.85 
161 32.05 
161 31.96 
161 31.87 
161 31.76 
161 31.73 
161 31.72 
161 31.49 
161 31.49 
161 32.02 
161 31.31 
161 31.3 
161 31.67 
161 31.43 
161 31.98 
161 30.66 
161 31.13 
161 31.11 
161 31.2 
161 30.91 
161 30.93 
161 30.74 
161 30.39 
161 28.49 
161 28.96 
161 27.96 
161 31.08 
161 21.48 
161 22.82 
161 19.23 
161 27.8 
161 26.5 
161 23.55 
161 25.04 
161 29.81 
161 28.44 
161 28.23 
161 24.0 
161 26.07 
161 26.29 
161 23.38 
161 24.32 
161 25.45 
161 24.98 
161 24.15 
161 22.27 
161 21.14 
161 22.55 
161 22.2 
161 20.86 
161 20.01 
161 20.14 
161 18.66 
161 17.95 
161 17.06 
161 18.14 
161 17.52 
161 16.31 
161 16.45 
161 14.12 
161 11.61 
161 13.96 
161 13.24 
161 12.37 
161 11.39 
161 10.5 
161 6.63 
161 2.56 
161 5.28 
161 4.82 
161 6.57 
161 7.36 
161 6.69 
161 5.07 
161 4.24 
161 3.92 
161 3.36 
161 2.9 
161 2.36 
161 1.89 
161 1.46 
161 1.1 
161 0.87 
161 0.63 
161 0.53 
161 0.52 
161 0.34 
161 0.15 
161 0.07 
161 0.06 
161 0.08 
161 0 
161 0 
161 0 
161 0 
161 0 
161 0 
161 0 
161 0 
161 0 
161 0 
161 0 
161 0 
161 0 
161 0 
161 0 
161 0 
161 0 
161 0 
161 0 
161 0 
161 0 
161 0 
161 0 
161 0 
161 0 
161 0 
161 0 
161 0 
161 0 
161 0 
161 0 
161 0 
161 0 
161 0 
161 0 
161 0 
161 0 
161 0 
161 0 
161 0 
161 0 
161 0 
161 0 
161 0 
161 0 
161 0 
162 0 
162 0 
162 0 
162 0 
162 0 
162 0 
162 0 
162 0 
162 0 
162 0 
162 0 
162 0 
162 0 
162 0 
162 0 
162 0 
162 0 
162 0 
162 0 
162 0 
162 0 
162 0 
162 0 
162 0 
162 0 
162 0 
162 0 
162 0 
162 0 
162 0 
162 0 
162 0 
162 0 
162 0 
162 0 
162 0 
162 0 
162 0 
162 0 
162 0 
162 0 
162 0 
162 0 
162 0 
162 0 
162 0 
162 0 
162 0 
162 0 
162 0 
162 0 
162 0 
162 0 
162 0 
162 0 
162 0 
162 0 
162 0 
162 0 
162 0 
162 0 
162 0 
162 0 
162 0 
162 0 
162 0 
162 0 
162 0 
162 0 
162 0 
162 0 
162 0 
162 0 
162 0 
162 0 
162 0 
162 0.03 
162 0.13 
162 0.12 
162 0.16 
162 0.33 
162 0.45 
162 0.48 
162 0.52 
162 0.5 
162 0.42 
162 0.6 
162 0.86 
162 1.54 
162 4.64 
162 5.36 
162 6.0 
162 6.66 
162 7.35 
162 8.01 
162 8.75 
162 9.43 
162 10.14 
162 10.81 
162 11.52 
162 12.26 
162 13.06 
162 13.86 
162 14.5 
162 15.22 
162 15.76 
162 16.41 
162 17.15 
162 17.66 
162 18.24 
162 19.01 
162 19.38 
162 19.72 
162 20.08 
162 20.61 
162 21.16 
162 21.23 
162 21.77 
162 22.11 
162 22.59 
162 23.09 
162 23.62 
162 24.05 
162 24.4 
162 24.81 
162 25.39 
162 25.87 
162 26.22 
162 26.62 
162 26.93 
162 27.72 
162 28.03 
162 28.38 
162 28.5 
162 28.95 
162 29.54 
162 29.7 
162 29.79 
162 29.96 
162 30.13 
162 30.23 
162 30.53 
162 30.56 
162 30.89 
162 30.61 
162 30.94 
162 31.25 
162 31.05 
162 30.97 
162 31.29 
162 31.51 
162 31.73 
162 31.62 
162 31.71 
162 32.01 
162 32.15 
162 32.54 
162 32.48 
162 32.48 
162 32.88 
162 32.39 
162 32.72 
162 32.77 
162 32.48 
162 32.65 
162 32.53 
162 32.5 
162 32.41 
162 32.26 
162 32.06 
162 32.02 
162 32.03 
162 31.69 
162 31.58 
162 31.5 
162 31.16 
162 30.88 
162 30.77 
162 30.52 
162 30.4 
162 30.04 
162 29.65 
162 29.3 
162 28.93 
162 28.61 
162 28.26 
162 28.06 
162 27.65 
162 27.47 
162 26.77 
162 26.27 
162 25.97 
162 25.47 
162 24.86 
162 24.53 
162 23.9 
162 23.4 
162 22.77 
162 0 
162 21.55 
162 21.22 
162 20.67 
162 20.11 
162 19.54 
162 18.99 
162 18.28 
162 17.75 
162 17.1 
162 17.21 
162 16.68 
162 16.13 
162 15.34 
162 14.23 
162 13.31 
162 12.38 
162 11.4 
162 10.53 
162 9.74 
162 8.99 
162 8.37 
162 7.58 
162 6.33 
162 5.76 
162 4.96 
162 4.95 
162 4.27 
162 3.83 
162 3.11 
162 2.54 
162 2.06 
162 1.6 
162 1.22 
162 0.99 
162 0.74 
162 0.56 
162 0.46 
162 0.43 
162 0.38 
162 0.16 
162 0.09 
162 0.1 
162 0.06 
162 0 
162 0 
162 0 
162 0 
162 0 
162 0 
162 0 
162 0 
162 0 
162 0 
162 0 
162 0 
162 0 
162 0 
162 0 
162 0 
162 0 
162 0 
162 0 
162 0 
162 0 
162 0 
162 0 
162 0 
162 0 
162 0 
162 0 
162 0 
162 0 
162 0 
162 0 
162 0 
162 0 
162 0 
162 0 
162 0 
162 0 
162 0 
162 0 
162 0 
162 0 
162 0 
162 0 
162 0 
162 0 
162 0 
163 0 
163 0 
163 0 
163 0 
163 0 
163 0 
163 0 
163 0 
163 0 
163 0 
163 0 
163 0 
163 0 
163 0 
163 0 
163 0 
163 0 
163 0 
163 0 
163 0 
163 0 
163 0 
163 0 
163 0 
163 0 
163 0 
163 0 
163 0 
163 0 
163 0 
163 0 
163 0 
163 0 
163 0 
163 0 
163 0 
163 0 
163 0 
163 0 
163 0 
163 0 
163 0 
163 0 
163 0 
163 0 
163 0 
163 0 
163 0 
163 0 
163 0 
163 0 
163 0 
163 0 
163 0 
163 0 
163 0 
163 0 
163 0 
163 0 
163 0 
163 0 
163 0 
163 0 
163 0 
163 0 
163 0 
163 0 
163 0 
163 0 
163 0 
163 0 
163 0 
163 0 
163 0 
163 0 
163 0.01 
163 0.05 
163 0.18 
163 0.33 
163 0.85 
163 1.0 
163 1.15 
163 0.97 
163 1.27 
163 1.6 
163 2.55 
163 3.48 
163 5.53 
163 4.61 
163 5.84 
163 2.99 
163 3.84 
163 6.65 
163 4.15 
163 3.62 
163 3.23 
163 3.08 
163 4.13 
163 3.03 
163 4.52 
163 3.62 
163 3.81 
163 3.76 
163 3.24 
163 3.98 
163 3.95 
163 3.01 
163 3.59 
163 3.74 
163 4.56 
163 4.6 
163 3.23 
163 4.08 
163 4.23 
163 4.12 
163 4.23 
163 4.68 
163 4.53 
163 4.84 
163 5.1 
163 6.49 
163 5.69 
163 6.89 
163 8.26 
163 9.36 
163 7.47 
163 7.7 
163 7.96 
163 8.16 
163 8.82 
163 11.56 
163 8.87 
163 7.58 
163 7.9 
163 10.8 
163 10.36 
163 9.16 
163 12.0 
163 11.67 
163 10.92 
163 9.47 
163 10.66 
163 8.22 
163 14.42 
163 11.27 
163 12.07 
163 16.74 
163 23.2 
163 9.93 
163 10.8 
163 10.99 
163 12.4 
163 9.77 
163 22.01 
163 13.41 
163 11.02 
163 9.07 
163 12.17 
163 9.31 
163 11.77 
163 10.69 
163 11.8 
163 19.24 
163 33.38 
163 14.15 
163 14.06 
163 11.48 
163 15.07 
163 20.41 
163 22.43 
163 21.0 
163 14.69 
163 16.2 
163 22.11 
163 13.04 
163 13.75 
163 31.66 
163 23.89 
163 16.79 
163 26.39 
163 33.34 
163 33.31 
163 33.31 
163 33.47 
163 33.27 
163 20.0 
163 15.04 
163 13.57 
163 14.3 
163 24.77 
163 30.19 
163 29.47 
163 29.12 
163 26.39 
163 24.89 
163 24.48 
163 24.06 
163 24.51 
163 6.24 
163 11.76 
163 7.08 
163 6.61 
163 24.49 
163 20.45 
163 19.4 
163 18.55 
163 18.03 
163 17.37 
163 17.58 
163 3.04 
163 14.52 
163 15.25 
163 14.9 
163 13.95 
163 2.52 
163 12.43 
163 11.69 
163 10.27 
163 9.47 
163 8.89 
163 7.85 
163 7.02 
163 6.42 
163 5.71 
163 4.98 
163 4.35 
163 3.95 
163 3.37 
163 2.7 
163 2.22 
163 1.79 
163 1.41 
163 1.09 
163 0.91 
163 0.69 
163 0.56 
163 0.5 
163 0.49 
163 0.24 
163 0.17 
163 0.15 
163 0.11 
163 0.04 
163 0.04 
163 0 
163 0 
163 0 
163 0 
163 0 
163 0 
163 0 
163 0 
163 0 
163 0 
163 0 
163 0 
163 0 
163 0 
163 0 
163 0 
163 0 
163 0 
163 0 
163 0 
163 0 
163 0 
163 0 
163 0 
163 0 
163 0 
163 0 
163 0 
163 0 
163 0 
163 0 
163 0 
163 0 
163 0 
163 0 
163 0 
163 0 
163 0 
163 0 
163 0 
163 0 
163 0 
163 0 
163 0 
164 0 
164 0 
164 0 
164 0 
164 0 
164 0 
164 0 
164 0 
164 0 
164 0 
164 0 
164 0 
164 0 
164 0 
164 0 
164 0 
164 0 
164 0 
164 0 
164 0 
164 0 
164 0 
164 0 
164 0 
164 0 
164 0 
164 0 
164 0 
164 0 
164 0 
164 0 
164 0 
164 0 
164 0 
164 0 
164 0 
164 0 
164 0 
164 0 
164 0 
164 0 
164 0 
164 0 
164 0 
164 0 
164 0 
164 0 
164 0 
164 0 
164 0 
164 0 
164 0 
164 0 
164 0 
164 0 
164 0 
164 0 
164 0 
164 0 
164 0 
164 0 
164 0 
164 0 
164 0 
164 0 
164 0 
164 0 
164 0 
164 0 
164 0 
164 0 
164 0 
164 0 
164 0.06 
164 0.1 
164 0.17 
164 0.24 
164 0.35 
164 0.37 
164 0.51 
164 0.63 
164 0.85 
164 1.05 
164 1.4 
164 1.77 
164 2.21 
164 2.78 
164 3.25 
164 3.83 
164 4.61 
164 5.19 
164 5.94 
164 6.76 
164 7.45 
164 8.24 
164 8.91 
164 9.76 
164 10.48 
164 11.35 
164 12.05 
164 12.89 
164 13.57 
164 14.53 
164 15.16 
164 16.08 
164 16.71 
164 17.42 
164 18.27 
164 18.84 
164 19.57 
164 20.3 
164 20.89 
164 21.2 
164 21.65 
164 21.86 
164 22.44 
164 23.14 
164 23.33 
164 23.87 
164 24.16 
164 24.67 
164 25.44 
164 25.8 
164 26.14 
164 26.47 
164 27.02 
164 27.85 
164 28.15 
164 28.49 
164 29.13 
164 29.76 
164 30.19 
164 30.39 
164 30.92 
164 31.24 
164 31.5 
164 31.89 
164 32.17 
164 32.68 
164 32.39 
164 32.75 
164 32.85 
164 32.98 
164 33.38 
164 33.27 
164 33.45 
164 33.4 
164 33.36 
164 33.38 
164 33.23 
164 33.35 
164 33.48 
164 33.25 
164 33.47 
164 33.43 
164 33.39 
164 33.39 
164 33.41 
164 33.03 
164 33.61 
164 33.48 
164 33.31 
164 33.38 
164 33.24 
164 33.15 
164 33.28 
164 33.44 
164 33.04 
164 32.62 
164 32.3 
164 32.49 
164 32.51 
164 32.48 
164 31.92 
164 31.49 
164 31.21 
164 31.21 
164 30.65 
164 30.39 
164 29.89 
164 29.55 
164 29.76 
164 29.28 
164 28.74 
164 28.33 
164 28.08 
164 27.55 
164 27.15 
164 27.39 
164 27.0 
164 26.79 
164 25.88 
164 25.55 
164 25.16 
164 24.69 
164 23.89 
164 23.7 
164 23.12 
164 22.57 
164 21.96 
164 21.51 
164 20.93 
164 20.25 
164 19.64 
164 18.91 
164 18.37 
164 17.69 
164 17.05 
164 16.36 
164 15.59 
164 14.87 
164 14.24 
164 13.55 
164 12.82 
164 12.01 
164 11.24 
164 10.52 
164 9.81 
164 9.11 
164 8.42 
164 7.72 
164 6.98 
164 6.24 
164 5.68 
164 5.07 
164 4.33 
164 3.82 
164 3.09 
164 2.73 
164 2.27 
164 1.79 
164 1.44 
164 1.19 
164 0.86 
164 0.7 
164 0.57 
164 0.55 
164 0.44 
164 0.22 
164 0.16 
164 0.14 
164 0.12 
164 0.08 
164 0 
164 0 
164 0 
164 0 
164 0 
164 0 
164 0 
164 0 
164 0 
164 0 
164 0 
164 0 
164 0 
164 0 
164 0 
164 0 
164 0 
164 0 
164 0 
164 0 
164 0 
164 0 
164 0 
164 0 
164 0 
164 0 
164 0 
164 0 
164 0 
164 0 
164 0 
164 0 
164 0 
164 0 
164 0 
164 0 
164 0 
164 0 
164 0 
164 0 
164 0 
164 0 
164 0 
164 0 
164 0 
165 0 
165 0 
165 0 
165 0 
165 0 
165 0 
165 0 
165 0 
165 0 
165 0 
165 0 
165 0 
165 0 
165 0 
165 0 
165 0 
165 0 
165 0 
165 0 
165 0 
165 0 
165 0 
165 0 
165 0 
165 0 
165 0 
165 0 
165 0 
165 0 
165 0 
165 0 
165 0 
165 0 
165 0 
165 0 
165 0 
165 0 
165 0 
165 0 
165 0 
165 0 
165 0 
165 0 
165 0 
165 0 
165 0 
165 0 
165 0 
165 0 
165 0 
165 0 
165 0 
165 0 
165 0 
165 0 
165 0 
165 0 
165 0 
165 0 
165 0 
165 0 
165 0 
165 0 
165 0 
165 0 
165 0 
165 0 
165 0 
165 0 
165 0 
165 0 
165 0 
165 0 
165 0.01 
165 0.05 
165 0.11 
165 0.18 
165 0.24 
165 0.32 
165 0.35 
165 0.53 
165 0.68 
165 0.88 
165 1.19 
165 1.61 
165 2.04 
165 2.59 
165 3.22 
165 3.87 
165 4.47 
165 5.13 
165 5.92 
165 6.58 
165 7.22 
165 7.94 
165 8.66 
165 9.43 
165 10.09 
165 10.78 
165 11.57 
165 12.24 
165 13.02 
165 13.83 
165 14.51 
165 15.26 
165 15.98 
165 16.59 
165 17.43 
165 18.22 
165 18.81 
165 19.46 
165 20.06 
165 20.65 
165 20.95 
165 21.38 
165 22.04 
165 22.07 
165 22.75 
165 23.07 
165 23.6 
165 24.09 
165 24.65 
165 25.12 
165 25.35 
165 25.76 
165 26.34 
165 26.69 
165 27.08 
165 27.52 
165 28.06 
165 28.8 
165 28.75 
165 29.19 
165 29.23 
165 29.88 
165 30.28 
165 30.7 
165 30.96 
165 31.16 
165 31.73 
165 31.76 
165 32.08 
165 31.99 
165 32.05 
165 32.22 
165 32.64 
165 32.48 
165 32.69 
165 32.43 
165 32.63 
165 32.73 
165 32.96 
165 32.9 
165 32.83 
165 32.92 
165 33.07 
165 32.77 
165 32.62 
165 32.8 
165 32.74 
165 32.91 
165 32.63 
165 32.24 
165 32.31 
165 32.4 
165 32.35 
165 32.15 
165 31.95 
165 31.6 
165 31.88 
165 31.75 
165 31.52 
165 31.16 
165 31.28 
165 30.57 
165 29.35 
165 29.9 
165 28.97 
165 29.71 
165 29.33 
165 28.24 
165 28.67 
165 28.61 
165 28.21 
165 27.29 
165 27.24 
165 26.66 
165 26.53 
165 26.45 
165 26.03 
165 24.5 
165 24.82 
165 24.55 
165 24.19 
165 23.58 
165 23.06 
165 22.54 
165 21.93 
165 21.38 
165 20.83 
165 20.26 
165 19.85 
165 19.36 
165 18.66 
165 18.03 
165 17.38 
165 16.66 
165 16.06 
165 15.46 
165 14.82 
165 14.1 
165 13.35 
165 12.76 
165 12.06 
165 11.45 
165 10.69 
165 10.0 
165 9.29 
165 8.62 
165 7.87 
165 7.19 
165 6.5 
165 5.92 
165 5.27 
165 4.64 
165 4.09 
165 3.26 
165 3.11 
165 2.53 
165 2.11 
165 1.64 
165 1.32 
165 1.06 
165 0.81 
165 0.65 
165 0.53 
165 0.52 
165 0.44 
165 0.21 
165 0.19 
165 0.15 
165 0.08 
165 0.07 
165 0.02 
165 0 
165 0 
165 0 
165 0 
165 0 
165 0 
165 0 
165 0 
165 0 
165 0 
165 0 
165 0 
165 0 
165 0 
165 0 
165 0 
165 0 
165 0 
165 0 
165 0 
165 0 
165 0 
165 0 
165 0 
165 0 
165 0 
165 0 
165 0 
165 0 
165 0 
165 0 
165 0 
165 0 
165 0 
165 0 
165 0 
165 0 
165 0 
165 0 
165 0 
165 0 
165 0 
165 0 
165 0 
166 0 
166 0 
166 0 
166 0 
166 0 
166 0 
166 0 
166 0 
166 0 
166 0 
166 0 
166 0 
166 0 
166 0 
166 0 
166 0 
166 0 
166 0 
166 0 
166 0 
166 0 
166 0 
166 0 
166 0 
166 0 
166 0 
166 0 
166 0 
166 0 
166 0 
166 0 
166 0 
166 0 
166 0 
166 0 
166 0 
166 0 
166 0 
166 0 
166 0 
166 0 
166 0 
166 0 
166 0 
166 0 
166 0 
166 0 
166 0 
166 0 
166 0 
166 0 
166 0 
166 0 
166 0 
166 0 
166 0 
166 0 
166 0 
166 0 
166 0 
166 0 
166 0 
166 0 
166 0 
166 0 
166 0 
166 0 
166 0 
166 0 
166 0 
166 0 
166 0 
166 0 
166 0 
166 0.03 
166 0.12 
166 0.17 
166 0.22 
166 0.27 
166 0.35 
166 0.5 
166 0.71 
166 0.87 
166 1.09 
166 1.58 
166 1.88 
166 2.38 
166 2.9 
166 3.71 
166 4.18 
166 4.83 
166 5.53 
166 6.23 
166 6.89 
166 7.49 
166 8.2 
166 8.96 
166 9.63 
166 10.27 
166 10.97 
166 11.58 
166 12.4 
166 13.16 
166 13.97 
166 14.56 
166 15.24 
166 16.05 
166 16.69 
166 17.45 
166 17.81 
166 18.61 
166 19.05 
166 19.59 
166 20.11 
166 20.46 
166 20.96 
166 21.45 
166 21.76 
166 22.01 
166 22.56 
166 23.05 
166 23.5 
166 24.04 
166 24.46 
166 24.68 
166 25.5 
166 26.11 
166 26.47 
166 26.63 
166 26.85 
166 27.41 
166 27.84 
166 28.28 
166 28.5 
166 29.0 
166 29.72 
166 29.72 
166 29.83 
166 29.83 
166 30.22 
166 30.51 
166 30.57 
166 30.92 
166 30.97 
166 30.95 
166 31.13 
166 31.01 
166 31.38 
166 31.4 
166 31.65 
166 31.36 
166 31.35 
166 31.84 
166 31.45 
166 31.8 
166 31.71 
166 31.55 
166 31.13 
166 31.19 
166 31.53 
166 31.38 
166 31.49 
166 31.65 
166 31.83 
166 31.26 
166 31.89 
166 31.78 
166 31.87 
166 31.77 
166 31.9 
166 31.81 
166 31.53 
166 31.49 
166 31.27 
166 31.18 
166 30.96 
166 30.73 
166 30.35 
166 30.15 
166 29.94 
166 29.79 
166 29.23 
166 29.03 
166 28.3 
166 28.39 
166 28.05 
166 27.52 
166 27.21 
166 26.74 
166 26.52 
166 26.19 
166 25.62 
166 25.2 
166 24.86 
166 24.42 
166 23.89 
166 23.34 
166 22.99 
166 22.34 
166 21.72 
166 21.33 
166 20.68 
166 20.0 
166 19.47 
166 18.7 
166 18.16 
166 17.41 
166 16.87 
166 16.09 
166 15.46 
166 14.75 
166 14.07 
166 13.31 
166 12.56 
166 11.74 
166 11.09 
166 10.32 
166 9.55 
166 8.83 
166 8.03 
166 7.41 
166 6.68 
166 6.02 
166 5.42 
166 4.77 
166 4.11 
166 3.65 
166 3.14 
166 2.59 
166 2.15 
166 1.76 
166 0 
166 1.11 
166 0.84 
166 0.68 
166 0.52 
166 0.51 
166 0.44 
166 0.21 
166 0.14 
166 0.12 
166 0.07 
166 0.06 
166 0 
166 0 
166 0 
166 0 
166 0 
166 0 
166 0 
166 0 
166 0 
166 0 
166 0 
166 0 
166 0 
166 0 
166 0 
166 0 
166 0 
166 0 
166 0 
166 0 
166 0 
166 0 
166 0 
166 0 
166 0 
166 0 
166 0 
166 0 
166 0 
166 0 
166 0 
166 0 
166 0 
166 0 
166 0 
166 0 
166 0 
166 0 
166 0 
166 0 
166 0 
166 0 
166 0 
166 0 
166 0 
167 0 
167 0 
167 0 
167 0 
167 0 
167 0 
167 0 
167 0 
167 0 
167 0 
167 0 
167 0 
167 0 
167 0 
167 0 
167 0 
167 0 
167 0 
167 0 
167 0 
167 0 
167 0 
167 0 
167 0 
167 0 
167 0 
167 0 
167 0 
167 0 
167 0 
167 0 
167 0 
167 0 
167 0 
167 0 
167 0 
167 0 
167 0 
167 0 
167 0 
167 0 
167 0 
167 0 
167 0 
167 0 
167 0 
167 0 
167 0 
167 0 
167 0 
167 0 
167 0 
167 0 
167 0 
167 0 
167 0 
167 0 
167 0 
167 0 
167 0 
167 0 
167 0 
167 0 
167 0 
167 0 
167 0 
167 0 
167 0 
167 0 
167 0 
167 0 
167 0 
167 0 
167 0 
167 0.11 
167 0.23 
167 0.3 
167 0.48 
167 0.56 
167 0.46 
167 0.5 
167 0.44 
167 0.62 
167 1.13 
167 1.38 
167 1.78 
167 2.39 
167 3.16 
167 3.28 
167 4.28 
167 4.79 
167 5.41 
167 6.39 
167 6.8 
167 7.66 
167 8.09 
167 8.9 
167 10.13 
167 10.68 
167 11.66 
167 12.34 
167 13.36 
167 14.09 
167 14.75 
167 14.67 
167 16.15 
167 17.19 
167 16.78 
167 18.78 
167 16.13 
167 15.41 
167 14.49 
167 18.69 
167 16.25 
167 18.76 
167 18.81 
167 22.66 
167 21.36 
167 18.3 
167 12.97 
167 15.28 
167 16.2 
167 21.28 
167 22.33 
167 18.43 
167 22.82 
167 21.98 
167 21.27 
167 21.21 
167 18.09 
167 20.72 
167 27.77 
167 29.37 
167 29.5 
167 30.51 
167 30.77 
167 30.96 
167 30.75 
167 31.13 
167 31.59 
167 31.96 
167 31.94 
167 32.1 
167 32.19 
167 32.12 
167 32.3 
167 32.76 
167 32.55 
167 33.12 
167 33.28 
167 33.44 
167 33.27 
167 33.3 
167 33.42 
167 33.36 
167 33.24 
167 33.28 
167 33.23 
167 33.37 
167 33.46 
167 33.15 
167 33.35 
167 33.22 
167 33.44 
167 33.24 
167 32.84 
167 32.76 
167 32.54 
167 32.65 
167 32.8 
167 32.21 
167 32.39 
167 32.27 
167 32.18 
167 32.29 
167 32.27 
167 32.04 
167 31.66 
167 31.34 
167 31.07 
167 30.75 
167 30.49 
167 30.04 
167 29.84 
167 29.66 
167 29.38 
167 28.9 
167 28.52 
167 28.02 
167 27.46 
167 26.97 
167 26.66 
167 25.86 
167 25.79 
167 25.2 
167 23.74 
167 24.32 
167 23.55 
167 23.24 
167 22.62 
167 21.95 
167 21.38 
167 20.65 
167 20.01 
167 19.24 
167 18.13 
167 14.3 
167 13.76 
167 17.24 
167 17.55 
167 17.36 
167 9.84 
167 15.0 
167 16.14 
167 12.14 
167 12.03 
167 10.16 
167 5.82 
167 5.67 
167 5.61 
167 8.01 
167 6.35 
167 6.83 
167 9.08 
167 5.26 
167 4.43 
167 4.19 
167 3.83 
167 3.53 
167 3.82 
167 3.39 
167 3.13 
167 2.97 
167 2.61 
167 2.08 
167 1.73 
167 1.24 
167 0.97 
167 0.87 
167 0.71 
167 0.52 
167 0.37 
167 0.22 
167 0.19 
167 0.1 
167 0 
167 0 
167 0 
167 0 
167 0 
167 0 
167 0 
167 0 
167 0 
167 0 
167 0 
167 0 
167 0 
167 0 
167 0 
167 0 
167 0 
167 0 
167 0 
167 0 
167 0 
167 0 
167 0 
167 0 
167 0 
167 0 
167 0 
167 0 
167 0 
167 0 
167 0 
167 0 
167 0 
167 0 
167 0 
167 0 
167 0 
167 0 
167 0 
167 0 
167 0 
167 0 
167 0 
168 0 
168 0 
168 0 
168 0 
168 0 
168 0 
168 0 
168 0 
168 0 
168 0 
168 0 
168 0 
168 0 
168 0 
168 0 
168 0 
168 0 
168 0 
168 0 
168 0 
168 0 
168 0 
168 0 
168 0 
168 0 
168 0 
168 0 
168 0 
168 0 
168 0 
168 0 
168 0 
168 0 
168 0 
168 0 
168 0 
168 0 
168 0 
168 0 
168 0 
168 0 
168 0 
168 0 
168 0 
168 0 
168 0 
168 0 
168 0 
168 0 
168 0 
168 0 
168 0 
168 0 
168 0 
168 0 
168 0 
168 0 
168 0 
168 0 
168 0 
168 0 
168 0 
168 0 
168 0 
168 0 
168 0 
168 0 
168 0 
168 0 
168 0 
168 0 
168 0 
168 0 
168 0.02 
168 0.3 
168 0.54 
168 0.31 
168 0.21 
168 0.18 
168 0.35 
168 0.35 
168 0.5 
168 0.55 
168 0.6 
168 0.77 
168 0.93 
168 0.92 
168 0.87 
168 0.85 
168 0.99 
168 1.63 
168 2.31 
168 3.96 
168 5.26 
168 6.92 
168 7.11 
168 4.96 
168 9.65 
168 7.39 
168 9.71 
168 12.6 
168 13.06 
168 13.68 
168 14.29 
168 15.25 
168 16.12 
168 16.65 
168 17.42 
168 18.05 
168 19.05 
168 19.78 
168 20.2 
168 20.72 
168 21.19 
168 21.57 
168 21.97 
168 22.23 
168 22.78 
168 23.69 
168 23.88 
168 24.52 
168 25.02 
168 25.55 
168 26.12 
168 26.52 
168 27.21 
168 27.47 
168 27.94 
168 28.38 
168 30.07 
168 30.84 
168 32.07 
168 33.25 
168 32.5 
168 33.32 
168 12.98 
168 33.42 
168 9.67 
168 16.17 
168 9.01 
168 33.53 
168 12.35 
168 13.48 
168 33.28 
168 10.79 
168 33.5 
168 33.47 
168 33.15 
168 33.22 
168 33.31 
168 33.25 
168 33.27 
168 33.4 
168 33.41 
168 33.39 
168 33.19 
168 33.46 
168 33.34 
168 33.45 
168 33.23 
168 33.55 
168 33.5 
168 33.42 
168 33.3 
168 33.26 
168 33.28 
168 33.48 
168 33.52 
168 33.29 
168 33.22 
168 33.33 
168 33.25 
168 33.44 
168 33.44 
168 33.37 
168 26.12 
168 33.56 
168 33.34 
168 24.35 
168 22.2 
168 32.24 
168 31.61 
168 31.58 
168 31.29 
168 31.9 
168 32.11 
168 32.34 
168 29.78 
168 32.85 
168 32.4 
168 32.62 
168 31.96 
168 30.62 
168 25.65 
168 32.68 
168 31.34 
168 30.45 
168 29.44 
168 31.12 
168 29.58 
168 26.0 
168 11.89 
168 11.05 
168 10.8 
168 10.27 
168 10.65 
168 11.42 
168 11.09 
168 25.73 
168 15.1 
168 18.54 
168 17.29 
168 13.07 
168 13.66 
168 13.24 
168 11.47 
168 4.23 
168 10.01 
168 9.32 
168 8.7 
168 7.85 
168 7.02 
168 6.36 
168 5.69 
168 5.04 
168 4.35 
168 3.81 
168 3.23 
168 2.79 
168 2.29 
168 1.83 
168 1.45 
168 1.17 
168 0.92 
168 0.72 
168 0.59 
168 0.51 
168 0.48 
168 0.25 
168 0.21 
168 0.13 
168 0.09 
168 0.09 
168 0.06 
168 0 
168 0 
168 0 
168 0 
168 0 
168 0 
168 0 
168 0 
168 0 
168 0 
168 0 
168 0 
168 0 
168 0 
168 0 
168 0 
168 0 
168 0 
168 0 
168 0 
168 0 
168 0 
168 0 
168 0 
168 0 
168 0 
168 0 
168 0 
168 0 
168 0 
168 0 
168 0 
168 0 
168 0 
168 0 
168 0 
168 0 
168 0 
168 0 
168 0 
168 0 
168 0 
168 0 
168 0 
169 0 
169 0 
169 0 
169 0 
169 0 
169 0 
169 0 
169 0 
169 0 
169 0 
169 0 
169 0 
169 0 
169 0 
169 0 
169 0 
169 0 
169 0 
169 0 
169 0 
169 0 
169 0 
169 0 
169 0 
169 0 
169 0 
169 0 
169 0 
169 0 
169 0 
169 0 
169 0 
169 0 
169 0 
169 0 
169 0 
169 0 
169 0 
169 0 
169 0 
169 0 
169 0 
169 0 
169 0 
169 0 
169 0 
169 0 
169 0 
169 0 
169 0 
169 0 
169 0 
169 0 
169 0 
169 0 
169 0 
169 0 
169 0 
169 0 
169 0 
169 0 
169 0 
169 0 
169 0 
169 0 
169 0 
169 0 
169 0 
169 0 
169 0 
169 0 
169 0 
169 0 
169 0 
169 0.05 
169 0.04 
169 0.09 
169 0.1 
169 0.26 
169 0.21 
169 0.42 
169 0.59 
169 0.92 
169 1.22 
169 1.63 
169 2.12 
169 2.69 
169 3.14 
169 4.1 
169 4.66 
169 5.25 
169 5.99 
169 6.52 
169 7.02 
169 7.66 
169 8.3 
169 9.12 
169 9.79 
169 10.38 
169 11.15 
169 11.91 
169 12.63 
169 13.19 
169 14.01 
169 14.8 
169 15.42 
169 16.05 
169 16.82 
169 17.55 
169 18.23 
169 18.93 
169 19.46 
169 19.72 
169 20.38 
169 20.53 
169 21.02 
169 21.54 
169 22.08 
169 22.44 
169 22.89 
169 23.57 
169 24.16 
169 24.55 
169 25.16 
169 25.77 
169 26.06 
169 26.84 
169 27.36 
169 27.63 
169 28.07 
169 28.88 
169 29.38 
169 29.8 
169 30.12 
169 30.38 
169 31.12 
169 31.51 
169 31.83 
169 32.16 
169 32.55 
169 32.96 
169 33.25 
169 33.31 
169 33.43 
169 33.4 
169 33.38 
169 5.96 
169 12.56 
169 7.76 
169 6.56 
169 33.43 
169 33.32 
169 33.26 
169 33.3 
169 21.02 
169 33.42 
169 33.26 
169 33.39 
169 33.15 
169 33.45 
169 33.4 
169 4.55 
169 33.2 
169 33.67 
169 33.46 
169 25.04 
169 7.58 
169 7.44 
169 6.36 
169 6.56 
169 29.52 
169 33.44 
169 33.39 
169 33.43 
169 6.25 
169 33.35 
169 32.93 
169 33.38 
169 33.38 
169 33.43 
169 32.94 
169 33.16 
169 32.46 
169 32.9 
169 33.09 
169 33.37 
169 7.98 
169 32.71 
169 31.14 
169 30.81 
169 28.97 
169 28.73 
169 14.11 
169 30.63 
169 22.99 
169 25.32 
169 24.3 
169 23.48 
169 22.81 
169 22.21 
169 21.54 
169 20.97 
169 20.53 
169 19.88 
169 19.27 
169 18.43 
169 17.83 
169 17.09 
169 16.43 
169 15.72 
169 15.01 
169 14.22 
169 13.46 
169 12.78 
169 12.04 
169 11.19 
169 10.58 
169 9.71 
169 9.09 
169 8.43 
169 7.77 
169 7.01 
169 6.36 
169 5.6 
169 5.03 
169 4.34 
169 3.74 
169 3.4 
169 2.87 
169 2.42 
169 1.97 
169 1.54 
169 1.21 
169 0.97 
169 0.77 
169 0.64 
169 0.59 
169 0.54 
169 0.27 
169 0.24 
169 0.19 
169 0.14 
169 0.09 
169 0.07 
169 0 
169 0 
169 0 
169 0 
169 0 
169 0 
169 0 
169 0 
169 0 
169 0 
169 0 
169 0 
169 0 
169 0 
169 0 
169 0 
169 0 
169 0 
169 0 
169 0 
169 0 
169 0 
169 0 
169 0 
169 0 
169 0 
169 0 
169 0 
169 0 
169 0 
169 0 
169 0 
169 0 
169 0 
169 0 
169 0 
169 0 
169 0 
169 0 
169 0 
169 0 
169 0 
169 0 
169 0 
170 0 
170 0 
170 0 
170 0 
170 0 
170 0 
170 0 
170 0 
170 0 
170 0 
170 0 
170 0 
170 0 
170 0 
170 0 
170 0 
170 0 
170 0 
170 0 
170 0 
170 0 
170 0 
170 0 
170 0 
170 0 
170 0 
170 0 
170 0 
170 0 
170 0 
170 0 
170 0 
170 0 
170 0 
170 0 
170 0 
170 0 
170 0 
170 0 
170 0 
170 0 
170 0 
170 0 
170 0 
170 0 
170 0 
170 0 
170 0 
170 0 
170 0 
170 0 
170 0 
170 0 
170 0 
170 0 
170 0 
170 0 
170 0 
170 0 
170 0 
170 0 
170 0 
170 0 
170 0 
170 0 
170 0 
170 0 
170 0 
170 0 
170 0 
170 0 
170 0 
170 0 
170 0 
170 0.08 
170 0.11 
170 0.18 
170 0.25 
170 0.31 
170 0.42 
170 0.57 
170 0.74 
170 1.0 
170 1.27 
170 1.68 
170 2.11 
170 2.67 
170 3.13 
170 3.75 
170 4.33 
170 4.84 
170 5.52 
170 6.2 
170 6.79 
170 7.54 
170 8.17 
170 8.95 
170 9.69 
170 10.29 
170 11.0 
170 11.79 
170 12.55 
170 13.21 
170 13.86 
170 14.68 
170 15.41 
170 15.95 
170 16.69 
170 17.38 
170 17.96 
170 18.67 
170 19.29 
170 19.78 
170 20.22 
170 20.42 
170 21.08 
170 21.49 
170 21.98 
170 22.2 
170 22.69 
170 23.19 
170 23.8 
170 24.12 
170 24.63 
170 24.93 
170 25.6 
170 26.12 
170 26.37 
170 26.68 
170 27.09 
170 27.82 
170 27.94 
170 28.29 
170 28.69 
170 28.79 
170 29.45 
170 30.02 
170 30.15 
170 30.65 
170 30.88 
170 30.98 
170 31.28 
170 31.4 
170 31.65 
170 31.75 
170 31.87 
170 31.63 
170 31.83 
170 32.14 
170 32.1 
170 32.56 
170 32.51 
170 32.29 
170 32.45 
170 32.42 
170 32.46 
170 32.71 
170 32.56 
170 33.5 
170 33.4 
170 32.62 
170 32.79 
170 32.47 
170 22.59 
170 33.37 
170 32.11 
170 17.47 
170 3.93 
170 32.99 
170 32.47 
170 31.99 
170 31.87 
170 32.09 
170 31.66 
170 31.38 
170 31.11 
170 30.81 
170 30.69 
170 30.59 
170 30.27 
170 29.68 
170 28.87 
170 28.24 
170 28.37 
170 28.33 
170 28.1 
170 27.83 
170 27.39 
170 27.05 
170 26.4 
170 26.01 
170 25.32 
170 25.13 
170 24.72 
170 24.25 
170 23.8 
170 23.28 
170 22.81 
170 22.2 
170 21.66 
170 21.07 
170 20.4 
170 19.89 
170 19.27 
170 18.67 
170 18.01 
170 17.37 
170 16.68 
170 15.97 
170 15.4 
170 14.7 
170 14.07 
170 13.37 
170 12.63 
170 11.79 
170 11.14 
170 10.39 
170 9.71 
170 9.01 
170 8.31 
170 7.57 
170 6.92 
170 6.27 
170 5.6 
170 5.01 
170 4.31 
170 3.71 
170 3.45 
170 2.75 
170 2.29 
170 1.89 
170 1.49 
170 1.2 
170 0.92 
170 0.73 
170 0.57 
170 0.53 
170 0.48 
170 0.26 
170 0.23 
170 0.16 
170 0.13 
170 0.08 
170 0.03 
170 0 
170 0 
170 0 
170 0 
170 0 
170 0 
170 0 
170 0 
170 0 
170 0 
170 0 
170 0 
170 0 
170 0 
170 0 
170 0 
170 0 
170 0 
170 0 
170 0 
170 0 
170 0 
170 0 
170 0 
170 0 
170 0 
170 0 
170 0 
170 0 
170 0 
170 0 
170 0 
170 0 
170 0 
170 0 
170 0 
170 0 
170 0 
170 0 
170 0 
170 0 
170 0 
170 0 
170 0 
171 0 
171 0 
171 0 
171 0 
171 0 
171 0 
171 0 
171 0 
171 0 
171 0 
171 0 
171 0 
171 0 
171 0 
171 0 
171 0 
171 0 
171 0 
171 0 
171 0 
171 0 
171 0 
171 0 
171 0 
171 0 
171 0 
171 0 
171 0 
171 0 
171 0 
171 0 
171 0 
171 0 
171 0 
171 0 
171 0 
171 0 
171 0 
171 0 
171 0 
171 0 
171 0 
171 0 
171 0 
171 0 
171 0 
171 0 
171 0 
171 0 
171 0 
171 0 
171 0 
171 0 
171 0 
171 0 
171 0 
171 0 
171 0 
171 0 
171 0 
171 0 
171 0 
171 0 
171 0 
171 0 
171 0 
171 0 
171 0 
171 0 
171 0 
171 0 
171 0 
171 0 
171 0 
171 0.04 
171 0.09 
171 0.22 
171 0.3 
171 0.4 
171 0.55 
171 0.61 
171 1.03 
171 1.36 
171 1.67 
171 2.12 
171 1.79 
171 2.28 
171 3.31 
171 3.09 
171 3.5 
171 3.26 
171 3.08 
171 3.28 
171 4.16 
171 5.49 
171 8.2 
171 6.27 
171 3.28 
171 5.9 
171 9.37 
171 9.37 
171 10.63 
171 13.19 
171 13.88 
171 14.55 
171 15.23 
171 15.79 
171 16.46 
171 17.08 
171 17.72 
171 18.4 
171 18.79 
171 19.34 
171 19.63 
171 20.11 
171 20.76 
171 21.0 
171 21.34 
171 21.72 
171 22.3 
171 22.75 
171 23.43 
171 23.76 
171 24.34 
171 24.6 
171 25.15 
171 25.57 
171 25.91 
171 26.19 
171 26.65 
171 27.03 
171 27.6 
171 27.99 
171 28.39 
171 28.96 
171 29.45 
171 29.75 
171 30.02 
171 30.26 
171 30.21 
171 29.98 
171 30.37 
171 30.24 
171 30.31 
171 30.36 
171 30.89 
171 30.85 
171 30.97 
171 30.94 
171 30.78 
171 30.97 
171 31.36 
171 31.66 
171 31.5 
171 31.37 
171 29.83 
171 31.88 
171 31.81 
171 31.44 
171 31.22 
171 31.14 
171 31.17 
171 31.05 
171 31.34 
171 31.58 
171 31.54 
171 31.0 
171 30.93 
171 30.97 
171 30.59 
171 30.31 
171 29.91 
171 30.17 
171 29.39 
171 30.14 
171 29.9 
171 29.7 
171 29.24 
171 29.08 
171 28.61 
171 27.92 
171 27.99 
171 27.58 
171 27.28 
171 27.2 
171 26.96 
171 26.92 
171 26.48 
171 25.96 
171 25.66 
171 24.94 
171 24.5 
171 24.08 
171 23.71 
171 23.23 
171 22.66 
171 22.33 
171 21.86 
171 21.4 
171 20.77 
171 20.14 
171 19.66 
171 19.03 
171 18.56 
171 17.99 
171 17.32 
171 16.7 
171 16.0 
171 15.41 
171 14.87 
171 14.05 
171 13.45 
171 12.78 
171 12.05 
171 11.34 
171 10.69 
171 10.03 
171 9.34 
171 8.65 
171 8.05 
171 7.35 
171 6.7 
171 6.11 
171 5.46 
171 4.87 
171 4.25 
171 3.66 
171 3.4 
171 2.73 
171 2.29 
171 1.91 
171 1.51 
171 1.21 
171 0.96 
171 0.75 
171 0.58 
171 0.52 
171 0.48 
171 0.27 
171 0.22 
171 0.15 
171 0.1 
171 0.06 
171 0.04 
171 0 
171 0 
171 0 
171 0 
171 0 
171 0 
171 0 
171 0 
171 0 
171 0 
171 0 
171 0 
171 0 
171 0 
171 0 
171 0 
171 0 
171 0 
171 0 
171 0 
171 0 
171 0 
171 0 
171 0 
171 0 
171 0 
171 0 
171 0 
171 0 
171 0 
171 0 
171 0 
171 0 
171 0 
171 0 
171 0 
171 0 
171 0 
171 0 
171 0 
171 0 
171 0 
171 0 
171 0 
172 0 
172 0 
172 0 
172 0 
172 0 
172 0 
172 0 
172 0 
172 0 
172 0 
172 0 
172 0 
172 0 
172 0 
172 0 
172 0 
172 0 
172 0 
172 0 
172 0 
172 0 
172 0 
172 0 
172 0 
172 0 
172 0 
172 0 
172 0 
172 0 
172 0 
172 0 
172 0 
172 0 
172 0 
172 0 
172 0 
172 0 
172 0 
172 0 
172 0 
172 0 
172 0 
172 0 
172 0 
172 0 
172 0 
172 0 
172 0 
172 0 
172 0 
172 0 
172 0 
172 0 
172 0 
172 0 
172 0 
172 0 
172 0 
172 0 
172 0 
172 0 
172 0 
172 0 
172 0 
172 0 
172 0 
172 0 
172 0 
172 0 
172 0 
172 0 
172 0 
172 0 
172 0 
172 0.07 
172 0.07 
172 0.16 
172 0.22 
172 0.3 
172 0.34 
172 0.5 
172 0.63 
172 0.83 
172 1.07 
172 1.43 
172 1.78 
172 2.3 
172 2.87 
172 3.48 
172 4.04 
172 4.59 
172 5.29 
172 5.91 
172 6.55 
172 7.17 
172 7.9 
172 8.53 
172 9.22 
172 9.84 
172 10.53 
172 11.26 
172 11.97 
172 12.7 
172 13.32 
172 13.97 
172 14.52 
172 15.07 
172 15.81 
172 16.52 
172 17.07 
172 17.71 
172 18.38 
172 18.84 
172 19.46 
172 19.86 
172 20.52 
172 20.43 
172 20.99 
172 21.46 
172 21.83 
172 22.25 
172 22.89 
172 23.42 
172 23.81 
172 24.35 
172 24.84 
172 25.35 
172 25.9 
172 26.11 
172 26.59 
172 27.19 
172 27.72 
172 28.18 
172 28.31 
172 28.67 
172 29.09 
172 29.6 
172 29.78 
172 30.01 
172 30.23 
172 30.37 
172 30.47 
172 30.92 
172 31.03 
172 31.18 
172 31.12 
172 31.36 
172 31.65 
172 31.65 
172 31.71 
172 31.48 
172 31.38 
172 31.67 
172 31.86 
172 31.98 
172 31.72 
172 31.33 
172 30.95 
172 31.52 
172 31.97 
172 31.52 
172 31.69 
172 31.47 
172 31.58 
172 31.22 
172 30.93 
172 30.87 
172 31.05 
172 30.91 
172 30.65 
172 30.26 
172 29.99 
172 30.17 
172 29.62 
172 29.14 
172 29.09 
172 28.6 
172 28.54 
172 28.2 
172 27.82 
172 27.93 
172 27.68 
172 27.37 
172 26.96 
172 26.66 
172 26.56 
172 26.39 
172 25.83 
172 25.29 
172 24.91 
172 24.36 
172 24.11 
172 23.64 
172 23.26 
172 22.86 
172 22.22 
172 21.8 
172 21.23 
172 20.63 
172 20.2 
172 19.56 
172 19.02 
172 18.48 
172 17.94 
172 17.59 
172 16.99 
172 16.35 
172 15.71 
172 15.1 
172 14.45 
172 13.7 
172 13.15 
172 12.48 
172 11.78 
172 11.15 
172 10.55 
172 9.85 
172 9.14 
172 8.47 
172 7.8 
172 7.17 
172 6.5 
172 5.95 
172 5.3 
172 4.78 
172 4.24 
172 3.56 
172 2.94 
172 2.69 
172 2.29 
172 1.89 
172 1.46 
172 1.19 
172 0.93 
172 0.73 
172 0.6 
172 0.5 
172 0.45 
172 0.22 
172 0.21 
172 0.16 
172 0.11 
172 0.05 
172 0 
172 0 
172 0 
172 0 
172 0 
172 0 
172 0 
172 0 
172 0 
172 0 
172 0 
172 0 
172 0 
172 0 
172 0 
172 0 
172 0 
172 0 
172 0 
172 0 
172 0 
172 0 
172 0 
172 0 
172 0 
172 0 
172 0 
172 0 
172 0 
172 0 
172 0 
172 0 
172 0 
172 0 
172 0 
172 0 
172 0 
172 0 
172 0 
172 0 
172 0 
172 0 
172 0 
172 0 
172 0 
173 0 
173 0 
173 0 
173 0 
173 0 
173 0 
173 0 
173 0 
173 0 
173 0 
173 0 
173 0 
173 0 
173 0 
173 0 
173 0 
173 0 
173 0 
173 0 
173 0 
173 0 
173 0 
173 0 
173 0 
173 0 
173 0 
173 0 
173 0 
173 0 
173 0 
173 0 
173 0 
173 0 
173 0 
173 0 
173 0 
173 0 
173 0 
173 0 
173 0 
173 0 
173 0 
173 0 
173 0 
173 0 
173 0 
173 0 
173 0 
173 0 
173 0 
173 0 
173 0 
173 0 
173 0 
173 0 
173 0 
173 0 
173 0 
173 0 
173 0 
173 0 
173 0 
173 0 
173 0 
173 0 
173 0 
173 0 
173 0 
173 0 
173 0 
173 0 
173 0 
173 0 
173 0 
173 0.05 
173 0.09 
173 0.18 
173 0.27 
173 0.34 
173 0.41 
173 0.53 
173 0.71 
173 0.9 
173 1.16 
173 1.42 
173 1.82 
173 2.26 
173 2.76 
173 3.16 
173 3.85 
173 4.49 
173 5.01 
173 5.74 
173 6.43 
173 6.93 
173 7.64 
173 8.29 
173 9.05 
173 9.6 
173 10.39 
173 11.12 
173 11.83 
173 12.48 
173 13.17 
173 13.83 
173 14.33 
173 15.04 
173 15.79 
173 16.39 
173 17.12 
173 17.83 
173 18.21 
173 18.65 
173 0 
173 19.39 
173 20.04 
173 20.38 
173 20.82 
173 21.16 
173 21.57 
173 22.29 
173 22.79 
173 22.26 
173 23.93 
173 24.02 
173 23.59 
173 23.92 
173 23.2 
173 21.84 
173 22.07 
173 24.99 
173 25.76 
173 24.65 
173 28.0 
173 20.74 
173 27.54 
173 28.87 
173 28.58 
173 24.67 
173 27.15 
173 30.03 
173 31.58 
173 30.51 
173 25.87 
173 32.0 
173 31.11 
173 32.07 
173 31.94 
173 31.97 
173 31.92 
173 31.8 
173 31.76 
173 31.84 
173 32.0 
173 32.08 
173 32.25 
173 32.27 
173 32.05 
173 32.15 
173 31.92 
173 31.17 
173 31.38 
173 31.53 
173 31.18 
173 30.86 
173 30.75 
173 30.87 
173 31.29 
173 31.19 
173 28.0 
173 30.71 
173 29.75 
173 29.64 
173 30.01 
173 29.39 
173 28.9 
173 28.32 
173 27.73 
173 27.58 
173 28.24 
173 28.3 
173 27.85 
173 27.1 
173 24.52 
173 26.98 
173 26.59 
173 26.37 
173 26.02 
173 25.11 
173 24.52 
173 23.75 
173 23.91 
173 23.69 
173 23.25 
173 22.77 
173 22.48 
173 22.34 
173 22.18 
173 22.0 
173 22.5 
173 16.8 
173 20.32 
173 21.8 
173 21.45 
173 18.4 
173 10.17 
173 10.71 
173 15.87 
173 18.14 
173 16.61 
173 12.08 
173 12.3 
173 13.27 
173 10.42 
173 9.45 
173 7.08 
173 7.25 
173 9.27 
173 10.66 
173 8.76 
173 5.23 
173 4.63 
173 4.34 
173 3.96 
173 3.38 
173 3.35 
173 2.9 
173 2.7 
173 2.57 
173 2.38 
173 2.15 
173 1.97 
173 1.87 
173 1.85 
173 1.67 
173 1.5 
173 1.32 
173 1.24 
173 0.93 
173 0.88 
173 0.71 
173 0.62 
173 0.44 
173 0.24 
173 0.11 
173 0.04 
173 0 
173 0 
173 0 
173 0 
173 0 
173 0 
173 0 
173 0 
173 0 
173 0 
173 0 
173 0 
173 0 
173 0 
173 0 
173 0 
173 0 
173 0 
173 0 
173 0 
173 0 
173 0 
173 0 
173 0 
173 0 
173 0 
173 0 
173 0 
173 0 
173 0 
173 0 
173 0 
173 0 
173 0 
173 0 
173 0 
173 0 
173 0 
173 0 
173 0 
173 0 
173 0 
174 0 
174 0 
174 0 
174 0 
174 0 
174 0 
174 0 
174 0 
174 0 
174 0 
174 0 
174 0 
174 0 
174 0 
174 0 
174 0 
174 0 
174 0 
174 0 
174 0 
174 0 
174 0 
174 0 
174 0 
174 0 
174 0 
174 0 
174 0 
174 0 
174 0 
174 0 
174 0 
174 0 
174 0 
174 0 
174 0 
174 0 
174 0 
174 0 
174 0 
174 0 
174 0 
174 0 
174 0 
174 0 
174 0 
174 0 
174 0 
174 0 
174 0 
174 0 
174 0 
174 0 
174 0 
174 0 
174 0 
174 0 
174 0 
174 0 
174 0 
174 0 
174 0 
174 0 
174 0 
174 0 
174 0 
174 0 
174 0 
174 0 
174 0 
174 0 
174 0 
174 0 
174 0 
174 0 
174 0.03 
174 0.11 
174 0.16 
174 0.32 
174 0.47 
174 0.55 
174 0.68 
174 0.85 
174 0.79 
174 0.66 
174 0.63 
174 0.68 
174 2.67 
174 3.39 
174 3.64 
174 4.25 
174 4.86 
174 5.55 
174 6.15 
174 6.8 
174 7.41 
174 7.99 
174 8.74 
174 9.34 
174 10.0 
174 10.76 
174 11.33 
174 12.06 
174 12.74 
174 13.43 
174 13.99 
174 14.72 
174 15.41 
174 15.95 
174 16.56 
174 17.36 
174 17.95 
174 18.52 
174 18.77 
174 19.23 
174 19.79 
174 19.8 
174 20.74 
174 21.02 
174 21.35 
174 21.6 
174 22.26 
174 22.86 
174 23.35 
174 23.85 
174 24.32 
174 24.84 
174 25.19 
174 25.39 
174 25.85 
174 26.59 
174 27.08 
174 27.33 
174 27.48 
174 27.98 
174 28.71 
174 28.75 
174 28.92 
174 29.11 
174 29.12 
174 29.37 
174 29.52 
174 29.85 
174 29.94 
174 30.21 
174 30.28 
174 30.32 
174 30.26 
174 30.41 
174 30.52 
174 30.8 
174 30.82 
174 30.8 
174 31.14 
174 31.32 
174 31.46 
174 30.94 
174 30.79 
174 30.53 
174 30.57 
174 30.67 
174 30.52 
174 30.75 
174 31.04 
174 30.58 
174 30.52 
174 30.24 
174 30.03 
174 29.96 
174 29.51 
174 29.83 
174 29.4 
174 29.18 
174 29.11 
174 28.99 
174 28.81 
174 29.02 
174 28.71 
174 28.42 
174 28.17 
174 27.98 
174 27.82 
174 27.58 
174 27.18 
174 27.13 
174 26.78 
174 26.37 
174 25.76 
174 25.56 
174 25.08 
174 24.6 
174 24.11 
174 23.78 
174 23.24 
174 22.93 
174 22.53 
174 22.16 
174 21.58 
174 20.92 
174 20.55 
174 19.85 
174 19.29 
174 18.83 
174 18.25 
174 17.7 
174 17.22 
174 16.68 
174 16.03 
174 15.33 
174 14.64 
174 14.02 
174 13.34 
174 12.64 
174 12.07 
174 11.4 
174 10.75 
174 10.09 
174 9.37 
174 8.76 
174 8.1 
174 7.47 
174 6.77 
174 6.12 
174 5.55 
174 4.98 
174 4.25 
174 3.77 
174 3.23 
174 2.73 
174 2.39 
174 1.87 
174 1.5 
174 1.19 
174 0.94 
174 0.73 
174 0.6 
174 0.52 
174 0.44 
174 0.26 
174 0.14 
174 0.15 
174 0.09 
174 0.03 
174 0.02 
174 0 
174 0 
174 0 
174 0 
174 0 
174 0 
174 0 
174 0 
174 0 
174 0 
174 0 
174 0 
174 0 
174 0 
174 0 
174 0 
174 0 
174 0 
174 0 
174 0 
174 0 
174 0 
174 0 
174 0 
174 0 
174 0 
174 0 
174 0 
174 0 
174 0 
174 0 
174 0 
174 0 
174 0 
174 0 
174 0 
174 0 
174 0 
174 0 
174 0 
174 0 
174 0 
174 0 
174 0 
175 0 
175 0 
175 0 
175 0 
175 0 
175 0 
175 0 
175 0 
175 0 
175 0 
175 0 
175 0 
175 0 
175 0 
175 0 
175 0 
175 0 
175 0 
175 0 
175 0 
175 0 
175 0 
175 0 
175 0 
175 0 
175 0 
175 0 
175 0 
175 0 
175 0 
175 0 
175 0 
175 0 
175 0 
175 0 
175 0 
175 0 
175 0 
175 0 
175 0 
175 0 
175 0 
175 0 
175 0 
175 0 
175 0 
175 0 
175 0 
175 0 
175 0 
175 0 
175 0 
175 0 
175 0 
175 0 
175 0 
175 0 
175 0 
175 0 
175 0 
175 0 
175 0 
175 0 
175 0 
175 0 
175 0 
175 0 
175 0 
175 0 
175 0 
175 0 
175 0 
175 0 
175 0 
175 0.03 
175 0.07 
175 0.18 
175 0.17 
175 0.29 
175 0.32 
175 0.49 
175 0.65 
175 0.87 
175 1.09 
175 1.52 
175 1.97 
175 2.49 
175 3.11 
175 3.79 
175 4.48 
175 5.26 
175 5.84 
175 6.27 
175 6.76 
175 7.42 
175 8.07 
175 8.67 
175 9.51 
175 10.13 
175 10.72 
175 11.56 
175 12.22 
175 12.88 
175 13.71 
175 14.15 
175 14.97 
175 15.48 
175 16.4 
175 16.98 
175 17.62 
175 18.29 
175 18.68 
175 19.2 
175 19.66 
175 19.98 
175 20.57 
175 21.03 
175 21.4 
175 21.94 
175 22.13 
175 23.07 
175 23.39 
175 23.72 
175 24.04 
175 24.47 
175 25.11 
175 25.56 
175 25.78 
175 26.12 
175 26.71 
175 27.11 
175 27.48 
175 28.16 
175 28.59 
175 28.83 
175 29.28 
175 29.51 
175 29.89 
175 29.99 
175 30.06 
175 30.09 
175 30.21 
175 30.37 
175 30.41 
175 30.87 
175 30.94 
175 31.29 
175 31.24 
175 31.55 
175 31.29 
175 31.28 
175 31.4 
175 31.42 
175 31.68 
175 31.7 
175 31.74 
175 31.68 
175 31.91 
175 31.8 
175 31.55 
175 31.93 
175 31.65 
175 31.49 
175 31.56 
175 31.31 
175 31.12 
175 30.91 
175 30.91 
175 30.75 
175 30.7 
175 30.65 
175 30.24 
175 30.21 
175 29.88 
175 29.75 
175 29.6 
175 29.6 
175 29.05 
175 29.02 
175 28.73 
175 28.4 
175 28.13 
175 27.79 
175 27.48 
175 26.97 
175 26.87 
175 26.45 
175 26.04 
175 25.72 
175 25.4 
175 24.86 
175 24.52 
175 24.14 
175 23.66 
175 23.09 
175 22.72 
175 22.25 
175 21.91 
175 21.34 
175 20.69 
175 20.1 
175 19.64 
175 19.07 
175 18.5 
175 17.94 
175 17.35 
175 16.71 
175 15.59 
175 15.48 
175 14.77 
175 14.17 
175 13.51 
175 12.83 
175 12.11 
175 11.54 
175 10.83 
175 10.2 
175 9.55 
175 8.88 
175 8.13 
175 7.4 
175 6.83 
175 6.24 
175 5.63 
175 4.95 
175 4.39 
175 3.85 
175 3.32 
175 2.86 
175 2.32 
175 1.9 
175 1.54 
175 1.19 
175 0.9 
175 0.65 
175 0.54 
175 0.47 
175 0.43 
175 0.21 
175 0.15 
175 0.1 
175 0.09 
175 0.08 
175 0.03 
175 0 
175 0 
175 0 
175 0 
175 0 
175 0 
175 0 
175 0 
175 0 
175 0 
175 0 
175 0 
175 0 
175 0 
175 0 
175 0 
175 0 
175 0 
175 0 
175 0 
175 0 
175 0 
175 0 
175 0 
175 0 
175 0 
175 0 
175 0 
175 0 
175 0 
175 0 
175 0 
175 0 
175 0 
175 0 
175 0 
175 0 
175 0 
175 0 
175 0 
175 0 
175 0 
175 0 
175 0 
176 0 
176 0 
176 0 
176 0 
176 0 
176 0 
176 0 
176 0 
176 0 
176 0 
176 0 
176 0 
176 0 
176 0 
176 0 
176 0 
176 0 
176 0 
176 0 
176 0 
176 0 
176 0 
176 0 
176 0 
176 0 
176 0 
176 0 
176 0 
176 0 
176 0 
176 0 
176 0 
176 0 
176 0 
176 0 
176 0 
176 0 
176 0 
176 0 
176 0 
176 0 
176 0 
176 0 
176 0 
176 0 
176 0 
176 0 
176 0 
176 0 
176 0 
176 0 
176 0 
176 0 
176 0 
176 0 
176 0 
176 0 
176 0 
176 0 
176 0 
176 0 
176 0 
176 0 
176 0 
176 0 
176 0 
176 0 
176 0 
176 0 
176 0 
176 0 
176 0 
176 0 
176 0 
176 0 
176 0 
176 0 
176 0 
176 0 
176 0 
176 0 
176 0 
176 0 
176 0 
176 0 
176 0 
176 0 
176 0 
176 0 
176 0 
176 0 
176 0 
176 0 
176 0 
176 0 
176 0 
176 0 
176 0 
176 0 
176 0 
176 0 
176 0 
176 0 
176 0 
176 0 
176 0 
176 0 
176 0 
176 0 
176 0 
176 0 
176 0 
176 0 
176 0 
176 0 
176 0 
176 0 
176 0 
176 0 
176 0 
176 22.34 
176 23.08 
176 23.64 
176 24.01 
176 24.55 
176 24.79 
176 25.61 
176 26.08 
176 26.33 
176 26.82 
176 27.37 
176 27.91 
176 28.36 
176 28.69 
176 28.99 
176 29.51 
176 29.61 
176 29.83 
176 30.15 
176 30.25 
176 30.59 
176 30.9 
176 30.81 
176 31.09 
176 31.1 
176 31.19 
176 31.32 
176 31.46 
176 31.57 
176 31.79 
176 31.89 
176 31.95 
176 31.58 
176 31.98 
176 32.13 
176 31.99 
176 31.92 
176 31.91 
176 31.94 
176 32.01 
176 31.52 
176 31.73 
176 31.73 
176 31.49 
176 31.3 
176 31.08 
176 30.74 
176 31.06 
176 30.84 
176 30.6 
176 30.53 
176 30.17 
176 30.07 
176 30.05 
176 30.01 
176 29.65 
176 29.3 
176 29.0 
176 28.86 
176 28.62 
176 28.3 
176 28.21 
176 27.92 
176 27.59 
176 27.09 
176 26.76 
176 26.44 
176 26.14 
176 25.56 
176 25.2 
176 24.82 
176 24.28 
176 23.85 
176 23.61 
176 22.96 
176 22.45 
176 22.08 
176 21.66 
176 21.08 
176 20.61 
176 20.06 
176 19.47 
176 18.93 
176 18.55 
176 17.95 
176 17.35 
176 16.7 
176 16.04 
176 15.41 
176 14.92 
176 14.29 
176 13.57 
176 12.97 
176 12.41 
176 11.71 
176 10.96 
176 10.25 
176 9.6 
176 8.91 
176 8.3 
176 7.71 
176 6.92 
176 6.34 
176 5.68 
176 5.09 
176 4.48 
176 3.99 
176 3.12 
176 2.95 
176 2.41 
176 1.95 
176 1.55 
176 1.21 
176 0.9 
176 0.7 
176 0.55 
176 0.51 
176 0.42 
176 0.19 
176 0.16 
176 0.09 
176 0.09 
176 0.05 
176 0.03 
176 0 
176 0 
176 0 
176 0 
176 0 
176 0 
176 0 
176 0 
176 0 
176 0 
176 0 
176 0 
176 0 
176 0 
176 0 
176 0 
176 0 
176 0 
176 0 
176 0 
176 0 
176 0 
176 0 
176 0 
176 0 
176 0 
176 0 
176 0 
176 0 
176 0 
176 0 
176 0 
176 0 
176 0 
176 0 
176 0 
176 0 
176 0 
176 0 
176 0 
176 0 
176 0 
176 0 
176 0 
177 0 
177 0 
177 0 
177 0 
177 0 
177 0 
177 0 
177 0 
177 0 
177 0 
177 0 
177 0 
177 0 
177 0 
177 0 
177 0 
177 0 
177 0 
177 0 
177 0 
177 0 
177 0 
177 0 
177 0 
177 0 
177 0 
177 0 
177 0 
177 0 
177 0 
177 0 
177 0 
177 0 
177 0 
177 0 
177 0 
177 0 
177 0 
177 0 
177 0 
177 0 
177 0 
177 0 
177 0 
177 0 
177 0 
177 0 
177 0 
177 0 
177 0 
177 0 
177 0 
177 0 
177 0 
177 0 
177 0 
177 0 
177 0 
177 0 
177 0 
177 0 
177 0 
177 0 
177 0 
177 0 
177 0 
177 0 
177 0 
177 0 
177 0 
177 0 
177 0 
177 0 
177 0 
177 0 
177 0 
177 0 
177 0 
177 0 
177 0 
177 0 
177 0 
177 0 
177 0 
177 0 
177 0 
177 0 
177 0 
177 0 
177 0 
177 0 
177 0 
177 0 
177 0 
177 0 
177 0 
177 0 
177 0 
177 0 
177 0 
177 0 
177 0 
177 0 
177 0 
177 0 
177 0 
177 0 
177 0 
177 0 
177 0 
177 0 
177 0 
177 0 
177 0 
177 0 
177 0 
177 0 
177 0 
177 0 
177 0 
177 0 
177 0 
177 0 
177 0 
177 0 
177 0 
177 25.71 
177 26.11 
177 26.83 
177 27.24 
177 27.7 
177 28.14 
177 28.64 
177 28.91 
177 29.27 
177 29.93 
177 30.03 
177 30.06 
177 30.2 
177 30.33 
177 30.65 
177 30.79 
177 30.88 
177 30.91 
177 31.29 
177 31.26 
177 31.47 
177 31.63 
177 31.94 
177 31.86 
177 31.99 
177 32.3 
177 32.25 
177 32.05 
177 32.14 
177 32.25 
177 32.16 
177 32.64 
177 32.16 
177 32.47 
177 32.27 
177 32.08 
177 31.68 
177 31.59 
177 31.55 
177 31.61 
177 31.31 
177 31.22 
177 31.07 
177 30.82 
177 30.54 
177 30.45 
177 30.18 
177 30.06 
177 30.02 
177 29.77 
177 29.61 
177 29.34 
177 29.4 
177 28.81 
177 28.73 
177 27.99 
177 28.03 
177 27.73 
177 27.46 
177 26.94 
177 26.64 
177 26.35 
177 26.06 
177 25.61 
177 25.17 
177 24.79 
177 24.3 
177 23.91 
177 23.29 
177 22.82 
177 22.44 
177 21.96 
177 21.48 
177 20.98 
177 20.48 
177 19.81 
177 19.27 
177 18.94 
177 18.32 
177 17.82 
177 17.22 
177 16.64 
177 15.96 
177 15.27 
177 14.63 
177 13.91 
177 13.3 
177 12.62 
177 11.84 
177 11.28 
177 10.49 
177 9.91 
177 9.15 
177 8.57 
177 7.79 
177 7.12 
177 6.47 
177 5.84 
177 5.23 
177 4.53 
177 2.79 
177 3.43 
177 2.95 
177 2.05 
177 0.93 
177 1.2 
177 1.22 
177 0.94 
177 0.7 
177 0.5 
177 0.34 
177 0.18 
177 0.09 
177 0.1 
177 0.06 
177 0.03 
177 0.09 
177 0.02 
177 0 
177 0 
177 0 
177 0 
177 0 
177 0 
177 0 
177 0 
177 0 
177 0 
177 0 
177 0 
177 0 
177 0 
177 0 
177 0 
177 0 
177 0 
177 0 
177 0 
177 0 
177 0 
177 0 
177 0 
177 0 
177 0 
177 0 
177 0 
177 0 
177 0 
177 0 
177 0 
177 0 
177 0 
177 0 
177 0 
177 0 
177 0 
177 0 
177 0 
177 0 
177 0 
177 0 
177 0 
178 0 
178 0 
178 0 
178 0 
178 0 
178 0 
178 0 
178 0 
178 0 
178 0 
178 0 
178 0 
178 0 
178 0 
178 0 
178 0 
178 0 
178 0 
178 0 
178 0 
178 0 
178 0 
178 0 
178 0 
178 0 
178 0 
178 0 
178 0 
178 0 
178 0 
178 0 
178 0 
178 0 
178 0 
178 0 
178 0 
178 0 
178 0 
178 0 
178 0 
178 0 
178 0 
178 0 
178 0 
178 0 
178 0 
178 0 
178 0 
178 0 
178 0 
178 0 
178 0 
178 0 
178 0 
178 0 
178 0 
178 0 
178 0 
178 0 
178 0 
178 0 
178 0 
178 0 
178 0 
178 0 
178 0 
178 0 
178 0 
178 0 
178 0 
178 0 
178 0 
178 0 
178 0 
178 0 
178 0 
178 0 
178 0 
178 0 
178 0 
178 0 
178 0 
178 0 
178 0 
178 0 
178 0 
178 0 
178 0 
178 0 
178 0 
178 0 
178 0 
178 0 
178 0 
178 0 
178 0 
178 0 
178 0 
178 0 
178 0 
178 0 
178 0 
178 0 
178 0 
178 0 
178 0 
178 0 
178 0 
178 0 
178 0 
178 0 
178 0 
178 0 
178 0 
178 0 
178 0 
178 0 
178 0 
178 0 
178 0 
178 0 
178 0 
178 0 
178 0 
178 0 
178 0 
178 0 
178 0 
178 26.49 
178 27.02 
178 27.64 
178 28.12 
178 28.46 
178 29.05 
178 29.33 
178 29.76 
178 30.02 
178 30.03 
178 30.39 
178 30.67 
178 30.74 
178 30.91 
178 30.98 
178 30.95 
178 31.27 
178 31.81 
178 31.96 
178 32.28 
178 32.25 
178 32.14 
178 32.16 
178 32.09 
178 32.44 
178 32.21 
178 31.99 
178 31.97 
178 32.27 
178 32.55 
178 32.2 
178 32.13 
178 32.34 
178 32.24 
178 32.11 
178 32.06 
178 31.71 
178 31.68 
178 31.54 
178 31.45 
178 31.23 
178 30.81 
178 30.65 
178 30.76 
178 31.03 
178 30.74 
178 30.53 
178 30.23 
178 29.78 
178 29.33 
178 28.88 
178 28.68 
178 28.62 
178 28.37 
178 28.04 
178 27.57 
178 27.24 
178 26.75 
178 26.63 
178 26.13 
178 25.85 
178 25.31 
178 24.95 
178 24.54 
178 24.08 
178 23.99 
178 23.52 
178 22.97 
178 22.72 
178 22.26 
178 21.74 
178 21.16 
178 20.76 
178 20.16 
178 19.43 
178 18.87 
178 18.46 
178 17.64 
178 17.04 
178 16.49 
178 15.72 
178 15.1 
178 14.51 
178 13.76 
178 13.07 
178 12.51 
178 11.59 
178 10.98 
178 10.38 
178 9.65 
178 9.02 
178 8.34 
178 7.67 
178 6.98 
178 6.39 
178 5.73 
178 5.04 
178 4.47 
178 3.95 
178 3.26 
178 2.8 
178 2.37 
178 1.93 
178 1.52 
178 1.15 
178 0.91 
178 0.67 
178 0.46 
178 0.46 
178 0.41 
178 0.24 
178 0.08 
178 0.09 
178 0.08 
178 0.05 
178 0 
178 0 
178 0 
178 0 
178 0 
178 0 
178 0 
178 0 
178 0 
178 0 
178 0 
178 0 
178 0 
178 0 
178 0 
178 0 
178 0 
178 0 
178 0 
178 0 
178 0 
178 0 
178 0 
178 0 
178 0 
178 0 
178 0 
178 0 
178 0 
178 0 
178 0 
178 0 
178 0 
178 0 
178 0 
178 0 
178 0 
178 0 
178 0 
178 0 
178 0 
178 0 
178 0 
178 0 
178 0 
179 0 
179 0 
179 0 
179 0 
179 0 
179 0 
179 0 
179 0 
179 0 
179 0 
179 0 
179 0 
179 0 
179 0 
179 0 
179 0 
179 0 
179 0 
179 0 
179 0 
179 0 
179 0 
179 0 
179 0 
179 0 
179 0 
179 0 
179 0 
179 0 
179 0 
179 0 
179 0 
179 0 
179 0 
179 0 
179 0 
179 0 
179 0 
179 0 
179 0 
179 0 
179 0 
179 0 
179 0 
179 0 
179 0 
179 0 
179 0 
179 0 
179 0 
179 0 
179 0 
179 0 
179 0 
179 0 
179 0 
179 0 
179 0 
179 0 
179 0 
179 0 
179 0 
179 0 
179 0 
179 0 
179 0 
179 0 
179 0 
179 0 
179 0 
179 0 
179 0 
179 0 
179 0 
179 0.01 
179 0.07 
179 0.09 
179 0.17 
179 0.23 
179 0.29 
179 0.44 
179 0.62 
179 0.79 
179 1.03 
179 1.4 
179 1.83 
179 2.34 
179 2.98 
179 3.47 
179 4.14 
179 4.7 
179 5.17 
179 5.68 
179 6.41 
179 7.05 
179 7.58 
179 8.35 
179 9.07 
179 9.69 
179 10.34 
179 11.06 
179 11.8 
179 12.62 
179 13.15 
179 13.92 
179 14.61 
179 15.22 
179 16.01 
179 16.67 
179 17.23 
179 17.88 
179 18.51 
179 19.04 
179 19.28 
179 19.71 
179 20.25 
179 20.51 
179 21.22 
179 21.79 
179 21.85 
179 22.32 
179 23.12 
179 23.37 
179 24.02 
179 24.56 
179 24.82 
179 25.44 
179 25.84 
179 26.2 
179 26.79 
179 27.18 
179 27.68 
179 27.87 
179 28.41 
179 28.5 
179 29.19 
179 29.47 
179 29.63 
179 29.91 
179 30.11 
179 30.38 
179 30.63 
179 30.95 
179 30.72 
179 31.06 
179 31.35 
179 31.18 
179 31.26 
179 31.41 
179 31.49 
179 31.54 
179 31.47 
179 31.57 
179 31.85 
179 31.77 
179 31.93 
179 31.86 
179 31.93 
179 31.79 
179 31.66 
179 31.56 
179 31.61 
179 31.51 
179 31.46 
179 31.22 
179 31.48 
179 31.41 
179 31.4 
179 31.43 
179 31.07 
179 30.83 
179 30.59 
179 30.53 
179 30.26 
179 30.23 
179 29.82 
179 29.67 
179 29.35 
179 29.13 
179 28.81 
179 28.71 
179 28.36 
179 27.99 
179 27.83 
179 27.12 
179 26.85 
179 26.47 
179 26.03 
179 25.56 
179 25.2 
179 24.95 
179 24.7 
179 24.46 
179 23.95 
179 23.35 
179 22.67 
179 22.3 
179 21.67 
179 21.2 
179 20.76 
179 20.31 
179 19.75 
179 19.19 
179 18.71 
179 18.1 
179 17.43 
179 16.77 
179 16.04 
179 15.52 
179 14.94 
179 14.36 
179 13.68 
179 13.01 
179 12.29 
179 11.7 
179 10.96 
179 10.32 
179 9.58 
179 8.96 
179 8.33 
179 7.69 
179 7.03 
179 6.39 
179 5.8 
179 5.06 
179 4.49 
179 3.96 
179 3.51 
179 2.91 
179 2.4 
179 1.98 
179 1.57 
179 1.2 
179 0.91 
179 0.7 
179 0.5 
179 0.48 
179 0.4 
179 0.22 
179 0.13 
179 0.1 
179 0.1 
179 0.03 
179 0.02 
179 0 
179 0 
179 0 
179 0 
179 0 
179 0 
179 0 
179 0 
179 0 
179 0 
179 0 
179 0 
179 0 
179 0 
179 0 
179 0 
179 0 
179 0 
179 0 
179 0 
179 0 
179 0 
179 0 
179 0 
179 0 
179 0 
179 0 
179 0 
179 0 
179 0 
179 0 
179 0 
179 0 
179 0 
179 0 
179 0 
179 0 
179 0 
179 0 
179 0 
179 0 
179 0 
179 0 
179 0 
180 0 
180 0 
180 0 
180 0 
180 0 
180 0 
180 0 
180 0 
180 0 
180 0 
180 0 
180 0 
180 0 
180 0 
180 0 
180 0 
180 0 
180 0 
180 0 
180 0 
180 0 
180 0 
180 0 
180 0 
180 0 
180 0 
180 0 
180 0 
180 0 
180 0 
180 0 
180 0 
180 0 
180 0 
180 0 
180 0 
180 0 
180 0 
180 0 
180 0 
180 0 
180 0 
180 0 
180 0 
180 0 
180 0 
180 0 
180 0 
180 0 
180 0 
180 0 
180 0 
180 0 
180 0 
180 0 
180 0 
180 0 
180 0 
180 0 
180 0 
180 0 
180 0 
180 0 
180 0 
180 0 
180 0 
180 0 
180 0 
180 0 
180 0 
180 0 
180 0 
180 0 
180 0 
180 0 
180 0 
180 0 
180 0 
180 0 
180 0 
180 0 
180 0 
180 0 
180 0 
180 0 
180 0 
180 0 
180 0 
180 0 
180 0 
180 0 
180 0 
180 0 
180 0 
180 0 
180 0 
180 0 
180 0 
180 0 
180 0 
180 0 
180 0 
180 0 
180 0 
180 0 
180 0 
180 0 
180 0 
180 0 
180 0 
180 0 
180 0 
180 0 
180 0 
180 0 
180 0 
180 20.22 
180 20.79 
180 21.54 
180 22.21 
180 22.87 
180 23.32 
180 23.56 
180 24.06 
180 24.57 
180 25.2 
180 25.81 
180 25.98 
180 26.45 
180 26.73 
180 27.29 
180 27.98 
180 28.31 
180 28.67 
180 29.17 
180 29.48 
180 29.93 
180 30.16 
180 30.13 
180 30.23 
180 30.82 
180 30.69 
180 30.83 
180 31.28 
180 31.68 
180 31.81 
180 32.06 
180 32.12 
180 32.3 
180 32.09 
180 32.37 
180 32.32 
180 32.27 
180 32.76 
180 32.36 
180 32.27 
180 32.5 
180 32.66 
180 32.6 
180 32.49 
180 32.63 
180 32.57 
180 32.32 
180 32.47 
180 32.35 
180 32.23 
180 32.07 
180 31.74 
180 31.75 
180 31.59 
180 31.5 
180 31.32 
180 30.96 
180 30.96 
180 30.82 
180 30.47 
180 30.45 
180 30.18 
180 29.72 
180 29.38 
180 29.13 
180 28.88 
180 28.66 
180 28.38 
180 27.99 
180 27.6 
180 27.46 
180 26.68 
180 26.51 
180 26.05 
180 25.64 
180 25.27 
180 24.72 
180 24.34 
180 23.95 
180 23.32 
180 23.01 
180 22.4 
180 21.81 
180 21.31 
180 20.74 
180 20.14 
180 19.56 
180 18.94 
180 18.42 
180 17.73 
180 17.03 
180 16.48 
180 15.91 
180 15.23 
180 14.6 
180 13.9 
180 13.32 
180 12.55 
180 11.89 
180 11.16 
180 10.58 
180 9.83 
180 9.11 
180 8.34 
180 7.73 
180 7.11 
180 6.44 
180 5.8 
180 5.12 
180 4.49 
180 3.96 
180 3.45 
180 2.95 
180 2.51 
180 2.05 
180 1.6 
180 1.25 
180 0.95 
180 0.75 
180 0.52 
180 0.51 
180 0.45 
180 0.27 
180 0.17 
180 0.12 
180 0.08 
180 0.05 
180 0.02 
180 0 
180 0 
180 0 
180 0 
180 0 
180 0 
180 0 
180 0 
180 0 
180 0 
180 0 
180 0 
180 0 
180 0 
180 0 
180 0 
180 0 
180 0 
180 0 
180 0 
180 0 
180 0 
180 0 
180 0 
180 0 
180 0 
180 0 
180 0 
180 0 
180 0 
180 0 
180 0 
180 0 
180 0 
180 0 
180 0 
180 0 
180 0 
180 0 
180 0 
180 0 
180 0 
180 0 
180 0 
181 0 
181 0 
181 0 
181 0 
181 0 
181 0 
181 0 
181 0 
181 0 
181 0 
181 0 
181 0 
181 0 
181 0 
181 0 
181 0 
181 0 
181 0 
181 0 
181 0 
181 0 
181 0 
181 0 
181 0 
181 0 
181 0 
181 0 
181 0 
181 0 
181 0 
181 0 
181 0 
181 0 
181 0 
181 0 
181 0 
181 0 
181 0 
181 0 
181 0 
181 0 
181 0 
181 0 
181 0 
181 0 
181 0 
181 0 
181 0 
181 0 
181 0 
181 0 
181 0 
181 0 
181 0 
181 0 
181 0 
181 0 
181 0 
181 0 
181 0 
181 0 
181 0 
181 0 
181 0 
181 0 
181 0 
181 0 
181 0 
181 0 
181 0 
181 0 
181 0 
181 0 
181 0 
181 0 
181 0 
181 0 
181 0 
181 0 
181 0 
181 0 
181 0 
181 0 
181 0 
181 0 
181 0 
181 0 
181 0 
181 0 
181 0 
181 0 
181 0 
181 0 
181 0 
181 0 
181 0 
181 0 
181 0 
181 0 
181 0 
181 0 
181 0 
181 0 
181 0 
181 0 
181 0 
181 0 
181 0 
181 0 
181 0 
181 0 
181 0 
181 0 
181 0 
181 0 
181 0 
181 10.22 
181 10.64 
181 13.34 
181 19.05 
181 15.5 
181 21.08 
181 24.64 
181 24.83 
181 24.62 
181 25.09 
181 25.34 
181 26.11 
181 26.64 
181 26.98 
181 27.49 
181 27.95 
181 28.22 
181 28.68 
181 29.04 
181 29.6 
181 29.87 
181 30.27 
181 30.43 
181 30.94 
181 31.13 
181 31.18 
181 31.28 
181 31.41 
181 31.48 
181 31.72 
181 32.19 
181 32.0 
181 32.04 
181 32.21 
181 32.21 
181 32.39 
181 32.19 
181 32.52 
181 32.52 
181 32.82 
181 32.58 
181 32.25 
181 32.28 
181 32.5 
181 32.28 
181 32.03 
181 32.02 
181 31.84 
181 31.92 
181 31.62 
181 31.72 
181 31.13 
181 31.41 
181 31.28 
181 31.22 
181 30.99 
181 30.89 
181 30.93 
181 30.61 
181 30.42 
181 30.17 
181 29.77 
181 29.6 
181 29.28 
181 28.99 
181 28.82 
181 28.54 
181 28.17 
181 27.9 
181 27.4 
181 26.9 
181 26.73 
181 26.18 
181 25.89 
181 25.47 
181 25.01 
181 24.52 
181 24.08 
181 23.63 
181 23.07 
181 22.67 
181 22.04 
181 21.54 
181 20.97 
181 20.37 
181 19.85 
181 19.26 
181 18.62 
181 18.09 
181 17.43 
181 16.79 
181 16.28 
181 15.62 
181 14.89 
181 14.33 
181 13.67 
181 12.94 
181 12.31 
181 11.67 
181 11.0 
181 10.33 
181 9.58 
181 8.98 
181 8.23 
181 7.59 
181 6.93 
181 6.27 
181 5.66 
181 5.05 
181 4.45 
181 4.02 
181 3.44 
181 2.94 
181 2.47 
181 2.01 
181 1.62 
181 1.24 
181 1.02 
181 0.78 
181 0.61 
181 0.55 
181 0.49 
181 0.25 
181 0.23 
181 0.15 
181 0.1 
181 0.08 
181 0.07 
181 0 
181 0 
181 0 
181 0 
181 0 
181 0 
181 0 
181 0 
181 0 
181 0 
181 0 
181 0 
181 0 
181 0 
181 0 
181 0 
181 0 
181 0 
181 0 
181 0 
181 0 
181 0 
181 0 
181 0 
181 0 
181 0 
181 0 
181 0 
181 0 
181 0 
181 0 
181 0 
181 0 
181 0 
181 0 
181 0 
181 0 
181 0 
181 0 
181 0 
181 0 
181 0 
181 0 
181 0 
182 0 
32 0 
32 0 
32 0 
32 0 
32 0 
32 0 
32 0 
32 0 
32 0 
32 0 
32 0 
32 0 
32 0 
32 0 
32 0 
32 0 
32 0 
32 0 
32 0 
32 0 
32 0 
32 0 
32 0 
32 0 
32 0 
32 0 
32 0 
32 0 
32 0 
32 0 
32 0 
32 0 
32 0 
32 0 
32 0 
32 0 
32 0 
32 0 
32 0 
32 0 
32 0 
32 0 
32 0 
32 0 
32 0 
32 0 
32 0 
32 0 
32 0 
32 0 
32 0 
32 0 
32 0 
32 0 
32 0 
32 0 
32 0 
32 0 
32 0 
32 0 
32 0 
32 0 
32 0 
32 0 
32 0 
32 0 
32 0 
32 0 
32 0 
32 0 
32 0 
32 0 
32 0 
32 0 
32 0 
32 0 
32 0 
32 0 
32 0 
32 0 
32 0 
32 0 
32 0 
32 0 
32 0 
32 0 
32 0 
32 0 
32 0.02 
32 0.03 
32 0.16 
32 0.29 
32 0.55 
32 0.89 
32 1.53 
32 1.51 
32 2.34 
32 3.44 
32 4.53 
32 5.75 
32 7.76 
32 8.88 
32 10.0 
32 10.83 
32 11.51 
32 12.28 
32 13.04 
32 13.8 
32 14.5 
32 15.22 
32 15.96 
32 16.49 
32 17.13 
32 17.87 
32 18.41 
32 19.02 
32 19.54 
32 20.02 
32 20.73 
32 21.32 
32 21.75 
32 22.05 
32 22.71 
32 23.07 
32 23.35 
32 23.61 
32 24.05 
32 24.37 
32 24.75 
32 25.07 
32 25.36 
32 25.7 
32 25.94 
32 26.09 
32 26.49 
32 26.72 
32 26.75 
32 26.85 
32 26.88 
32 27.09 
32 27.13 
32 27.49 
32 27.44 
32 27.43 
32 27.56 
32 27.51 
32 27.61 
32 27.71 
32 27.67 
32 27.58 
32 27.59 
32 27.36 
32 27.2 
32 27.06 
32 26.96 
32 26.83 
32 26.84 
32 26.73 
32 26.41 
32 26.32 
32 26.17 
32 25.92 
32 25.61 
32 25.36 
32 25.3 
32 25.29 
32 24.86 
32 24.47 
32 24.29 
32 23.94 
32 23.47 
32 23.12 
32 22.53 
32 22.24 
32 21.88 
32 21.46 
32 20.97 
32 20.53 
32 20.05 
32 19.63 
32 19.16 
32 18.55 
32 17.94 
32 17.31 
32 16.8 
32 16.27 
32 15.59 
32 15.12 
32 14.47 
32 13.81 
32 13.05 
32 12.46 
32 11.56 
32 10.33 
32 8.89 
32 5.81 
32 0.51 
32 0.48 
32 0.42 
32 0.42 
32 0.35 
32 0.32 
32 0.29 
32 0.24 
32 0.16 
32 0.13 
32 0.1 
32 0 
32 0 
32 0 
32 0 
32 0 
32 0 
32 0 
32 0 
32 0 
32 0 
32 0 
32 0 
32 0 
32 0 
32 0 
32 0 
32 0 
32 0 
32 0 
32 0 
32 0 
32 0 
32 0 
32 0 
32 0 
32 0 
32 0 
32 0 
32 0 
32 0 
32 0 
32 0 
32 0 
32 0 
32 0 
32 0 
32 0 
32 0 
32 0 
32 0 
32 0 
32 0 
32 0 
32 0 
32 0 
32 0 
32 0 
32 0 
32 0 
32 0 
32 0 
32 0 
32 0 
32 0 
32 0 
32 0 
32 0 
32 0 
32 0 
32 0 
32 0 
32 0 
32 0 
32 0 
32 0 
32 0 
32 0 
32 0 
32 0 
32 0 
32 0 
32 0 
32 0 
32 0 
32 0 
32 0 
32 0 
32 0 
32 0 
32 0 
33 0 
33 0 
33 0 
33 0 
33 0 
33 0 
33 0 
33 0 
33 0 
33 0 
33 0 
33 0 
33 0 
33 0 
33 0 
33 0 
33 0 
33 0 
33 0 
33 0 
33 0 
33 0 
33 0 
33 0 
33 0 
33 0 
33 0 
33 0 
33 0 
33 0 
33 0 
33 0 
33 0 
33 0 
33 0 
33 0 
33 0 
33 0 
33 0 
33 0 
33 0 
33 0 
33 0 
33 0 
33 0 
33 0 
33 0 
33 0 
33 0 
33 0 
33 0 
33 0 
33 0 
33 0 
33 0 
33 0 
33 0 
33 0 
33 0 
33 0 
33 0 
33 0 
33 0 
33 0 
33 0 
33 0 
33 0 
33 0 
33 0 
33 0 
33 0 
33 0 
33 0 
33 0 
33 0 
33 0 
33 0 
33 0 
33 0 
33 0 
33 0 
33 0 
33 0 
33 0 
33 0 
33 0 
33 0 
33 0 
33 0 
33 0 
33 0.04 
33 0.14 
33 0.3 
33 0.64 
33 1.07 
33 1.63 
33 1.95 
33 2.76 
33 3.94 
33 5.05 
33 6.56 
33 8.02 
33 9.0 
33 9.97 
33 10.71 
33 11.3 
33 12.02 
33 12.72 
33 13.47 
33 14.11 
33 14.77 
33 15.47 
33 16.04 
33 16.76 
33 17.38 
33 17.94 
33 18.51 
33 19.15 
33 19.7 
33 20.21 
33 20.75 
33 21.21 
33 21.68 
33 22.03 
33 22.47 
33 22.86 
33 23.29 
33 23.5 
33 23.91 
33 24.04 
33 24.47 
33 24.77 
33 25.13 
33 25.92 
33 26.32 
33 26.07 
33 24.32 
33 26.53 
33 26.51 
33 26.74 
33 26.58 
33 25.86 
33 26.3 
33 26.8 
33 27.78 
33 27.88 
33 28.04 
33 26.19 
33 27.58 
33 27.35 
33 27.17 
33 27.2 
33 26.93 
33 26.78 
33 26.63 
33 26.62 
33 26.54 
33 26.43 
33 26.41 
33 26.2 
33 25.92 
33 25.79 
33 25.42 
33 25.34 
33 24.96 
33 24.84 
33 24.48 
33 24.38 
33 24.03 
33 23.62 
33 23.6 
33 23.1 
33 22.71 
33 22.29 
33 21.73 
33 21.37 
33 21.01 
33 20.57 
33 20.15 
33 19.77 
33 18.91 
33 18.7 
33 18.07 
33 17.98 
33 17.37 
33 17.59 
33 17.29 
33 16.99 
33 13.5 
33 12.29 
33 13.05 
33 10.05 
33 7.27 
33 7.74 
33 7.21 
33 5.28 
33 5.02 
33 2.49 
33 1.85 
33 1.35 
33 0.93 
33 0.61 
33 0.4 
33 0.28 
33 0.25 
33 0.21 
33 0.17 
33 0.1 
33 0 
33 0.01 
33 0 
33 0 
33 0 
33 0 
33 0 
33 0 
33 0 
33 0 
33 0 
33 0 
33 0 
33 0 
33 0 
33 0 
33 0 
33 0 
33 0 
33 0 
33 0 
33 0 
33 0 
33 0 
33 0 
33 0 
33 0 
33 0 
33 0 
33 0 
33 0 
33 0 
33 0 
33 0 
33 0 
33 0 
33 0 
33 0 
33 0 
33 0 
33 0 
33 0 
33 0 
33 0 
33 0 
33 0 
33 0 
33 0 
33 0 
33 0 
33 0 
33 0 
33 0 
33 0 
33 0 
33 0 
33 0 
33 0 
33 0 
33 0 
33 0 
33 0 
33 0 
33 0 
33 0 
33 0 
33 0 
33 0 
33 0 
33 0 
33 0 
33 0 
33 0 
33 0 
33 0 
33 0 
33 0 
33 0 
33 0 
33 0 
34 0 
34 0 
34 0 
34 0 
34 0 
34 0 
34 0 
34 0 
34 0 
34 0 
34 0 
34 0 
34 0 
34 0 
34 0 
34 0 
34 0 
34 0 
34 0 
34 0 
34 0 
34 0 
34 0 
34 0 
34 0 
34 0 
34 0 
34 0 
34 0 
34 0 
34 0 
34 0 
34 0 
34 0 
34 0 
34 0 
34 0 
34 0 
34 0 
34 0 
34 0 
34 0 
34 0 
34 0 
34 0 
34 0 
34 0 
34 0 
34 0 
34 0 
34 0 
34 0 
34 0 
34 0 
34 0 
34 0 
34 0 
34 0 
34 0 
34 0 
34 0 
34 0 
34 0 
34 0 
34 0 
34 0 
34 0 
34 0 
34 0 
34 0 
34 0 
34 0 
34 0 
34 0 
34 0 
34 0 
34 0 
34 0 
34 0 
34 0 
34 0 
34 0 
34 0 
34 0 
34 0 
34 0 
34 0 
34 0 
34 0.03 
34 0.16 
34 0.29 
34 0.37 
34 0.51 
34 0.69 
34 0.89 
34 1.14 
34 1.45 
34 2.47 
34 3.67 
34 4.73 
34 5.12 
34 8.75 
34 8.4 
34 10.57 
34 11.14 
34 11.08 
34 12.22 
34 9.61 
34 6.58 
34 9.86 
34 12.44 
34 7.56 
34 9.51 
34 6.13 
34 8.44 
34 14.45 
34 5.71 
34 7.13 
34 9.4 
34 7.47 
34 7.09 
34 10.42 
34 15.72 
34 18.87 
34 22.45 
34 22.9 
34 23.09 
34 14.19 
34 8.79 
34 9.16 
34 13.81 
34 19.41 
34 16.45 
34 18.85 
34 17.74 
34 23.42 
34 21.46 
34 19.57 
34 16.37 
34 22.66 
34 22.02 
34 19.99 
34 15.75 
34 15.77 
34 12.63 
34 13.78 
34 22.08 
34 22.66 
34 24.16 
34 23.57 
34 23.43 
34 23.15 
34 23.92 
34 22.66 
34 12.3 
34 16.39 
34 12.91 
34 12.27 
34 14.71 
34 13.44 
34 13.19 
34 13.68 
34 8.89 
34 16.39 
34 24.81 
34 21.95 
34 17.33 
34 19.93 
34 12.7 
34 21.23 
34 22.7 
34 23.09 
34 22.1 
34 21.65 
34 21.08 
34 20.72 
34 20.19 
34 19.86 
34 19.29 
34 18.72 
34 18.26 
34 17.9 
34 15.01 
34 9.15 
34 13.81 
34 15.96 
34 15.29 
34 10.67 
34 7.91 
34 1.89 
34 5.4 
34 12.25 
34 11.51 
34 10.83 
34 9.91 
34 9.08 
34 7.9 
34 0.93 
34 0.63 
34 0.56 
34 0.54 
34 0.45 
34 0.4 
34 0.31 
34 0.25 
34 0.18 
34 0.11 
34 0.09 
34 0.03 
34 0 
34 0 
34 0 
34 0 
34 0 
34 0 
34 0 
34 0 
34 0 
34 0 
34 0 
34 0 
34 0 
34 0 
34 0 
34 0 
34 0 
34 0 
34 0 
34 0 
34 0 
34 0 
34 0 
34 0 
34 0 
34 0 
34 0 
34 0 
34 0 
34 0 
34 0 
34 0 
34 0 
34 0 
34 0 
34 0 
34 0 
34 0 
34 0 
34 0 
34 0 
34 0 
34 0 
34 0 
34 0 
34 0 
34 0 
34 0 
34 0 
34 0 
34 0 
34 0 
34 0 
34 0 
34 0 
34 0 
34 0 
34 0 
34 0 
34 0 
34 0 
34 0 
34 0 
34 0 
34 0 
34 0 
34 0 
34 0 
34 0 
34 0 
34 0 
34 0 
34 0 
34 0 
34 0 
34 0 
34 0 
34 0 
34 0 
35 0 
35 0 
35 0 
35 0 
35 0 
35 0 
35 0 
35 0 
35 0 
35 0 
35 0 
35 0 
35 0 
35 0 
35 0 
35 0 
35 0 
35 0 
35 0 
35 0 
35 0 
35 0 
35 0 
35 0 
35 0 
35 0 
35 0 
35 0 
35 0 
35 0 
35 0 
35 0 
35 0 
35 0 
35 0 
35 0 
35 0 
35 0 
35 0 
35 0 
35 0 
35 0 
35 0 
35 0 
35 0 
35 0 
35 0 
35 0 
35 0 
35 0 
35 0 
35 0 
35 0 
35 0 
35 0 
35 0 
35 0 
35 0 
35 0 
35 0 
35 0 
35 0 
35 0 
35 0 
35 0 
35 0 
35 0 
35 0 
35 0 
35 0 
35 0 
35 0 
35 0 
35 0 
35 0 
35 0 
35 0 
35 0 
35 0 
35 0 
35 0 
35 0 
35 0 
35 0 
35 0 
35 0 
35 0 
35 0 
35 0 
35 0 
35 0 
35 0 
35 0 
35 0 
35 0 
35 0 
35 0 
35 3.04 
35 3.96 
35 4.94 
35 6.3 
35 8.06 
35 9.16 
35 9.55 
35 10.56 
35 11.47 
35 12.24 
35 12.82 
35 13.57 
35 14.15 
35 14.71 
35 15.33 
35 15.64 
35 16.32 
35 16.57 
35 17.3 
35 17.77 
35 18.01 
35 18.72 
35 19.19 
35 19.55 
35 20.2 
35 20.51 
35 20.73 
35 21.23 
35 21.5 
35 21.92 
35 22.12 
35 22.48 
35 22.6 
35 22.84 
35 23.01 
35 23.12 
35 23.15 
35 23.57 
35 23.77 
35 23.86 
35 24.09 
35 24.13 
35 24.24 
35 24.39 
35 24.38 
35 24.55 
35 24.62 
35 24.65 
35 24.75 
35 24.66 
35 24.73 
35 24.64 
35 24.9 
35 24.87 
35 24.92 
35 24.79 
35 24.87 
35 24.7 
35 24.42 
35 24.27 
35 24.34 
35 24.23 
35 24.01 
35 23.89 
35 23.22 
35 23.76 
35 23.62 
35 23.31 
35 23.12 
35 22.67 
35 22.49 
35 21.8 
35 21.99 
35 21.65 
35 21.37 
35 20.96 
35 20.7 
35 20.16 
35 19.91 
35 19.39 
35 18.96 
35 18.44 
35 18.02 
35 17.54 
35 17.2 
35 16.77 
35 16.15 
35 15.52 
35 15.12 
35 14.58 
35 13.81 
35 13.22 
35 12.34 
35 11.49 
35 11.02 
35 10.61 
35 10.0 
35 9.44 
35 8.66 
35 7.8 
35 1.79 
35 0.88 
35 0.91 
35 0.91 
35 0.95 
35 0.93 
35 0.84 
35 0.64 
35 0.43 
35 0.3 
35 0.18 
35 0.03 
35 0 
35 0 
35 0 
35 0 
35 0 
35 0 
35 0 
35 0 
35 0 
35 0 
35 0 
35 0 
35 0 
35 0 
35 0 
35 0 
35 0 
35 0 
35 0 
35 0 
35 0 
35 0 
35 0 
35 0 
35 0 
35 0 
35 0 
35 0 
35 0 
35 0 
35 0 
35 0 
35 0 
35 0 
35 0 
35 0 
35 0 
35 0 
35 0 
35 0 
35 0 
35 0 
35 0 
35 0 
35 0 
35 0 
35 0 
35 0 
35 0 
35 0 
35 0 
35 0 
35 0 
35 0 
35 0 
35 0 
35 0 
35 0 
35 0 
35 0 
35 0 
35 0 
35 0 
35 0 
35 0 
35 0 
35 0 
35 0 
35 0 
35 0 
35 0 
35 0 
35 0 
35 0 
35 0 
35 0 
35 0 
35 0 
35 0 
36 0 
36 0 
36 0 
36 0 
36 0 
36 0 
36 0 
36 0 
36 0 
36 0 
36 0 
36 0 
36 0 
36 0 
36 0 
36 0 
36 0 
36 0 
36 0 
36 0 
36 0 
36 0 
36 0 
36 0 
36 0 
36 0 
36 0 
36 0 
36 0 
36 0 
36 0 
36 0 
36 0 
36 0 
36 0 
36 0 
36 0 
36 0 
36 0 
36 0 
36 0 
36 0 
36 0 
36 0 
36 0 
36 0 
36 0 
36 0 
36 0 
36 0 
36 0 
36 0 
36 0 
36 0 
36 0 
36 0 
36 0 
36 0 
36 0 
36 0 
36 0 
36 0 
36 0 
36 0 
36 0 
36 0 
36 0 
36 0 
36 0 
36 0 
36 0 
36 0 
36 0 
36 0 
36 0 
36 0 
36 0 
36 0 
36 0 
36 0 
36 0 
36 0 
36 0 
36 0 
36 0 
36 0 
36 0 
36 0 
36 0 
36 0.08 
36 0.29 
36 0.53 
36 0.72 
36 1.0 
36 1.19 
36 1.45 
36 1.88 
36 2.06 
36 2.29 
36 2.76 
36 3.37 
36 4.09 
36 4.5 
36 4.94 
36 5.17 
36 5.2 
36 5.95 
36 5.84 
36 6.43 
36 6.82 
36 6.86 
36 7.44 
36 7.31 
36 8.52 
36 9.88 
36 10.25 
36 11.06 
36 11.96 
36 13.47 
36 14.43 
36 15.25 
36 15.68 
36 16.57 
36 16.51 
36 17.91 
36 17.5 
36 17.98 
36 17.14 
36 17.67 
36 19.78 
36 20.85 
36 20.14 
36 20.22 
36 19.99 
36 16.61 
36 17.39 
36 19.35 
36 22.3 
36 24.26 
36 25.03 
36 23.61 
36 23.71 
36 23.12 
36 24.44 
36 24.94 
36 24.7 
36 23.17 
36 23.41 
36 24.29 
36 24.15 
36 24.46 
36 23.96 
36 25.47 
36 25.97 
36 25.67 
36 25.58 
36 25.49 
36 24.95 
36 24.53 
36 24.19 
36 24.01 
36 23.77 
36 24.33 
36 23.21 
36 23.88 
36 22.67 
36 23.3 
36 23.02 
36 22.71 
36 22.55 
36 22.18 
36 21.97 
36 21.46 
36 21.24 
36 20.69 
36 20.58 
36 19.7 
36 19.47 
36 19.18 
36 18.54 
36 18.18 
36 17.65 
36 17.14 
36 16.64 
36 16.11 
36 15.48 
36 14.83 
36 14.23 
36 13.7 
36 13.11 
36 12.48 
36 11.8 
36 11.17 
36 10.48 
36 9.91 
36 9.17 
36 8.45 
36 2.95 
36 0.66 
36 0.62 
36 0.57 
36 0.51 
36 0.47 
36 0.42 
36 0.36 
36 0.3 
36 0.22 
36 0.16 
36 0.09 
36 0.03 
36 0.01 
36 0 
36 0 
36 0 
36 0 
36 0 
36 0 
36 0 
36 0 
36 0 
36 0 
36 0 
36 0 
36 0 
36 0 
36 0 
36 0 
36 0 
36 0 
36 0 
36 0 
36 0 
36 0 
36 0 
36 0 
36 0 
36 0 
36 0 
36 0 
36 0 
36 0 
36 0 
36 0 
36 0 
36 0 
36 0 
36 0 
36 0 
36 0 
36 0 
36 0 
36 0 
36 0 
36 0 
36 0 
36 0 
36 0 
36 0 
36 0 
36 0 
36 0 
36 0 
36 0 
36 0 
36 0 
36 0 
36 0 
36 0 
36 0 
36 0 
36 0 
36 0 
36 0 
36 0 
36 0 
36 0 
36 0 
36 0 
36 0 
36 0 
36 0 
36 0 
36 0 
36 0 
36 0 
36 0 
36 0 
36 0 
37 0 
37 0 
37 0 
37 0 
37 0 
37 0 
37 0 
37 0 
37 0 
37 0 
37 0 
37 0 
37 0 
37 0 
37 0 
37 0 
37 0 
37 0 
37 0 
37 0 
37 0 
37 0 
37 0 
37 0 
37 0 
37 0 
37 0 
37 0 
37 0 
37 0 
37 0 
37 0 
37 0 
37 0 
37 0 
37 0 
37 0 
37 0 
37 0 
37 0 
37 0 
37 0 
37 0 
37 0 
37 0 
37 0 
37 0 
37 0 
37 0 
37 0 
37 0 
37 0 
37 0 
37 0 
37 0 
37 0 
37 0 
37 0 
37 0 
37 0 
37 0 
37 0 
37 0 
37 0 
37 0 
37 0 
37 0 
37 0 
37 0 
37 0 
37 0 
37 0 
37 0 
37 0 
37 0 
37 0 
37 0 
37 0 
37 0 
37 0 
37 0 
37 0 
37 0 
37 0 
37 0 
37 0 
37 0 
37 0 
37 0 
37 0 
37 0 
37 0 
37 0 
37 0 
37 0 
37 0 
37 0 
37 0 
37 0 
37 0 
37 0 
37 9.11 
37 9.93 
37 10.66 
37 11.45 
37 12.17 
37 12.9 
37 13.62 
37 14.23 
37 14.86 
37 15.48 
37 16.02 
37 16.63 
37 17.15 
37 17.71 
37 18.24 
37 18.76 
37 19.16 
37 19.56 
37 20.17 
37 20.49 
37 20.88 
37 21.21 
37 21.59 
37 21.88 
37 22.31 
37 22.53 
37 22.9 
37 23.07 
37 23.38 
37 23.55 
37 23.85 
37 24.05 
37 24.09 
37 24.36 
37 24.6 
37 24.74 
37 24.8 
37 24.91 
37 25.07 
37 25.27 
37 25.44 
37 25.41 
37 25.66 
37 25.56 
37 25.64 
37 25.13 
37 25.46 
37 25.3 
37 25.26 
37 25.42 
37 25.32 
37 25.17 
37 25.13 
37 25.15 
37 25.0 
37 24.46 
37 24.75 
37 24.65 
37 24.5 
37 24.45 
37 24.34 
37 24.25 
37 24.06 
37 23.84 
37 23.7 
37 23.5 
37 23.24 
37 22.92 
37 22.65 
37 22.41 
37 22.04 
37 21.8 
37 21.27 
37 20.97 
37 20.65 
37 20.13 
37 19.87 
37 19.41 
37 19.04 
37 18.36 
37 17.97 
37 17.44 
37 17.07 
37 16.33 
37 15.86 
37 15.22 
37 14.7 
37 14.17 
37 13.48 
37 12.89 
37 12.21 
37 11.68 
37 10.98 
37 10.34 
37 9.67 
37 8.97 
37 6.21 
37 0.59 
37 0.5 
37 0.46 
37 0.45 
37 0.42 
37 0.35 
37 0.32 
37 0.27 
37 0.22 
37 0.17 
37 0.09 
37 0.02 
37 0.02 
37 0 
37 0 
37 0 
37 0 
37 0 
37 0 
37 0 
37 0 
37 0 
37 0 
37 0 
37 0 
37 0 
37 0 
37 0 
37 0 
37 0 
37 0 
37 0 
37 0 
37 0 
37 0 
37 0 
37 0 
37 0 
37 0 
37 0 
37 0 
37 0 
37 0 
37 0 
37 0 
37 0 
37 0 
37 0 
37 0 
37 0 
37 0 
37 0 
37 0 
37 0 
37 0 
37 0 
37 0 
37 0 
37 0 
37 0 
37 0 
37 0 
37 0 
37 0 
37 0 
37 0 
37 0 
37 0 
37 0 
37 0 
37 0 
37 0 
37 0 
37 0 
37 0 
37 0 
37 0 
37 0 
37 0 
37 0 
37 0 
37 0 
37 0 
37 0 
37 0 
37 0 
37 0 
37 0 
37 0 
37 0 
38 0 
38 0 
38 0 
38 0 
38 0 
38 0 
38 0 
38 0 
38 0 
38 0 
38 0 
38 0 
38 0 
38 0 
38 0 
38 0 
38 0 
38 0 
38 0 
38 0 
38 0 
38 0 
38 0 
38 0 
38 0 
38 0 
38 0 
38 0 
38 0 
38 0 
38 0 
38 0 
38 0 
38 0 
38 0 
38 0 
38 0 
38 0 
38 0 
38 0 
38 0 
38 0 
38 0 
38 0 
38 0 
38 0 
38 0 
38 0 
38 0 
38 0 
38 0 
38 0 
38 0 
38 0 
38 0 
38 0 
38 0 
38 0 
38 0 
38 0 
38 0 
38 0 
38 0 
38 0 
38 0 
38 0 
38 0 
38 0 
38 0 
38 0 
38 0 
38 0 
38 0 
38 0 
38 0 
38 0 
38 0 
38 0 
38 0 
38 0 
38 0 
38 0 
38 0 
38 0 
38 0 
38 0 
38 0 
38 0 
38 0 
38 0 
38 0 
38 0 
38 0 
38 0 
38 0 
38 0 
38 0 
38 0 
38 0 
38 0 
38 0 
38 8.79 
38 9.62 
38 10.19 
38 10.92 
38 11.83 
38 12.43 
38 13.13 
38 13.77 
38 14.35 
38 14.98 
38 15.6 
38 16.05 
38 16.58 
38 17.24 
38 17.82 
38 18.25 
38 18.74 
38 19.19 
38 19.54 
38 19.95 
38 20.34 
38 20.73 
38 21.08 
38 21.43 
38 21.7 
38 22.08 
38 22.23 
38 22.5 
38 22.79 
38 23.06 
38 23.28 
38 23.29 
38 23.59 
38 23.67 
38 23.76 
38 24.03 
38 24.12 
38 24.33 
38 24.33 
38 24.59 
38 24.71 
38 24.79 
38 25.1 
38 25.26 
38 25.25 
38 25.46 
38 25.42 
38 25.17 
38 25.04 
38 24.82 
38 24.96 
38 25.06 
38 25.05 
38 25.02 
38 24.85 
38 24.71 
38 24.39 
38 24.4 
38 24.04 
38 24.01 
38 23.87 
38 23.87 
38 23.61 
38 23.47 
38 23.24 
38 23.12 
38 22.78 
38 22.63 
38 22.31 
38 22.0 
38 21.7 
38 21.26 
38 21.03 
38 20.65 
38 20.3 
38 19.86 
38 19.56 
38 19.19 
38 18.64 
38 18.33 
38 17.78 
38 17.38 
38 16.8 
38 16.26 
38 15.82 
38 15.19 
38 14.71 
38 14.08 
38 13.53 
38 12.85 
38 12.24 
38 11.59 
38 10.96 
38 10.27 
38 9.58 
38 8.84 
38 8.09 
38 1.29 
38 0.57 
38 0.51 
38 0.51 
38 0.48 
38 0.41 
38 0.35 
38 0.3 
38 0.28 
38 0.2 
38 0.13 
38 0.07 
38 0.04 
38 0 
38 0 
38 0 
38 0 
38 0 
38 0 
38 0 
38 0 
38 0 
38 0 
38 0 
38 0 
38 0 
38 0 
38 0 
38 0 
38 0 
38 0 
38 0 
38 0 
38 0 
38 0 
38 0 
38 0 
38 0 
38 0 
38 0 
38 0 
38 0 
38 0 
38 0 
38 0 
38 0 
38 0 
38 0 
38 0 
38 0 
38 0 
38 0 
38 0 
38 0 
38 0 
38 0 
38 0 
38 0 
38 0 
38 0 
38 0 
38 0 
38 0 
38 0 
38 0 
38 0 
38 0 
38 0 
38 0 
38 0 
38 0 
38 0 
38 0 
38 0 
38 0 
38 0 
38 0 
38 0 
38 0 
38 0 
38 0 
38 0 
38 0 
38 0 
38 0 
38 0 
38 0 
38 0 
38 0 
38 0 
39 0 
39 0 
39 0 
39 0 
39 0 
39 0 
39 0 
39 0 
39 0 
39 0 
39 0 
39 0 
39 0 
39 0 
39 0 
39 0 
39 0 
39 0 
39 0 
39 0 
39 0 
39 0 
39 0 
39 0 
39 0 
39 0 
39 0 
39 0 
39 0 
39 0 
39 0 
39 0 
39 0 
39 0 
39 0 
39 0 
39 0 
39 0 
39 0 
39 0 
39 0 
39 0 
39 0 
39 0 
39 0 
39 0 
39 0 
39 0 
39 0 
39 0 
39 0 
39 0 
39 0 
39 0 
39 0 
39 0 
39 0 
39 0 
39 0 
39 0 
39 0 
39 0 
39 0 
39 0 
39 0 
39 0 
39 0 
39 0 
39 0 
39 0 
39 0 
39 0 
39 0 
39 0 
39 0 
39 0 
39 0 
39 0 
39 0 
39 0 
39 0 
39 0 
39 0 
39 0 
39 0 
39 0 
39 0 
39 0 
39 0 
39 0 
39 0 
39 0 
39 0 
39 0 
39 0 
39 0 
39 0 
39 0 
39 0 
39 0 
39 8.3 
39 9.05 
39 9.86 
39 10.48 
39 11.19 
39 11.89 
39 12.66 
39 13.34 
39 13.88 
39 14.43 
39 15.15 
39 15.6 
39 16.24 
39 16.76 
39 17.13 
39 17.85 
39 18.41 
39 18.77 
39 19.18 
39 19.8 
39 20.24 
39 20.6 
39 20.83 
39 21.16 
39 21.61 
39 21.7 
39 21.93 
39 22.31 
39 22.67 
39 22.81 
39 23.01 
39 23.34 
39 23.61 
39 23.87 
39 23.94 
39 24.2 
39 24.37 
39 24.56 
39 24.7 
39 24.84 
39 25.11 
39 25.21 
39 25.37 
39 25.45 
39 25.37 
39 25.27 
39 25.35 
39 25.36 
39 25.37 
39 25.38 
39 25.19 
39 25.14 
39 24.89 
39 24.68 
39 24.49 
39 24.47 
39 24.45 
39 24.55 
39 24.4 
39 24.15 
39 24.12 
39 23.93 
39 23.79 
39 23.78 
39 23.41 
39 23.41 
39 23.03 
39 22.99 
39 22.8 
39 22.57 
39 22.17 
39 21.91 
39 21.68 
39 21.12 
39 20.69 
39 20.17 
39 19.82 
39 19.46 
39 19.05 
39 18.71 
39 18.23 
39 17.75 
39 17.19 
39 16.68 
39 16.31 
39 15.81 
39 15.12 
39 14.5 
39 13.99 
39 13.35 
39 12.76 
39 12.13 
39 11.44 
39 10.85 
39 10.18 
39 9.54 
39 8.9 
39 8.15 
39 3.92 
39 0.78 
39 0.56 
39 0.51 
39 0.48 
39 0.43 
39 0.37 
39 0.32 
39 0.27 
39 0.21 
39 0.14 
39 0.11 
39 0.02 
39 0 
39 0 
39 0 
39 0 
39 0 
39 0 
39 0 
39 0 
39 0 
39 0 
39 0 
39 0 
39 0 
39 0 
39 0 
39 0 
39 0 
39 0 
39 0 
39 0 
39 0 
39 0 
39 0 
39 0 
39 0 
39 0 
39 0 
39 0 
39 0 
39 0 
39 0 
39 0 
39 0 
39 0 
39 0 
39 0 
39 0 
39 0 
39 0 
39 0 
39 0 
39 0 
39 0 
39 0 
39 0 
39 0 
39 0 
39 0 
39 0 
39 0 
39 0 
39 0 
39 0 
39 0 
39 0 
39 0 
39 0 
39 0 
39 0 
39 0 
39 0 
39 0 
39 0 
39 0 
39 0 
39 0 
39 0 
39 0 
39 0 
39 0 
39 0 
39 0 
39 0 
39 0 
39 0 
39 0 
39 0 
40 0 
40 0 
40 0 
40 0 
40 0 
40 0 
40 0 
40 0 
40 0 
40 0 
40 0 
40 0 
40 0 
40 0 
40 0 
40 0 
40 0 
40 0 
40 0 
40 0 
40 0 
40 0 
40 0 
40 0 
40 0 
40 0 
40 0 
40 0 
40 0 
40 0 
40 0 
40 0 
40 0 
40 0 
40 0 
40 0 
40 0 
40 0 
40 0 
40 0 
40 0 
40 0 
40 0 
40 0 
40 0 
40 0 
40 0 
40 0 
40 0 
40 0 
40 0 
40 0 
40 0 
40 0 
40 0 
40 0 
40 0 
40 0 
40 0 
40 0 
40 0 
40 0 
40 0 
40 0 
40 0 
40 0 
40 0 
40 0 
40 0 
40 0 
40 0 
40 0 
40 0 
40 0 
40 0 
40 0 
40 0 
40 0 
40 0 
40 0 
40 0 
40 0 
40 0 
40 0 
40 0 
40 0 
40 0 
40 0 
40 0.1 
40 0.14 
40 0.26 
40 0.5 
40 0.73 
40 1.04 
40 0.99 
40 2.51 
40 3.45 
40 4.68 
40 4.75 
40 7.77 
40 8.97 
40 9.94 
40 10.82 
40 9.37 
40 13.27 
40 14.09 
40 14.82 
40 12.82 
40 13.37 
40 9.97 
40 8.54 
40 8.85 
40 9.5 
40 8.13 
40 6.67 
40 5.97 
40 5.79 
40 6.25 
40 6.24 
40 7.63 
40 15.8 
40 18.03 
40 12.41 
40 12.69 
40 22.52 
40 22.23 
40 21.81 
40 22.17 
40 22.55 
40 21.35 
40 20.24 
40 23.24 
40 21.56 
40 20.54 
40 20.03 
40 23.47 
40 24.62 
40 24.54 
40 25.18 
40 25.38 
40 23.61 
40 25.53 
40 25.16 
40 25.64 
40 25.91 
40 24.62 
40 25.84 
40 26.86 
40 26.54 
40 24.79 
40 11.51 
40 17.06 
40 18.08 
40 8.59 
40 18.04 
40 18.67 
40 13.87 
40 23.62 
40 20.53 
40 24.78 
40 23.94 
40 24.37 
40 24.58 
40 24.34 
40 24.08 
40 23.91 
40 23.54 
40 23.08 
40 22.9 
40 22.68 
40 22.37 
40 21.98 
40 21.68 
40 21.42 
40 21.15 
40 20.91 
40 20.5 
40 20.19 
40 19.42 
40 19.58 
40 19.47 
40 19.33 
40 18.74 
40 12.55 
40 17.63 
40 17.14 
40 13.04 
40 9.38 
40 9.48 
40 10.09 
40 7.76 
40 12.34 
40 12.57 
40 11.46 
40 10.6 
40 9.79 
40 9.11 
40 8.4 
40 6.9 
40 2.54 
40 0.58 
40 0.47 
40 0.42 
40 0.35 
40 0.25 
40 0.15 
40 0.12 
40 0.05 
40 0.01 
40 0 
40 0 
40 0 
40 0 
40 0 
40 0 
40 0 
40 0 
40 0 
40 0 
40 0 
40 0 
40 0 
40 0 
40 0 
40 0 
40 0 
40 0 
40 0 
40 0 
40 0 
40 0 
40 0 
40 0 
40 0 
40 0 
40 0 
40 0 
40 0 
40 0 
40 0 
40 0 
40 0 
40 0 
40 0 
40 0 
40 0 
40 0 
40 0 
40 0 
40 0 
40 0 
40 0 
40 0 
40 0 
40 0 
40 0 
40 0 
40 0 
40 0 
40 0 
40 0 
40 0 
40 0 
40 0 
40 0 
40 0 
40 0 
40 0 
40 0 
40 0 
40 0 
40 0 
40 0 
40 0 
40 0 
40 0 
40 0 
40 0 
40 0 
40 0 
40 0 
40 0 
40 0 
40 0 
40 0 
40 0 
40 0 
40 0 
41 0 
41 0 
41 0 
41 0 
41 0 
41 0 
41 0 
41 0 
41 0 
41 0 
41 0 
41 0 
41 0 
41 0 
41 0 
41 0 
41 0 
41 0 
41 0 
41 0 
41 0 
41 0 
41 0 
41 0 
41 0 
41 0 
41 0 
41 0 
41 0 
41 0 
41 0 
41 0 
41 0 
41 0 
41 0 
41 0 
41 0 
41 0 
41 0 
41 0 
41 0 
41 0 
41 0 
41 0 
41 0 
41 0 
41 0 
41 0 
41 0 
41 0 
41 0 
41 0 
41 0 
41 0 
41 0 
41 0 
41 0 
41 0 
41 0 
41 0 
41 0 
41 0 
41 0 
41 0 
41 0 
41 0 
41 0 
41 0 
41 0 
41 0 
41 0 
41 0 
41 0 
41 0 
41 0 
41 0 
41 0 
41 0 
41 0 
41 0 
41 0 
41 0 
41 0 
41 0 
41 0 
41 0 
41 0 
41 0 
41 0.01 
41 0.02 
41 0.18 
41 0.28 
41 0.38 
41 1.46 
41 2.48 
41 3.02 
41 3.76 
41 4.86 
41 6.55 
41 7.67 
41 8.4 
41 9.09 
41 9.94 
41 10.58 
41 10.83 
41 12.13 
41 11.22 
41 10.19 
41 13.95 
41 14.68 
41 15.2 
41 15.58 
41 16.28 
41 15.98 
41 4.69 
41 14.64 
41 16.1 
41 19.0 
41 19.27 
41 19.62 
41 20.0 
41 20.32 
41 20.67 
41 20.87 
41 21.26 
41 21.54 
41 21.86 
41 22.05 
41 22.55 
41 22.94 
41 23.34 
41 23.48 
41 23.68 
41 23.89 
41 24.19 
41 24.34 
41 24.34 
41 21.53 
41 24.74 
41 24.9 
41 25.03 
41 25.03 
41 25.04 
41 25.16 
41 25.25 
41 25.27 
41 25.22 
41 25.43 
41 25.3 
41 25.53 
41 25.38 
41 25.42 
41 25.42 
41 25.19 
41 25.06 
41 24.78 
41 24.72 
41 24.61 
41 24.61 
41 24.33 
41 24.2 
41 24.09 
41 23.79 
41 23.57 
41 23.44 
41 23.31 
41 22.88 
41 22.71 
41 22.47 
41 22.21 
41 21.75 
41 21.55 
41 21.48 
41 20.95 
41 20.73 
41 20.42 
41 20.01 
41 19.56 
41 19.08 
41 18.73 
41 18.3 
41 17.93 
41 17.41 
41 16.79 
41 16.31 
41 15.81 
41 15.26 
41 14.76 
41 14.19 
41 13.64 
41 13.02 
41 12.42 
41 11.79 
41 11.1 
41 10.46 
41 9.73 
41 9.02 
41 8.43 
41 7.71 
41 6.48 
41 0.77 
41 0.45 
41 0.42 
41 0.41 
41 0.36 
41 0.27 
41 0.25 
41 0.21 
41 0.14 
41 0.09 
41 0.05 
41 0.01 
41 0 
41 0 
41 0 
41 0 
41 0 
41 0 
41 0 
41 0 
41 0 
41 0 
41 0 
41 0 
41 0 
41 0 
41 0 
41 0 
41 0 
41 0 
41 0 
41 0 
41 0 
41 0 
41 0 
41 0 
41 0 
41 0 
41 0 
41 0 
41 0 
41 0 
41 0 
41 0 
41 0 
41 0 
41 0 
41 0 
41 0 
41 0 
41 0 
41 0 
41 0 
41 0 
41 0 
41 0 
41 0 
41 0 
41 0 
41 0 
41 0 
41 0 
41 0 
41 0 
41 0 
41 0 
41 0 
41 0 
41 0 
41 0 
41 0 
41 0 
41 0 
41 0 
41 0 
41 0 
41 0 
41 0 
41 0 
41 0 
41 0 
41 0 
41 0 
41 0 
41 0 
41 0 
41 0 
41 0 
42 0 
42 0 
42 0 
42 0 
42 0 
42 0 
42 0 
42 0 
42 0 
42 0 
42 0 
42 0 
42 0 
42 0 
42 0 
42 0 
42 0 
42 0 
42 0 
42 0 
42 0 
42 0 
42 0 
42 0 
42 0 
42 0 
42 0 
42 0 
42 0 
42 0 
42 0 
42 0 
42 0 
42 0 
42 0 
42 0 
42 0 
42 0 
42 0 
42 0 
42 0 
42 0 
42 0 
42 0 
42 0 
42 0 
42 0 
42 0 
42 0 
42 0 
42 0 
42 0 
42 0 
42 0 
42 0 
42 0 
42 0 
42 0 
42 0 
42 0 
42 0 
42 0 
42 0 
42 0 
42 0 
42 0 
42 0 
42 0 
42 0 
42 0 
42 0 
42 0 
42 0 
42 0 
42 0 
42 0 
42 0 
42 0 
42 0 
42 0 
42 0 
42 0 
42 0 
42 0 
42 0 
42 0 
42 0 
42 0 
42 0 
42 0 
42 0 
42 0 
42 0 
42 0 
42 0 
42 0 
42 0 
42 0 
42 0 
42 0 
42 8.68 
42 9.38 
42 10.12 
42 10.86 
42 11.72 
42 12.31 
42 12.97 
42 13.74 
42 14.24 
42 14.85 
42 15.26 
42 15.95 
42 16.5 
42 16.96 
42 17.54 
42 18.04 
42 18.56 
42 18.96 
42 19.47 
42 19.79 
42 20.23 
42 20.56 
42 20.92 
42 21.33 
42 21.69 
42 21.85 
42 22.14 
42 22.45 
42 22.69 
42 22.98 
42 23.22 
42 23.57 
42 23.53 
42 23.8 
42 23.93 
42 23.99 
42 24.17 
42 24.21 
42 24.3 
42 24.53 
42 24.52 
42 24.54 
42 24.67 
42 24.86 
42 24.99 
42 25.0 
42 24.95 
42 24.36 
42 24.86 
42 25.06 
42 24.91 
42 24.98 
42 24.98 
42 24.84 
42 24.78 
42 24.82 
42 24.57 
42 24.71 
42 24.46 
42 24.54 
42 24.18 
42 24.22 
42 22.59 
42 21.89 
42 23.12 
42 22.98 
42 23.05 
42 22.5 
42 22.71 
42 22.5 
42 21.98 
42 22.1 
42 21.91 
42 21.62 
42 21.15 
42 19.65 
42 15.76 
42 15.71 
42 17.29 
42 19.12 
42 18.88 
42 18.66 
42 18.27 
42 17.76 
42 15.59 
42 14.59 
42 13.92 
42 14.17 
42 15.13 
42 14.48 
42 13.41 
42 9.24 
42 11.99 
42 11.28 
42 10.55 
42 9.95 
42 9.25 
42 8.6 
42 7.53 
42 6.97 
42 2.68 
42 0.69 
42 0.59 
42 0.61 
42 0.6 
42 0.56 
42 0.51 
42 0.48 
42 0.39 
42 0.26 
42 0.16 
42 0 
42 0 
42 0 
42 0 
42 0 
42 0 
42 0 
42 0 
42 0 
42 0 
42 0 
42 0 
42 0 
42 0 
42 0 
42 0 
42 0 
42 0 
42 0 
42 0 
42 0 
42 0 
42 0 
42 0 
42 0 
42 0 
42 0 
42 0 
42 0 
42 0 
42 0 
42 0 
42 0 
42 0 
42 0 
42 0 
42 0 
42 0 
42 0 
42 0 
42 0 
42 0 
42 0 
42 0 
42 0 
42 0 
42 0 
42 0 
42 0 
42 0 
42 0 
42 0 
42 0 
42 0 
42 0 
42 0 
42 0 
42 0 
42 0 
42 0 
42 0 
42 0 
42 0 
42 0 
42 0 
42 0 
42 0 
42 0 
42 0 
42 0 
42 0 
42 0 
42 0 
42 0 
42 0 
42 0 
42 0 
43 0 
43 0 
43 0 
43 0 
43 0 
43 0 
43 0 
43 0 
43 0 
43 0 
43 0 
43 0 
43 0 
43 0 
43 0 
43 0 
43 0 
43 0 
43 0 
43 0 
43 0 
43 0 
43 0 
43 0 
43 0 
43 0 
43 0 
43 0 
43 0 
43 0 
43 0 
43 0 
43 0 
43 0 
43 0 
43 0 
43 0 
43 0 
43 0 
43 0 
43 0 
43 0 
43 0 
43 0 
43 0 
43 0 
43 0 
43 0 
43 0 
43 0 
43 0 
43 0 
43 0 
43 0 
43 0 
43 0 
43 0 
43 0 
43 0 
43 0 
43 0 
43 0 
43 0 
43 0 
43 0 
43 0 
43 0 
43 0 
43 0 
43 0 
43 0 
43 0 
43 0 
43 0 
43 0 
43 0 
43 0 
43 0 
43 0 
43 0 
43 0 
43 0 
43 0 
43 0 
43 0 
43 0 
43 0 
43 0 
43 0 
43 0 
43 0 
43 0 
43 0 
43 0 
43 0 
43 0 
43 0 
43 6.51 
43 5.68 
43 8.01 
43 7.75 
43 5.94 
43 10.34 
43 11.06 
43 11.68 
43 12.34 
43 13.09 
43 13.66 
43 14.21 
43 14.83 
43 15.49 
43 16.0 
43 16.51 
43 17.0 
43 17.41 
43 17.84 
43 18.28 
43 18.62 
43 19.15 
43 19.57 
43 20.04 
43 20.41 
43 20.72 
43 21.05 
43 21.42 
43 21.69 
43 22.02 
43 22.34 
43 22.68 
43 22.92 
43 23.03 
43 23.41 
43 23.59 
43 23.82 
43 23.82 
43 24.13 
43 24.32 
43 24.62 
43 24.5 
43 24.72 
43 24.82 
43 24.68 
43 24.72 
43 24.78 
43 24.77 
43 25.0 
43 25.12 
43 25.05 
43 24.89 
43 24.78 
43 24.71 
43 24.57 
43 24.51 
43 24.63 
43 24.58 
43 24.69 
43 24.49 
43 24.46 
43 24.29 
43 24.19 
43 23.99 
43 23.94 
43 23.61 
43 23.34 
43 23.27 
43 23.11 
43 22.81 
43 22.59 
43 22.21 
43 21.98 
43 21.7 
43 21.43 
43 21.09 
43 20.7 
43 20.44 
43 20.0 
43 19.66 
43 19.32 
43 18.81 
43 18.54 
43 17.99 
43 17.5 
43 17.11 
43 16.59 
43 16.09 
43 15.61 
43 15.07 
43 14.5 
43 14.14 
43 13.46 
43 13.0 
43 12.39 
43 11.81 
43 11.24 
43 10.66 
43 9.97 
43 9.32 
43 8.67 
43 7.93 
43 7.16 
43 6.18 
43 0.59 
43 0.51 
43 0.46 
43 0.41 
43 0.34 
43 0.34 
43 0.26 
43 0.2 
43 0.13 
43 0.09 
43 0 
43 0 
43 0 
43 0 
43 0 
43 0 
43 0 
43 0 
43 0 
43 0 
43 0 
43 0 
43 0 
43 0 
43 0 
43 0 
43 0 
43 0 
43 0 
43 0 
43 0 
43 0 
43 0 
43 0 
43 0 
43 0 
43 0 
43 0 
43 0 
43 0 
43 0 
43 0 
43 0 
43 0 
43 0 
43 0 
43 0 
43 0 
43 0 
43 0 
43 0 
43 0 
43 0 
43 0 
43 0 
43 0 
43 0 
43 0 
43 0 
43 0 
43 0 
43 0 
43 0 
43 0 
43 0 
43 0 
43 0 
43 0 
43 0 
43 0 
43 0 
43 0 
43 0 
43 0 
43 0 
43 0 
43 0 
43 0 
43 0 
43 0 
43 0 
43 0 
43 0 
43 0 
43 0 
43 0 
43 0 
44 0 
44 0 
44 0 
44 0 
44 0 
44 0 
44 0 
44 0 
44 0 
44 0 
44 0 
44 0 
44 0 
44 0 
44 0 
44 0 
44 0 
44 0 
44 0 
44 0 
44 0 
44 0 
44 0 
44 0 
44 0 
44 0 
44 0 
44 0 
44 0 
44 0 
44 0 
44 0 
44 0 
44 0 
44 0 
44 0 
44 0 
44 0 
44 0 
44 0 
44 0 
44 0 
44 0 
44 0 
44 0 
44 0 
44 0 
44 0 
44 0 
44 0 
44 0 
44 0 
44 0 
44 0 
44 0 
44 0 
44 0 
44 0 
44 0 
44 0 
44 0 
44 0 
44 0 
44 0 
44 0 
44 0 
44 0 
44 0 
44 0 
44 0 
44 0 
44 0 
44 0 
44 0 
44 0 
44 0 
44 0 
44 0 
44 0 
44 0 
44 0 
44 0 
44 0 
44 0 
44 0 
44 0 
44 0 
44 0.04 
44 0.18 
44 0.33 
44 0.55 
44 0.73 
44 0.9 
44 1.94 
44 2.59 
44 3.74 
44 5.12 
44 6.28 
44 6.92 
44 7.94 
44 8.69 
44 9.39 
44 10.17 
44 10.73 
44 11.44 
44 12.16 
44 12.91 
44 13.55 
44 14.09 
44 14.78 
44 15.39 
44 15.96 
44 16.15 
44 16.85 
44 17.41 
44 17.93 
44 18.43 
44 18.93 
44 19.31 
44 19.79 
44 20.09 
44 20.47 
44 20.71 
44 21.11 
44 21.46 
44 21.78 
44 22.11 
44 22.3 
44 22.64 
44 22.81 
44 23.01 
44 23.07 
44 23.39 
44 23.62 
44 23.74 
44 23.97 
44 24.05 
44 24.22 
44 24.4 
44 24.38 
44 24.38 
44 24.37 
44 24.48 
44 24.87 
44 24.85 
44 24.9 
44 24.92 
44 24.72 
44 24.72 
44 24.66 
44 24.7 
44 24.77 
44 24.74 
44 24.77 
44 24.68 
44 24.47 
44 24.49 
44 24.35 
44 24.26 
44 24.09 
44 24.07 
44 24.03 
44 23.73 
44 23.64 
44 23.35 
44 23.15 
44 22.97 
44 22.77 
44 22.55 
44 22.37 
44 22.02 
44 21.73 
44 21.52 
44 21.09 
44 20.89 
44 20.42 
44 20.05 
44 19.41 
44 19.11 
44 18.76 
44 18.56 
44 17.04 
44 17.6 
44 17.15 
44 15.44 
44 14.29 
44 16.09 
44 12.05 
44 13.12 
44 14.41 
44 8.39 
44 11.3 
44 7.78 
44 7.41 
44 6.67 
44 3.63 
44 3.18 
44 3.84 
44 3.08 
44 3.16 
44 3.14 
44 2.34 
44 1.76 
44 1.57 
44 1.38 
44 1.18 
44 1.01 
44 0.8 
44 0.6 
44 0.41 
44 0.18 
44 0.04 
44 0 
44 0 
44 0 
44 0 
44 0 
44 0 
44 0 
44 0 
44 0 
44 0 
44 0 
44 0 
44 0 
44 0 
44 0 
44 0 
44 0 
44 0 
44 0 
44 0 
44 0 
44 0 
44 0 
44 0 
44 0 
44 0 
44 0 
44 0 
44 0 
44 0 
44 0 
44 0 
44 0 
44 0 
44 0 
44 0 
44 0 
44 0 
44 0 
44 0 
44 0 
44 0 
44 0 
44 0 
44 0 
44 0 
44 0 
44 0 
44 0 
44 0 
44 0 
44 0 
44 0 
44 0 
44 0 
44 0 
44 0 
44 0 
44 0 
44 0 
44 0 
44 0 
44 0 
44 0 
44 0 
44 0 
44 0 
44 0 
44 0 
44 0 
44 0 
44 0 
44 0 
44 0 
44 0 
44 0 
45 0 
45 0 
45 0 
45 0 
45 0 
45 0 
45 0 
45 0 
45 0 
45 0 
45 0 
45 0 
45 0 
45 0 
45 0 
45 0 
45 0 
45 0 
45 0 
45 0 
45 0 
45 0 
45 0 
45 0 
45 0 
45 0 
45 0 
45 0 
45 0 
45 0 
45 0 
45 0 
45 0 
45 0 
45 0 
45 0 
45 0 
45 0 
45 0 
45 0 
45 0 
45 0 
45 0 
45 0 
45 0 
45 0 
45 0 
45 0 
45 0 
45 0 
45 0 
45 0 
45 0 
45 0 
45 0 
45 0 
45 0 
45 0 
45 0 
45 0 
45 0 
45 0 
45 0 
45 0 
45 0 
45 0 
45 0 
45 0 
45 0 
45 0 
45 0 
45 0 
45 0 
45 0 
45 0 
45 0 
45 0 
45 0 
45 0 
45 0 
45 0 
45 0 
45 0 
45 0 
45 0 
45 0 
45 0 
45 0 
45 0 
45 0 
45 0 
45 0 
45 0 
45 0 
45 0 
45 0 
45 0 
45 0 
45 0 
45 0 
45 0 
45 0 
45 0 
45 0 
45 0 
45 0 
45 0 
45 0 
45 0 
45 0 
45 0 
45 0 
45 0 
45 0 
45 0 
45 1.86 
45 2.3 
45 2.54 
45 2.59 
45 2.64 
45 2.59 
45 2.99 
45 2.99 
45 3.18 
45 3.19 
45 3.47 
45 3.25 
45 2.98 
45 3.14 
45 3.62 
45 4.79 
45 4.59 
45 3.99 
45 4.34 
45 5.01 
45 5.42 
45 4.94 
45 4.28 
45 5.14 
45 4.81 
45 4.92 
45 4.98 
45 5.83 
45 5.79 
45 6.32 
45 6.74 
45 6.35 
45 6.89 
45 7.73 
45 8.13 
45 7.45 
45 7.86 
45 7.65 
45 8.34 
45 8.87 
45 10.17 
45 10.49 
45 17.49 
45 13.88 
45 12.35 
45 15.18 
45 16.96 
45 26.3 
45 18.28 
45 24.27 
45 23.7 
45 23.92 
45 23.26 
45 22.76 
45 22.87 
45 22.84 
45 21.53 
45 5.99 
45 19.11 
45 18.08 
45 17.46 
45 17.91 
45 12.46 
45 14.66 
45 16.79 
45 16.89 
45 13.46 
45 14.21 
45 7.18 
45 7.13 
45 6.89 
45 8.55 
45 7.47 
45 8.31 
45 6.55 
45 5.94 
45 7.37 
45 8.95 
45 6.82 
45 6.32 
45 4.88 
45 3.92 
45 4.03 
45 3.31 
45 2.56 
45 3.1 
45 2.12 
45 1.71 
45 1.95 
45 1.42 
45 1.03 
45 0.9 
45 0.96 
45 1.01 
45 0.82 
45 0.7 
45 0.48 
45 0.19 
45 0 
45 0 
45 0 
45 0 
45 0 
45 0 
45 0 
45 0 
45 0 
45 0 
45 0 
45 0 
45 0 
45 0 
45 0 
45 0 
45 0 
45 0 
45 0 
45 0 
45 0 
45 0 
45 0 
45 0 
45 0 
45 0 
45 0 
45 0 
45 0 
45 0 
45 0 
45 0 
45 0 
45 0 
45 0 
45 0 
45 0 
45 0 
45 0 
45 0 
45 0 
45 0 
45 0 
45 0 
45 0 
45 0 
45 0 
45 0 
45 0 
45 0 
45 0 
45 0 
45 0 
45 0 
45 0 
45 0 
45 0 
45 0 
45 0 
45 0 
45 0 
45 0 
45 0 
45 0 
45 0 
45 0 
45 0 
45 0 
45 0 
45 0 
45 0 
45 0 
45 0 
45 0 
45 0 
46 0 
46 0 
46 0 
46 0 
46 0 
46 0 
46 0 
46 0 
46 0 
46 0 
46 0 
46 0 
46 0 
46 0 
46 0 
46 0 
46 0 
46 0 
46 0 
46 0 
46 0 
46 0 
46 0 
46 0 
46 0 
46 0 
46 0 
46 0 
46 0 
46 0 
46 0 
46 0 
46 0 
46 0 
46 0 
46 0 
46 0 
46 0 
46 0 
46 0 
46 0 
46 0 
46 0 
46 0 
46 0 
46 0 
46 0 
46 0 
46 0 
46 0 
46 0 
46 0 
46 0 
46 0 
46 0 
46 0 
46 0 
46 0 
46 0 
46 0 
46 0 
46 0 
46 0 
46 0 
46 0 
46 0 
46 0 
46 0 
46 0 
46 0 
46 0 
46 0 
46 0 
46 0 
46 0 
46 0 
46 0 
46 0 
46 0 
46 0 
46 0 
46 0 
46 0 
46 0 
46 0 
46 0 
46 0 
46 0 
46 0 
46 0 
46 0 
46 0 
46 0 
46 0 
46 0 
46 0 
46 0 
46 0 
46 0 
46 8.79 
46 9.42 
46 10.2 
46 10.99 
46 11.76 
46 12.57 
46 13.23 
46 14.04 
46 14.63 
46 15.22 
46 15.71 
46 16.28 
46 16.92 
46 17.44 
46 18.27 
46 18.69 
46 19.37 
46 19.68 
46 20.13 
46 20.56 
46 21.1 
46 21.53 
46 22.03 
46 22.35 
46 22.98 
46 23.42 
46 23.63 
46 24.21 
46 24.16 
46 24.77 
46 25.08 
46 25.34 
46 25.6 
46 25.9 
46 25.98 
46 26.08 
46 26.69 
46 26.88 
46 27.04 
46 26.95 
46 27.04 
46 27.49 
46 27.74 
46 27.73 
46 27.91 
46 27.85 
46 28.01 
46 27.96 
46 28.04 
46 27.83 
46 27.7 
46 27.83 
46 28.19 
46 28.17 
46 28.13 
46 27.99 
46 27.97 
46 27.64 
46 27.8 
46 27.62 
46 27.34 
46 27.3 
46 26.98 
46 26.81 
46 26.63 
46 26.31 
46 26.12 
46 25.77 
46 25.36 
46 25.11 
46 24.85 
46 24.54 
46 24.34 
46 23.87 
46 23.55 
46 23.28 
46 22.82 
46 22.32 
46 21.77 
46 21.29 
46 20.96 
46 20.38 
46 20.02 
46 19.77 
46 19.22 
46 18.69 
46 18.13 
46 17.59 
46 16.71 
46 16.35 
46 15.68 
46 15.1 
46 14.46 
46 13.77 
46 13.02 
46 12.42 
46 11.65 
46 10.24 
46 10.14 
46 9.45 
46 8.63 
46 7.84 
46 6.92 
46 0.61 
46 0.41 
46 0.34 
46 0.31 
46 0.28 
46 0.24 
46 0.18 
46 0.14 
46 0.09 
46 0.04 
46 0.02 
46 0 
46 0 
46 0 
46 0 
46 0 
46 0 
46 0 
46 0 
46 0 
46 0 
46 0 
46 0 
46 0 
46 0 
46 0 
46 0 
46 0 
46 0 
46 0 
46 0 
46 0 
46 0 
46 0 
46 0 
46 0 
46 0 
46 0 
46 0 
46 0 
46 0 
46 0 
46 0 
46 0 
46 0 
46 0 
46 0 
46 0 
46 0 
46 0 
46 0 
46 0 
46 0 
46 0 
46 0 
46 0 
46 0 
46 0 
46 0 
46 0 
46 0 
46 0 
46 0 
46 0 
46 0 
46 0 
46 0 
46 0 
46 0 
46 0 
46 0 
46 0 
46 0 
46 0 
46 0 
46 0 
46 0 
46 0 
46 0 
46 0 
46 0 
46 0 
46 0 
46 0 
46 0 
46 0 
47 0 
47 0 
47 0 
47 0 
47 0 
47 0 
47 0 
47 0 
47 0 
47 0 
47 0 
47 0 
47 0 
47 0 
47 0 
47 0 
47 0 
47 0 
47 0 
47 0 
47 0 
47 0 
47 0 
47 0 
47 0 
47 0 
47 0 
47 0 
47 0 
47 0 
47 0 
47 0 
47 0 
47 0 
47 0 
47 0 
47 0 
47 0 
47 0 
47 0 
47 0 
47 0 
47 0 
47 0 
47 0 
47 0 
47 0 
47 0 
47 0 
47 0 
47 0 
47 0 
47 0 
47 0 
47 0 
47 0 
47 0 
47 0 
47 0 
47 0 
47 0 
47 0 
47 0 
47 0 
47 0 
47 0 
47 0 
47 0 
47 0 
47 0 
47 0 
47 0 
47 0 
47 0 
47 0 
47 0 
47 0 
47 0 
47 0 
47 0 
47 0 
47 0 
47 0 
47 0 
47 0 
47 0 
47 0.01 
47 0.06 
47 0.32 
47 0.59 
47 0.88 
47 1.38 
47 2.33 
47 3.1 
47 4.54 
47 5.59 
47 6.51 
47 7.15 
47 7.93 
47 8.69 
47 9.37 
47 10.11 
47 10.89 
47 11.62 
47 12.3 
47 13.0 
47 13.69 
47 14.27 
47 14.87 
47 15.33 
47 16.04 
47 16.55 
47 17.09 
47 17.56 
47 17.96 
47 18.47 
47 19.02 
47 19.39 
47 19.86 
47 20.12 
47 20.6 
47 21.04 
47 21.46 
47 21.74 
47 22.15 
47 22.52 
47 22.84 
47 23.23 
47 23.58 
47 23.79 
47 23.88 
47 24.04 
47 24.39 
47 24.45 
47 24.83 
47 24.71 
47 25.14 
47 25.31 
47 25.41 
47 25.42 
47 25.91 
47 26.26 
47 26.68 
47 26.76 
47 26.92 
47 27.19 
47 27.24 
47 27.3 
47 27.35 
47 27.39 
47 27.39 
47 27.35 
47 27.31 
47 27.17 
47 26.99 
47 27.06 
47 26.98 
47 26.65 
47 26.69 
47 26.63 
47 26.48 
47 26.25 
47 25.95 
47 25.75 
47 25.36 
47 25.22 
47 25.08 
47 24.96 
47 24.71 
47 24.38 
47 24.02 
47 23.84 
47 23.27 
47 23.05 
47 22.8 
47 22.34 
47 21.95 
47 21.46 
47 21.17 
47 20.72 
47 20.19 
47 19.65 
47 19.22 
47 18.77 
47 18.23 
47 17.76 
47 17.19 
47 16.74 
47 16.18 
47 15.49 
47 14.99 
47 14.3 
47 13.69 
47 13.01 
47 12.28 
47 11.6 
47 10.93 
47 10.21 
47 9.5 
47 8.66 
47 7.91 
47 7.1 
47 1.27 
47 0.41 
47 0.38 
47 0.32 
47 0.31 
47 0.26 
47 0.19 
47 0.18 
47 0.11 
47 0.05 
47 0.03 
47 0 
47 0 
47 0 
47 0 
47 0 
47 0 
47 0 
47 0 
47 0 
47 0 
47 0 
47 0 
47 0 
47 0 
47 0 
47 0 
47 0 
47 0 
47 0 
47 0 
47 0 
47 0 
47 0 
47 0 
47 0 
47 0 
47 0 
47 0 
47 0 
47 0 
47 0 
47 0 
47 0 
47 0 
47 0 
47 0 
47 0 
47 0 
47 0 
47 0 
47 0 
47 0 
47 0 
47 0 
47 0 
47 0 
47 0 
47 0 
47 0 
47 0 
47 0 
47 0 
47 0 
47 0 
47 0 
47 0 
47 0 
47 0 
47 0 
47 0 
47 0 
47 0 
47 0 
47 0 
47 0 
47 0 
47 0 
47 0 
47 0 
47 0 
47 0 
47 0 
47 0 
47 0 
47 0 
48 0 
48 0 
48 0 
48 0 
48 0 
48 0 
48 0 
48 0 
48 0 
48 0 
48 0 
48 0 
48 0 
48 0 
48 0 
48 0 
48 0 
48 0 
48 0 
48 0 
48 0 
48 0 
48 0 
48 0 
48 0 
48 0 
48 0 
48 0 
48 0 
48 0 
48 0 
48 0 
48 0 
48 0 
48 0 
48 0 
48 0 
48 0 
48 0 
48 0 
48 0 
48 0 
48 0 
48 0 
48 0 
48 0 
48 0 
48 0 
48 0 
48 0 
48 0 
48 0 
48 0 
48 0 
48 0 
48 0 
48 0 
48 0 
48 0 
48 0 
48 0 
48 0 
48 0 
48 0 
48 0 
48 0 
48 0 
48 0 
48 0 
48 0 
48 0 
48 0 
48 0 
48 0 
48 0 
48 0 
48 0 
48 0 
48 0 
48 0 
48 0 
48 0 
48 0 
48 0 
48 0 
48 0 
48 0.01 
48 0.14 
48 0.54 
48 0.89 
48 0.97 
48 1.93 
48 2.66 
48 3.56 
48 4.94 
48 6.03 
48 6.83 
48 7.57 
48 8.27 
48 9.05 
48 9.85 
48 10.46 
48 11.21 
48 11.95 
48 12.64 
48 13.3 
48 13.87 
48 14.51 
48 15.12 
48 15.72 
48 16.26 
48 16.84 
48 17.36 
48 17.96 
48 18.55 
48 19.02 
48 19.51 
48 19.93 
48 20.34 
48 20.75 
48 21.41 
48 21.87 
48 22.36 
48 22.79 
48 23.06 
48 23.34 
48 23.79 
48 24.0 
48 24.21 
48 24.63 
48 24.92 
48 24.96 
48 25.3 
48 25.56 
48 25.71 
48 25.79 
48 26.06 
48 26.19 
48 26.5 
48 26.52 
48 26.64 
48 26.8 
48 26.97 
48 27.04 
48 27.1 
48 27.15 
48 27.25 
48 27.17 
48 27.28 
48 27.16 
48 27.28 
48 27.22 
48 27.27 
48 26.98 
48 26.81 
48 27.03 
48 26.94 
48 26.71 
48 26.7 
48 26.55 
48 26.35 
48 26.17 
48 25.92 
48 25.72 
48 25.47 
48 25.33 
48 24.67 
48 24.7 
48 24.23 
48 23.99 
48 23.72 
48 23.47 
48 23.06 
48 22.66 
48 22.35 
48 22.13 
48 21.37 
48 20.94 
48 20.42 
48 19.97 
48 19.56 
48 19.16 
48 18.86 
48 18.05 
48 17.57 
48 17.08 
48 16.44 
48 15.87 
48 15.32 
48 14.66 
48 14.23 
48 13.43 
48 12.49 
48 11.19 
48 11.04 
48 10.77 
48 11.11 
48 10.2 
48 8.81 
48 8.53 
48 7.55 
48 6.73 
48 2.97 
48 0.55 
48 0.5 
48 0.43 
48 0.41 
48 0.33 
48 0.25 
48 0.18 
48 0.11 
48 0.07 
48 0 
48 0 
48 0 
48 0 
48 0 
48 0 
48 0 
48 0 
48 0 
48 0 
48 0 
48 0 
48 0 
48 0 
48 0 
48 0 
48 0 
48 0 
48 0 
48 0 
48 0 
48 0 
48 0 
48 0 
48 0 
48 0 
48 0 
48 0 
48 0 
48 0 
48 0 
48 0 
48 0 
48 0 
48 0 
48 0 
48 0 
48 0 
48 0 
48 0 
48 0 
48 0 
48 0 
48 0 
48 0 
48 0 
48 0 
48 0 
48 0 
48 0 
48 0 
48 0 
48 0 
48 0 
48 0 
48 0 
48 0 
48 0 
48 0 
48 0 
48 0 
48 0 
48 0 
48 0 
48 0 
48 0 
48 0 
48 0 
48 0 
48 0 
48 0 
48 0 
48 0 
48 0 
48 0 
48 0 
49 0 
49 0 
49 0 
49 0 
49 0 
49 0 
49 0 
49 0 
49 0 
49 0 
49 0 
49 0 
49 0 
49 0 
49 0 
49 0 
49 0 
49 0 
49 0 
49 0 
49 0 
49 0 
49 0 
49 0 
49 0 
49 0 
49 0 
49 0 
49 0 
49 0 
49 0 
49 0 
49 0 
49 0 
49 0 
49 0 
49 0 
49 0 
49 0 
49 0 
49 0 
49 0 
49 0 
49 0 
49 0 
49 0 
49 0 
49 0 
49 0 
49 0 
49 0 
49 0 
49 0 
49 0 
49 0 
49 0 
49 0 
49 0 
49 0 
49 0 
49 0 
49 0 
49 0 
49 0 
49 0 
49 0 
49 0 
49 0 
49 0 
49 0 
49 0 
49 0 
49 0 
49 0 
49 0 
49 0 
49 0 
49 0 
49 0 
49 0 
49 0 
49 0 
49 0 
49 0 
49 0 
49 0.12 
49 0.33 
49 0.56 
49 0.66 
49 0.97 
49 1.22 
49 1.34 
49 3.14 
49 5.0 
49 6.32 
49 7.19 
49 3.41 
49 7.92 
49 8.61 
49 6.03 
49 9.59 
49 9.71 
49 9.89 
49 11.7 
49 12.54 
49 13.51 
49 14.38 
49 15.27 
49 13.86 
49 15.96 
49 16.54 
49 16.81 
49 17.39 
49 17.84 
49 18.38 
49 18.81 
49 19.21 
49 19.68 
49 20.07 
49 20.56 
49 20.86 
49 21.21 
49 21.46 
49 21.8 
49 22.23 
49 22.55 
49 23.06 
49 23.6 
49 23.66 
49 23.7 
49 23.94 
49 24.22 
49 24.35 
49 24.41 
49 24.95 
49 25.51 
49 25.34 
49 25.39 
49 25.53 
49 25.54 
49 25.69 
49 25.66 
49 25.76 
49 25.92 
49 26.07 
49 25.83 
49 25.87 
49 26.25 
49 25.86 
49 25.73 
49 25.64 
49 25.64 
49 25.74 
49 25.67 
49 25.55 
49 25.58 
49 25.81 
49 25.58 
49 25.45 
49 25.34 
49 25.19 
49 25.09 
49 25.12 
49 25.25 
49 25.27 
49 25.17 
49 24.7 
49 24.02 
49 23.27 
49 23.66 
49 23.23 
49 22.98 
49 22.69 
49 22.12 
49 21.79 
49 21.31 
49 21.14 
49 20.6 
49 20.34 
49 20.13 
49 19.94 
49 19.82 
49 19.92 
49 19.19 
49 18.23 
49 17.13 
49 16.28 
49 15.61 
49 15.24 
49 13.95 
49 7.58 
49 13.35 
49 12.7 
49 12.8 
49 11.81 
49 11.09 
49 10.67 
49 9.86 
49 9.05 
49 8.23 
49 7.43 
49 6.61 
49 5.32 
49 0.97 
49 0.88 
49 0.94 
49 1.06 
49 1.19 
49 1.32 
49 1.29 
49 1.15 
49 0.88 
49 0.63 
49 0.38 
49 0.01 
49 0 
49 0 
49 0 
49 0 
49 0 
49 0 
49 0 
49 0 
49 0 
49 0 
49 0 
49 0 
49 0 
49 0 
49 0 
49 0 
49 0 
49 0 
49 0 
49 0 
49 0 
49 0 
49 0 
49 0 
49 0 
49 0 
49 0 
49 0 
49 0 
49 0 
49 0 
49 0 
49 0 
49 0 
49 0 
49 0 
49 0 
49 0 
49 0 
49 0 
49 0 
49 0 
49 0 
49 0 
49 0 
49 0 
49 0 
49 0 
49 0 
49 0 
49 0 
49 0 
49 0 
49 0 
49 0 
49 0 
49 0 
49 0 
49 0 
49 0 
49 0 
49 0 
49 0 
49 0 
49 0 
49 0 
49 0 
49 0 
49 0 
49 0 
49 0 
49 0 
49 0 
50 0 
50 0 
50 0 
50 0 
50 0 
50 0 
50 0 
50 0 
50 0 
50 0 
50 0 
50 0 
50 0 
50 0 
50 0 
50 0 
50 0 
50 0 
50 0 
50 0 
50 0 
50 0 
50 0 
50 0 
50 0 
50 0 
50 0 
50 0 
50 0 
50 0 
50 0 
50 0 
50 0 
50 0 
50 0 
50 0 
50 0 
50 0 
50 0 
50 0 
50 0 
50 0 
50 0 
50 0 
50 0 
50 0 
50 0 
50 0 
50 0 
50 0 
50 0 
50 0 
50 0 
50 0 
50 0 
50 0 
50 0 
50 0 
50 0 
50 0 
50 0 
50 0 
50 0 
50 0 
50 0 
50 0 
50 0 
50 0 
50 0 
50 0 
50 0 
50 0 
50 0 
50 0 
50 0 
50 0 
50 0 
50 0 
50 0 
50 0 
50 0 
50 0 
50 0 
50 0 
50 0 
50 0 
50 0 
50 0 
50 0 
50 0 
50 0 
50 0 
50 0 
50 0 
50 0 
50 0 
50 0 
50 0 
50 7.84 
50 8.81 
50 9.62 
50 10.37 
50 11.19 
50 11.87 
50 12.67 
50 13.23 
50 13.84 
50 14.47 
50 15.11 
50 15.62 
50 16.18 
50 16.69 
50 17.29 
50 17.78 
50 18.28 
50 18.83 
50 19.27 
50 19.6 
50 19.98 
50 20.44 
50 20.87 
50 21.16 
50 21.18 
50 21.41 
50 21.69 
50 22.2 
50 22.57 
50 22.73 
50 23.38 
50 23.5 
50 23.85 
50 24.14 
50 24.5 
50 24.61 
50 24.69 
50 24.84 
50 25.09 
50 25.35 
50 25.23 
50 25.44 
50 25.38 
50 25.38 
50 25.54 
50 25.64 
50 25.55 
50 25.64 
50 25.74 
50 25.61 
50 25.57 
50 25.57 
50 25.51 
50 25.45 
50 25.22 
50 25.4 
50 25.47 
50 25.33 
50 25.21 
50 25.3 
50 25.17 
50 25.07 
50 25.05 
50 24.82 
50 24.55 
50 24.3 
50 24.14 
50 24.09 
50 23.78 
50 23.51 
50 23.2 
50 23.12 
50 22.67 
50 22.39 
50 22.21 
50 21.77 
50 21.48 
50 21.08 
50 20.61 
50 20.27 
50 19.86 
50 19.58 
50 19.07 
50 18.62 
50 18.02 
50 17.57 
50 17.11 
50 16.58 
50 16.13 
50 15.48 
50 14.91 
50 14.41 
50 13.77 
50 13.15 
50 12.52 
50 11.97 
50 11.34 
50 10.67 
50 10.03 
50 9.35 
50 8.67 
50 8.04 
50 7.35 
50 6.56 
50 5.89 
50 0.47 
50 0.49 
50 0.41 
50 0.34 
50 0.32 
50 0.26 
50 0.18 
50 0.14 
50 0.07 
50 0.01 
50 0 
50 0 
50 0 
50 0 
50 0 
50 0 
50 0 
50 0 
50 0 
50 0 
50 0 
50 0 
50 0 
50 0 
50 0 
50 0 
50 0 
50 0 
50 0 
50 0 
50 0 
50 0 
50 0 
50 0 
50 0 
50 0 
50 0 
50 0 
50 0 
50 0 
50 0 
50 0 
50 0 
50 0 
50 0 
50 0 
50 0 
50 0 
50 0 
50 0 
50 0 
50 0 
50 0 
50 0 
50 0 
50 0 
50 0 
50 0 
50 0 
50 0 
50 0 
50 0 
50 0 
50 0 
50 0 
50 0 
50 0 
50 0 
50 0 
50 0 
50 0 
50 0 
50 0 
50 0 
50 0 
50 0 
50 0 
50 0 
50 0 
50 0 
50 0 
50 0 
50 0 
50 0 
50 0 
51 0 
51 0 
51 0 
51 0 
51 0 
51 0 
51 0 
51 0 
51 0 
51 0 
51 0 
51 0 
51 0 
51 0 
51 0 
51 0 
51 0 
51 0 
51 0 
51 0 
51 0 
51 0 
51 0 
51 0 
51 0 
51 0 
51 0 
51 0 
51 0 
51 0 
51 0 
51 0 
51 0 
51 0 
51 0 
51 0 
51 0 
51 0 
51 0 
51 0 
51 0 
51 0 
51 0 
51 0 
51 0 
51 0 
51 0 
51 0 
51 0 
51 0 
51 0 
51 0 
51 0 
51 0 
51 0 
51 0 
51 0 
51 0 
51 0 
51 0 
51 0 
51 0 
51 0 
51 0 
51 0 
51 0 
51 0 
51 0 
51 0 
51 0 
51 0 
51 0 
51 0 
51 0 
51 0 
51 0 
51 0 
51 0 
51 0 
51 0 
51 0 
51 0 
51 0 
51 0 
51 0 
51 0 
51 0 
51 0 
51 0 
51 0 
51 0 
51 0 
51 0 
51 0 
51 0 
51 0 
51 0 
51 0 
51 0 
51 0 
51 0 
51 2.3 
51 2.63 
51 2.75 
51 3.31 
51 3.45 
51 3.56 
51 3.96 
51 4.12 
51 4.08 
51 5.13 
51 6.1 
51 6.87 
51 7.59 
51 7.54 
51 8.2 
51 9.76 
51 9.91 
51 10.03 
51 10.04 
51 9.4 
51 14.15 
51 13.76 
51 10.13 
51 8.11 
51 10.17 
51 12.79 
51 14.83 
51 15.3 
51 9.6 
51 11.11 
51 13.8 
51 17.7 
51 19.34 
51 18.23 
51 19.92 
51 22.14 
51 21.63 
51 20.03 
51 19.44 
51 19.83 
51 15.95 
51 21.4 
51 11.67 
51 13.63 
51 16.34 
51 19.14 
51 28.35 
51 25.2 
51 22.63 
51 27.74 
51 26.12 
51 26.52 
51 25.35 
51 24.53 
51 19.86 
51 18.6 
51 20.98 
51 21.32 
51 18.01 
51 22.68 
51 20.95 
51 19.29 
51 26.11 
51 25.45 
51 25.3 
51 20.2 
51 14.82 
51 18.84 
51 15.95 
51 16.37 
51 20.93 
51 14.29 
51 17.28 
51 17.52 
51 21.19 
51 19.32 
51 16.0 
51 14.75 
51 12.51 
51 12.34 
51 14.82 
51 13.74 
51 11.12 
51 9.25 
51 8.46 
51 10.56 
51 13.26 
51 13.81 
51 10.85 
51 8.32 
51 8.55 
51 11.94 
51 10.54 
51 11.29 
51 7.06 
51 6.3 
51 7.12 
51 7.41 
51 7.48 
51 4.93 
51 4.06 
51 3.77 
51 2.38 
51 1.71 
51 1.37 
51 1.03 
51 0.77 
51 0.57 
51 0.38 
51 0.22 
51 0.12 
51 0.06 
51 0 
51 0 
51 0 
51 0 
51 0 
51 0 
51 0 
51 0 
51 0 
51 0 
51 0 
51 0 
51 0 
51 0 
51 0 
51 0 
51 0 
51 0 
51 0 
51 0 
51 0 
51 0 
51 0 
51 0 
51 0 
51 0 
51 0 
51 0 
51 0 
51 0 
51 0 
51 0 
51 0 
51 0 
51 0 
51 0 
51 0 
51 0 
51 0 
51 0 
51 0 
51 0 
51 0 
51 0 
51 0 
51 0 
51 0 
51 0 
51 0 
51 0 
51 0 
51 0 
51 0 
51 0 
51 0 
51 0 
51 0 
51 0 
51 0 
51 0 
51 0 
51 0 
51 0 
51 0 
51 0 
51 0 
51 0 
51 0 
51 0 
51 0 
51 0 
51 0 
51 0 
51 0 
51 0 
52 0 
52 0 
52 0 
52 0 
52 0 
52 0 
52 0 
52 0 
52 0 
52 0 
52 0 
52 0 
52 0 
52 0 
52 0 
52 0 
52 0 
52 0 
52 0 
52 0 
52 0 
52 0 
52 0 
52 0 
52 0 
52 0 
52 0 
52 0 
52 0 
52 0 
52 0 
52 0 
52 0 
52 0 
52 0 
52 0 
52 0 
52 0 
52 0 
52 0 
52 0 
52 0 
52 0 
52 0 
52 0 
52 0 
52 0 
52 0 
52 0 
52 0 
52 0 
52 0 
52 0 
52 0 
52 0 
52 0 
52 0 
52 0 
52 0 
52 0 
52 0 
52 0 
52 0 
52 0 
52 0 
52 0 
52 0 
52 0 
52 0 
52 0 
52 0 
52 0 
52 0 
52 0 
52 0 
52 0 
52 0 
52 0 
52 0 
52 0 
52 0 
52 0 
52 0 
52 0 
52 0 
52 0 
52 0 
52 0 
52 0 
52 0 
52 0 
52 0 
52 0 
52 0 
52 0 
52 0 
52 0 
52 0 
52 8.67 
52 9.5 
52 10.28 
52 11.05 
52 11.79 
52 12.56 
52 13.27 
52 13.86 
52 14.55 
52 15.13 
52 15.85 
52 16.39 
52 17.09 
52 17.57 
52 18.13 
52 18.67 
52 19.26 
52 19.72 
52 19.83 
52 20.3 
52 20.91 
52 21.63 
52 21.91 
52 22.39 
52 22.8 
52 23.16 
52 23.64 
52 23.84 
52 24.15 
52 24.33 
52 24.47 
52 24.65 
52 24.92 
52 25.17 
52 25.52 
52 25.71 
52 25.86 
52 25.86 
52 26.15 
52 26.39 
52 26.55 
52 26.75 
52 26.89 
52 27.29 
52 27.33 
52 27.5 
52 27.45 
52 27.49 
52 27.68 
52 27.91 
52 27.98 
52 27.92 
52 27.91 
52 27.82 
52 27.77 
52 27.73 
52 27.66 
52 27.7 
52 27.51 
52 27.25 
52 27.12 
52 26.88 
52 26.62 
52 26.92 
52 26.94 
52 27.12 
52 25.89 
52 19.05 
52 26.32 
52 26.61 
52 24.91 
52 24.99 
52 24.75 
52 24.27 
52 24.15 
52 23.49 
52 21.57 
52 23.22 
52 22.48 
52 22.18 
52 21.46 
52 21.22 
52 20.62 
52 20.29 
52 19.73 
52 19.2 
52 18.33 
52 18.08 
52 17.51 
52 17.03 
52 16.69 
52 16.05 
52 6.93 
52 1.44 
52 1.66 
52 7.88 
52 10.39 
52 13.08 
52 7.51 
52 4.28 
52 2.78 
52 7.5 
52 8.67 
52 0.96 
52 1.08 
52 0.52 
52 0.38 
52 0.44 
52 0.78 
52 0.79 
52 1.05 
52 0.72 
52 0.29 
52 0.12 
52 0.01 
52 0 
52 0 
52 0 
52 0 
52 0 
52 0 
52 0 
52 0 
52 0 
52 0 
52 0 
52 0 
52 0 
52 0 
52 0 
52 0 
52 0 
52 0 
52 0 
52 0 
52 0 
52 0 
52 0 
52 0 
52 0 
52 0 
52 0 
52 0 
52 0 
52 0 
52 0 
52 0 
52 0 
52 0 
52 0 
52 0 
52 0 
52 0 
52 0 
52 0 
52 0 
52 0 
52 0 
52 0 
52 0 
52 0 
52 0 
52 0 
52 0 
52 0 
52 0 
52 0 
52 0 
52 0 
52 0 
52 0 
52 0 
52 0 
52 0 
52 0 
52 0 
52 0 
52 0 
52 0 
52 0 
52 0 
52 0 
52 0 
52 0 
52 0 
52 0 
52 0 
52 0 
52 0 
52 0 
53 0 
53 0 
53 0 
53 0 
53 0 
53 0 
53 0 
53 0 
53 0 
53 0 
53 0 
53 0 
53 0 
53 0 
53 0 
53 0 
53 0 
53 0 
53 0 
53 0 
53 0 
53 0 
53 0 
53 0 
53 0 
53 0 
53 0 
53 0 
53 0 
53 0 
53 0 
53 0 
53 0 
53 0 
53 0 
53 0 
53 0 
53 0 
53 0 
53 0 
53 0 
53 0 
53 0 
53 0 
53 0 
53 0 
53 0 
53 0 
53 0 
53 0 
53 0 
53 0 
53 0 
53 0 
53 0 
53 0 
53 0 
53 0 
53 0 
53 0 
53 0 
53 0 
53 0 
53 0 
53 0 
53 0 
53 0 
53 0 
53 0 
53 0 
53 0 
53 0 
53 0 
53 0 
53 0 
53 0 
53 0 
53 0 
53 0 
53 0 
53 0 
53 0 
53 0 
53 0 
53 0 
53 0.06 
53 0.38 
53 0.79 
53 1.18 
53 1.71 
53 2.53 
53 3.64 
53 4.45 
53 5.22 
53 5.97 
53 6.67 
53 7.36 
53 8.08 
53 8.74 
53 9.49 
53 10.24 
53 10.99 
53 11.75 
53 12.47 
53 13.12 
53 13.83 
53 14.42 
53 15.11 
53 15.85 
53 16.35 
53 17.05 
53 17.52 
53 18.11 
53 18.83 
53 19.67 
53 19.62 
53 20.59 
53 21.89 
53 22.1 
53 22.32 
53 22.32 
53 22.49 
53 22.93 
53 23.59 
53 24.14 
53 24.34 
53 24.83 
53 25.2 
53 25.59 
53 25.95 
53 25.95 
53 26.39 
53 26.35 
53 26.73 
53 27.23 
53 27.35 
53 27.37 
53 27.58 
53 27.96 
53 27.92 
53 28.53 
53 8.69 
53 29.54 
53 30.01 
53 30.2 
53 4.98 
53 5.83 
53 5.47 
53 5.05 
53 5.28 
53 5.67 
53 4.41 
53 3.53 
53 3.31 
53 2.07 
53 1.63 
53 0.87 
53 0.72 
53 1.0 
53 0.73 
53 0.59 
53 1.04 
53 1.82 
53 2.38 
53 3.75 
53 5.04 
53 6.05 
53 5.37 
53 3.79 
53 3.26 
53 2.77 
53 2.56 
53 2.03 
53 1.37 
53 0.86 
53 0.57 
53 0.47 
53 0.7 
53 0.66 
53 0.71 
53 1.18 
53 1.59 
53 2.21 
53 2.57 
53 1.9 
53 0.74 
53 0.45 
53 0.6 
53 0.9 
53 1.66 
53 2.45 
53 2.44 
53 2.1 
53 1.96 
53 2.42 
53 2.35 
53 2.38 
53 2.49 
53 2.84 
53 3.29 
53 3.36 
53 3.27 
53 2.6 
53 2.07 
53 1.32 
53 0.93 
53 0.87 
53 0.89 
53 0.73 
53 0.5 
53 0.32 
53 0.17 
53 0.06 
53 0.01 
53 0 
53 0 
53 0 
53 0 
53 0 
53 0 
53 0 
53 0 
53 0 
53 0 
53 0 
53 0 
53 0 
53 0 
53 0 
53 0 
53 0 
53 0 
53 0 
53 0 
53 0 
53 0 
53 0 
53 0 
53 0 
53 0 
53 0 
53 0 
53 0 
53 0 
53 0 
53 0 
53 0 
53 0 
53 0 
53 0 
53 0 
53 0 
53 0 
53 0 
53 0 
53 0 
53 0 
53 0 
53 0 
53 0 
53 0 
53 0 
53 0 
53 0 
53 0 
53 0 
53 0 
53 0 
53 0 
53 0 
53 0 
53 0 
53 0 
53 0 
53 0 
53 0 
53 0 
53 0 
53 0 
53 0 
53 0 
53 0 
53 0 
53 0 
53 0 
53 0 
53 0 
53 0 
54 0 
54 0 
54 0 
54 0 
54 0 
54 0 
54 0 
54 0 
54 0 
54 0 
54 0 
54 0 
54 0 
54 0 
54 0 
54 0 
54 0 
54 0 
54 0 
54 0 
54 0 
54 0 
54 0 
54 0 
54 0 
54 0 
54 0 
54 0 
54 0 
54 0 
54 0 
54 0 
54 0 
54 0 
54 0 
54 0 
54 0 
54 0 
54 0 
54 0 
54 0 
54 0 
54 0 
54 0 
54 0 
54 0 
54 0 
54 0 
54 0 
54 0 
54 0 
54 0 
54 0 
54 0 
54 0 
54 0 
54 0 
54 0 
54 0 
54 0 
54 0 
54 0 
54 0 
54 0 
54 0 
54 0 
54 0 
54 0 
54 0 
54 0 
54 0 
54 0 
54 0 
54 0 
54 0 
54 0 
54 0 
54 0 
54 0 
54 0 
54 0 
54 0 
54 0 
54 0 
54 0.02 
54 0.17 
54 0.69 
54 1.06 
54 1.63 
54 2.46 
54 3.56 
54 4.3 
54 5.02 
54 5.84 
54 6.68 
54 7.31 
54 8.12 
54 8.87 
54 9.65 
54 10.47 
54 11.29 
54 12.13 
54 12.78 
54 13.64 
54 14.36 
54 15.1 
54 15.77 
54 16.35 
54 16.97 
54 17.61 
54 18.29 
54 18.76 
54 19.45 
54 19.97 
54 20.64 
54 21.12 
54 21.64 
54 22.13 
54 22.71 
54 23.1 
54 23.45 
54 23.87 
54 24.33 
54 24.86 
54 25.26 
54 25.4 
54 26.0 
54 26.39 
54 26.7 
54 26.93 
54 27.12 
54 27.31 
54 27.57 
54 27.68 
54 28.09 
54 28.13 
54 28.36 
54 28.23 
54 28.63 
54 28.72 
54 28.87 
54 28.7 
54 29.08 
54 29.04 
54 29.16 
54 28.78 
54 28.88 
54 29.03 
54 29.03 
54 29.06 
54 28.95 
54 28.91 
54 28.61 
54 28.88 
54 28.55 
54 28.58 
54 28.73 
54 28.71 
54 28.7 
54 28.28 
54 28.16 
54 27.87 
54 27.55 
54 27.09 
54 26.77 
54 26.68 
54 26.76 
54 26.29 
54 26.05 
54 25.7 
54 25.25 
54 24.85 
54 24.85 
54 24.9 
54 24.4 
54 24.0 
54 23.35 
54 22.78 
54 22.56 
54 22.29 
54 22.08 
54 21.36 
54 20.92 
54 20.54 
54 20.06 
54 19.44 
54 18.81 
54 18.29 
54 17.73 
54 17.14 
54 16.55 
54 15.8 
54 15.2 
54 14.5 
54 13.73 
54 13.03 
54 12.3 
54 11.55 
54 10.77 
54 10.03 
54 9.21 
54 8.48 
54 7.67 
54 6.74 
54 1.21 
54 0.43 
54 0.44 
54 0.38 
54 0.3 
54 0.26 
54 0.24 
54 0.14 
54 0.08 
54 0.05 
54 0 
54 0 
54 0 
54 0 
54 0 
54 0 
54 0 
54 0 
54 0 
54 0 
54 0 
54 0 
54 0 
54 0 
54 0 
54 0 
54 0 
54 0 
54 0 
54 0 
54 0 
54 0 
54 0 
54 0 
54 0 
54 0 
54 0 
54 0 
54 0 
54 0 
54 0 
54 0 
54 0 
54 0 
54 0 
54 0 
54 0 
54 0 
54 0 
54 0 
54 0 
54 0 
54 0 
54 0 
54 0 
54 0 
54 0 
54 0 
54 0 
54 0 
54 0 
54 0 
54 0 
54 0 
54 0 
54 0 
54 0 
54 0 
54 0 
54 0 
54 0 
54 0 
54 0 
54 0 
54 0 
54 0 
54 0 
54 0 
54 0 
54 0 
54 0 
54 0 
54 0 
54 0 
55 0 
55 0 
55 0 
55 0 
55 0 
55 0 
55 0 
55 0 
55 0 
55 0 
55 0 
55 0 
55 0 
55 0 
55 0 
55 0 
55 0 
55 0 
55 0 
55 0 
55 0 
55 0 
55 0 
55 0 
55 0 
55 0 
55 0 
55 0 
55 0 
55 0 
55 0 
55 0 
55 0 
55 0 
55 0 
55 0 
55 0 
55 0 
55 0 
55 0 
55 0 
55 0 
55 0 
55 0 
55 0 
55 0 
55 0 
55 0 
55 0 
55 0 
55 0 
55 0 
55 0 
55 0 
55 0 
55 0 
55 0 
55 0 
55 0 
55 0 
55 0 
55 0 
55 0 
55 0 
55 0 
55 0 
55 0 
55 0 
55 0 
55 0 
55 0 
55 0 
55 0 
55 0 
55 0 
55 0 
55 0 
55 0 
55 0 
55 0 
55 0 
55 0 
55 0 
55 0 
55 0.03 
55 0.2 
55 0.58 
55 0.98 
55 1.64 
55 2.47 
55 3.66 
55 4.42 
55 5.14 
55 5.96 
55 6.76 
55 7.52 
55 8.26 
55 9.16 
55 9.96 
55 10.7 
55 11.52 
55 12.31 
55 13.08 
55 13.83 
55 14.52 
55 15.2 
55 15.83 
55 16.53 
55 17.17 
55 17.7 
55 18.38 
55 18.94 
55 19.41 
55 20.04 
55 20.46 
55 20.88 
55 21.42 
55 21.86 
55 22.26 
55 22.7 
55 23.03 
55 23.43 
55 23.82 
55 24.16 
55 24.71 
55 24.77 
55 25.16 
55 25.42 
55 25.57 
55 25.86 
55 26.1 
55 26.19 
55 26.51 
55 26.9 
55 27.13 
55 27.36 
55 27.36 
55 27.51 
55 27.59 
55 27.78 
55 27.74 
55 28.08 
55 28.3 
55 28.51 
55 28.65 
55 28.56 
55 28.53 
55 28.52 
55 28.47 
55 28.54 
55 28.69 
55 28.58 
55 28.48 
55 28.3 
55 28.45 
55 28.39 
55 28.11 
55 27.86 
55 27.76 
55 27.5 
55 27.5 
55 27.32 
55 27.14 
55 26.99 
55 26.73 
55 26.3 
55 26.21 
55 25.9 
55 25.9 
55 25.69 
55 22.09 
55 22.47 
55 23.2 
55 25.52 
55 24.71 
55 24.02 
55 23.31 
55 22.58 
55 21.84 
55 22.77 
55 16.97 
55 15.6 
55 13.72 
55 11.51 
55 15.51 
55 11.63 
55 14.91 
55 11.41 
55 12.23 
55 10.67 
55 10.92 
55 9.83 
55 8.17 
55 6.54 
55 6.61 
55 5.0 
55 5.61 
55 5.82 
55 6.26 
55 6.36 
55 5.99 
55 7.1 
55 8.41 
55 7.81 
55 3.05 
55 1.85 
55 1.66 
55 1.46 
55 1.24 
55 1.06 
55 0.85 
55 0.68 
55 0.45 
55 0.26 
55 0.1 
55 0 
55 0 
55 0 
55 0 
55 0 
55 0 
55 0 
55 0 
55 0 
55 0 
55 0 
55 0 
55 0 
55 0 
55 0 
55 0 
55 0 
55 0 
55 0 
55 0 
55 0 
55 0 
55 0 
55 0 
55 0 
55 0 
55 0 
55 0 
55 0 
55 0 
55 0 
55 0 
55 0 
55 0 
55 0 
55 0 
55 0 
55 0 
55 0 
55 0 
55 0 
55 0 
55 0 
55 0 
55 0 
55 0 
55 0 
55 0 
55 0 
55 0 
55 0 
55 0 
55 0 
55 0 
55 0 
55 0 
55 0 
55 0 
55 0 
55 0 
55 0 
55 0 
55 0 
55 0 
55 0 
55 0 
55 0 
55 0 
55 0 
55 0 
55 0 
55 0 
55 0 
56 0 
56 0 
56 0 
56 0 
56 0 
56 0 
56 0 
56 0 
56 0 
56 0 
56 0 
56 0 
56 0 
56 0 
56 0 
56 0 
56 0 
56 0 
56 0 
56 0 
56 0 
56 0 
56 0 
56 0 
56 0 
56 0 
56 0 
56 0 
56 0 
56 0 
56 0 
56 0 
56 0 
56 0 
56 0 
56 0 
56 0 
56 0 
56 0 
56 0 
56 0 
56 0 
56 0 
56 0 
56 0 
56 0 
56 0 
56 0 
56 0 
56 0 
56 0 
56 0 
56 0 
56 0 
56 0 
56 0 
56 0 
56 0 
56 0 
56 0 
56 0 
56 0 
56 0 
56 0 
56 0 
56 0 
56 0 
56 0 
56 0 
56 0 
56 0 
56 0 
56 0 
56 0 
56 0 
56 0 
56 0 
56 0 
56 0 
56 0 
56 0 
56 0 
56 0 
56 0.01 
56 0.1 
56 0.48 
56 0.88 
56 1.3 
56 1.92 
56 2.96 
56 3.85 
56 4.39 
56 5.16 
56 5.87 
56 6.64 
56 7.41 
56 8.14 
56 8.9 
56 9.77 
56 10.41 
56 11.22 
56 12.02 
56 12.72 
56 13.45 
56 14.14 
56 14.93 
56 15.56 
56 16.34 
56 16.84 
56 17.53 
56 18.2 
56 18.65 
56 19.26 
56 19.65 
56 20.09 
56 20.61 
56 21.19 
56 21.67 
56 21.99 
56 22.55 
56 22.85 
56 23.37 
56 23.61 
56 24.0 
56 24.25 
56 24.46 
56 24.56 
56 24.97 
56 25.33 
56 25.54 
56 25.74 
56 26.02 
56 26.23 
56 26.45 
56 26.66 
56 26.81 
56 26.97 
56 27.02 
56 27.41 
56 27.59 
56 27.46 
56 27.6 
56 27.53 
56 27.76 
56 27.75 
56 27.66 
56 27.7 
56 27.55 
56 27.78 
56 27.93 
56 27.78 
56 27.69 
56 27.8 
56 27.61 
56 27.38 
56 27.55 
56 27.36 
56 27.28 
56 26.99 
56 26.95 
56 26.64 
56 26.47 
56 26.41 
56 26.32 
56 26.11 
56 25.81 
56 25.73 
56 25.36 
56 25.25 
56 24.78 
56 24.6 
56 24.23 
56 23.89 
56 23.53 
56 23.25 
56 23.02 
56 22.61 
56 22.16 
56 21.69 
56 21.24 
56 20.94 
56 20.51 
56 19.9 
56 19.35 
56 18.84 
56 18.15 
56 17.73 
56 17.02 
56 16.36 
56 15.75 
56 15.4 
56 14.66 
56 14.04 
56 13.45 
56 12.79 
56 10.84 
56 11.09 
56 10.62 
56 9.68 
56 7.12 
56 7.34 
56 6.95 
56 5.74 
56 3.01 
56 3.24 
56 0.53 
56 0.44 
56 0.41 
56 0.35 
56 0.31 
56 0.31 
56 0.28 
56 0.18 
56 0.1 
56 0.01 
56 0 
56 0 
56 0 
56 0 
56 0 
56 0 
56 0 
56 0 
56 0 
56 0 
56 0 
56 0 
56 0 
56 0 
56 0 
56 0 
56 0 
56 0 
56 0 
56 0 
56 0 
56 0 
56 0 
56 0 
56 0 
56 0 
56 0 
56 0 
56 0 
56 0 
56 0 
56 0 
56 0 
56 0 
56 0 
56 0 
56 0 
56 0 
56 0 
56 0 
56 0 
56 0 
56 0 
56 0 
56 0 
56 0 
56 0 
56 0 
56 0 
56 0 
56 0 
56 0 
56 0 
56 0 
56 0 
56 0 
56 0 
56 0 
56 0 
56 0 
56 0 
56 0 
56 0 
56 0 
56 0 
56 0 
56 0 
56 0 
56 0 
56 0 
56 0 
56 0 
56 0 
57 0 
57 0 
57 0 
57 0 
57 0 
57 0 
57 0 
57 0 
57 0 
57 0 
57 0 
57 0 
57 0 
57 0 
57 0 
57 0 
57 0 
57 0 
57 0 
57 0 
57 0 
57 0 
57 0 
57 0 
57 0 
57 0 
57 0 
57 0 
57 0 
57 0 
57 0 
57 0 
57 0 
57 0 
57 0 
57 0 
57 0 
57 0 
57 0 
57 0 
57 0 
57 0 
57 0 
57 0 
57 0 
57 0 
57 0 
57 0 
57 0 
57 0 
57 0 
57 0 
57 0 
57 0 
57 0 
57 0 
57 0 
57 0 
57 0 
57 0 
57 0 
57 0 
57 0 
57 0 
57 0 
57 0 
57 0 
57 0 
57 0 
57 0 
57 0 
57 0 
57 0 
57 0 
57 0 
57 0 
57 0 
57 0 
57 0 
57 0 
57 0 
57 0 
57 0 
57 0.19 
57 0.53 
57 0.9 
57 1.2 
57 2.27 
57 2.41 
57 3.4 
57 5.0 
57 3.95 
57 4.3 
57 4.1 
57 4.12 
57 3.85 
57 4.98 
57 5.29 
57 6.29 
57 5.69 
57 6.89 
57 7.18 
57 8.6 
57 9.25 
57 8.23 
57 9.03 
57 10.01 
57 9.88 
57 8.98 
57 8.25 
57 7.95 
57 7.07 
57 6.94 
57 6.83 
57 6.89 
57 7.46 
57 8.3 
57 13.0 
57 13.08 
57 10.7 
57 11.81 
57 9.88 
57 12.18 
57 9.81 
57 11.22 
57 17.65 
57 19.32 
57 14.3 
57 12.15 
57 10.01 
57 8.95 
57 8.46 
57 8.59 
57 9.04 
57 9.47 
57 10.36 
57 10.74 
57 10.63 
57 10.76 
57 10.08 
57 11.75 
57 17.57 
57 15.4 
57 20.18 
57 20.26 
57 12.52 
57 11.85 
57 11.59 
57 13.2 
57 15.32 
57 22.81 
57 17.23 
57 23.3 
57 20.36 
57 12.22 
57 12.9 
57 12.12 
57 14.7 
57 18.17 
57 15.47 
57 23.91 
57 16.93 
57 29.28 
57 16.14 
57 14.98 
57 12.88 
57 12.48 
57 11.47 
57 10.31 
57 9.76 
57 10.25 
57 9.95 
57 9.62 
57 9.65 
57 9.86 
57 10.11 
57 9.53 
57 8.28 
57 7.42 
57 6.91 
57 6.61 
57 6.66 
57 6.41 
57 5.65 
57 4.83 
57 4.34 
57 4.1 
57 3.8 
57 3.75 
57 3.75 
57 3.36 
57 2.85 
57 2.37 
57 2.16 
57 2.03 
57 2.04 
57 2.08 
57 1.97 
57 1.6 
57 1.35 
57 1.0 
57 0.74 
57 0.57 
57 0.46 
57 0.44 
57 0.33 
57 0.31 
57 0.3 
57 0.26 
57 0.13 
57 0.05 
57 0 
57 0 
57 0 
57 0 
57 0 
57 0 
57 0 
57 0 
57 0 
57 0 
57 0 
57 0 
57 0 
57 0 
57 0 
57 0 
57 0 
57 0 
57 0 
57 0 
57 0 
57 0 
57 0 
57 0 
57 0 
57 0 
57 0 
57 0 
57 0 
57 0 
57 0 
57 0 
57 0 
57 0 
57 0 
57 0 
57 0 
57 0 
57 0 
57 0 
57 0 
57 0 
57 0 
57 0 
57 0 
57 0 
57 0 
57 0 
57 0 
57 0 
57 0 
57 0 
57 0 
57 0 
57 0 
57 0 
57 0 
57 0 
57 0 
57 0 
57 0 
57 0 
57 0 
57 0 
57 0 
57 0 
57 0 
57 0 
57 0 
57 0 
57 0 
57 0 
57 0 
57 0 
57 0 
57 0 
57 0 
58 0 
58 0 
58 0 
58 0 
58 0 
58 0 
58 0 
58 0 
58 0 
58 0 
58 0 
58 0 
58 0 
58 0 
58 0 
58 0 
58 0 
58 0 
58 0 
58 0 
58 0 
58 0 
58 0 
58 0 
58 0 
58 0 
58 0 
58 0 
58 0 
58 0 
58 0 
58 0 
58 0 
58 0 
58 0 
58 0 
58 0 
58 0 
58 0 
58 0 
58 0 
58 0 
58 0 
58 0 
58 0 
58 0 
58 0 
58 0 
58 0 
58 0 
58 0 
58 0 
58 0 
58 0 
58 0 
58 0 
58 0 
58 0 
58 0 
58 0 
58 0 
58 0 
58 0 
58 0 
58 0 
58 0 
58 0 
58 0 
58 0 
58 0 
58 0 
58 0 
58 0 
58 0 
58 0 
58 0 
58 0 
58 0 
58 0 
58 0 
58 0 
58 0 
58 0 
58 0 
58 0.22 
58 0.61 
58 0.95 
58 1.36 
58 2.39 
58 3.11 
58 3.82 
58 4.38 
58 5.09 
58 5.85 
58 6.59 
58 7.27 
58 8.04 
58 8.78 
58 9.49 
58 10.27 
58 10.89 
58 11.67 
58 12.38 
58 13.03 
58 13.8 
58 14.42 
58 15.0 
58 15.65 
58 16.28 
58 16.83 
58 17.45 
58 17.94 
58 18.5 
58 18.92 
58 19.38 
58 19.97 
58 20.4 
58 20.81 
58 21.36 
58 21.6 
58 22.15 
58 22.42 
58 22.93 
58 23.33 
58 23.5 
58 23.72 
58 24.14 
58 24.47 
58 24.68 
58 24.84 
58 25.26 
58 25.3 
58 25.37 
58 25.49 
58 25.54 
58 25.98 
58 25.9 
58 26.1 
58 26.16 
58 26.28 
58 26.53 
58 26.61 
58 26.79 
58 26.91 
58 26.84 
58 26.78 
58 26.86 
58 26.95 
58 26.97 
58 26.91 
58 26.79 
58 26.92 
58 26.91 
58 26.88 
58 26.81 
58 26.58 
58 26.42 
58 26.42 
58 26.27 
58 26.06 
58 26.0 
58 25.69 
58 25.5 
58 25.39 
58 25.08 
58 24.87 
58 24.62 
58 24.39 
58 24.14 
58 23.97 
58 23.65 
58 23.3 
58 23.02 
58 22.72 
58 22.35 
58 22.08 
58 21.67 
58 21.36 
58 20.94 
58 20.45 
58 20.01 
58 19.63 
58 19.25 
58 18.95 
58 18.22 
58 17.61 
58 17.09 
58 16.6 
58 16.02 
58 15.55 
58 14.92 
58 14.33 
58 13.77 
58 13.04 
58 12.42 
58 11.76 
58 11.1 
58 10.52 
58 9.75 
58 9.12 
58 8.32 
58 7.63 
58 6.9 
58 6.19 
58 5.44 
58 0.61 
58 0.52 
58 0.46 
58 0.41 
58 0.35 
58 0.31 
58 0.24 
58 0.19 
58 0.09 
58 0.04 
58 0 
58 0 
58 0 
58 0 
58 0 
58 0 
58 0 
58 0 
58 0 
58 0 
58 0 
58 0 
58 0 
58 0 
58 0 
58 0 
58 0 
58 0 
58 0 
58 0 
58 0 
58 0 
58 0 
58 0 
58 0 
58 0 
58 0 
58 0 
58 0 
58 0 
58 0 
58 0 
58 0 
58 0 
58 0 
58 0 
58 0 
58 0 
58 0 
58 0 
58 0 
58 0 
58 0 
58 0 
58 0 
58 0 
58 0 
58 0 
58 0 
58 0 
58 0 
58 0 
58 0 
58 0 
58 0 
58 0 
58 0 
58 0 
58 0 
58 0 
58 0 
58 0 
58 0 
58 0 
58 0 
58 0 
58 0 
58 0 
58 0 
58 0 
58 0 
58 0 
58 0 
59 0 
59 0 
59 0 
59 0 
59 0 
59 0 
59 0 
59 0 
59 0 
59 0 
59 0 
59 0 
59 0 
59 0 
59 0 
59 0 
59 0 
59 0 
59 0 
59 0 
59 0 
59 0 
59 0 
59 0 
59 0 
59 0 
59 0 
59 0 
59 0 
59 0 
59 0 
59 0 
59 0 
59 0 
59 0 
59 0 
59 0 
59 0 
59 0 
59 0 
59 0 
59 0 
59 0 
59 0 
59 0 
59 0 
59 0 
59 0 
59 0 
59 0 
59 0 
59 0 
59 0 
59 0 
59 0 
59 0 
59 0 
59 0 
59 0 
59 0 
59 0 
59 0 
59 0 
59 0 
59 0 
59 0 
59 0 
59 0 
59 0 
59 0 
59 0 
59 0 
59 0 
59 0 
59 0 
59 0 
59 0 
59 0 
59 0 
59 0 
59 0 
59 0 
59 0 
59 0.01 
59 0.32 
59 0.63 
59 0.85 
59 1.79 
59 2.66 
59 3.33 
59 4.05 
59 4.5 
59 5.38 
59 6.06 
59 6.79 
59 7.55 
59 8.24 
59 9.03 
59 9.78 
59 10.51 
59 11.26 
59 11.92 
59 12.57 
59 13.21 
59 13.82 
59 14.57 
59 15.21 
59 15.82 
59 16.35 
59 16.99 
59 17.54 
59 18.11 
59 18.55 
59 18.97 
59 19.5 
59 19.88 
59 20.38 
59 20.79 
59 21.27 
59 21.68 
59 21.93 
59 22.36 
59 22.66 
59 23.0 
59 23.29 
59 23.53 
59 23.77 
59 24.23 
59 24.43 
59 24.56 
59 24.75 
59 24.91 
59 25.05 
59 25.29 
59 25.57 
59 25.58 
59 25.75 
59 26.14 
59 26.24 
59 26.34 
59 26.43 
59 26.47 
59 26.75 
59 26.68 
59 26.69 
59 26.75 
59 26.82 
59 27.1 
59 26.95 
59 26.88 
59 26.89 
59 26.79 
59 26.68 
59 26.67 
59 26.58 
59 26.6 
59 26.56 
59 26.17 
59 25.99 
59 25.87 
59 25.28 
59 25.68 
59 25.68 
59 25.37 
59 25.16 
59 24.91 
59 24.73 
59 24.58 
59 23.8 
59 24.15 
59 23.57 
59 23.04 
59 22.22 
59 22.21 
59 21.36 
59 21.52 
59 21.67 
59 21.34 
59 21.07 
59 20.71 
59 20.11 
59 19.64 
59 19.05 
59 17.83 
59 16.87 
59 16.68 
59 16.22 
59 16.31 
59 16.43 
59 15.95 
59 14.29 
59 14.03 
59 12.81 
59 12.03 
59 12.23 
59 10.05 
59 8.81 
59 11.19 
59 10.36 
59 9.38 
59 8.27 
59 6.3 
59 3.86 
59 5.18 
59 4.49 
59 0.99 
59 0.7 
59 0.65 
59 0.58 
59 0.52 
59 0.41 
59 0.27 
59 0.22 
59 0.15 
59 0.06 
59 0 
59 0 
59 0 
59 0 
59 0 
59 0 
59 0 
59 0 
59 0 
59 0 
59 0 
59 0 
59 0 
59 0 
59 0 
59 0 
59 0 
59 0 
59 0 
59 0 
59 0 
59 0 
59 0 
59 0 
59 0 
59 0 
59 0 
59 0 
59 0 
59 0 
59 0 
59 0 
59 0 
59 0 
59 0 
59 0 
59 0 
59 0 
59 0 
59 0 
59 0 
59 0 
59 0 
59 0 
59 0 
59 0 
59 0 
59 0 
59 0 
59 0 
59 0 
59 0 
59 0 
59 0 
59 0 
59 0 
59 0 
59 0 
59 0 
59 0 
59 0 
59 0 
59 0 
59 0 
59 0 
59 0 
59 0 
59 0 
59 0 
59 0 
59 0 
59 0 
59 0 
60 0 
366 0 
366 0 
366 0 
366 0 
366 0 
366 0 
366 0 
366 0 
366 0 
366 0 
366 0 
366 0 
366 0 
366 0 
366 0 
366 0 
366 0 
366 0 
366 0 
366 0 
366 0 
366 0 
366 0 
366 0 
366 0 
366 0 
366 0 
366 0 
366 0 
366 0 
366 0 
366 0 
366 0 
366 0 
366 0 
366 0 
366 0 
366 0 
366 0 
366 0 
366 0 
366 0 
366 0 
366 0 
366 0 
366 0 
366 0 
366 0 
366 0 
366 0 
366 0 
366 0 
366 0 
366 0 
366 0 
366 0 
366 0 
366 0 
366 0 
366 0 
366 0 
366 0 
366 0 
366 0 
366 0 
366 0 
366 0 
366 0 
366 0 
366 0 
366 0 
366 0 
366 0 
366 0 
366 0 
366 0 
366 0 
366 0 
366 0 
366 0 
366 0 
366 0 
366 0 
366 0 
366 0 
366 0 
366 0 
366 0 
366 0 
366 0 
366 0 
366 0 
366 0 
366 0 
366 0 
366 0.13 
366 0.01 
366 0.02 
366 0.03 
366 0.12 
366 0.12 
366 0.16 
366 0.16 
366 0.22 
366 0.39 
366 0.63 
366 0.84 
366 1.16 
366 0.89 
366 1.58 
366 2.14 
366 2.17 
366 1.96 
366 2.28 
366 2.67 
366 2.82 
366 2.92 
366 3.25 
366 3.41 
366 3.65 
366 3.88 
366 4.02 
366 4.31 
366 4.42 
366 4.6 
366 4.42 
366 4.45 
366 4.43 
366 4.5 
366 4.61 
366 4.68 
366 4.64 
366 4.62 
366 4.63 
366 5.1 
366 4.99 
366 4.8 
366 5.07 
366 5.07 
366 5.21 
366 5.14 
366 5.35 
366 5.54 
366 5.77 
366 5.82 
366 5.88 
366 5.73 
366 5.75 
366 5.86 
366 5.74 
366 5.83 
366 5.86 
366 5.96 
366 5.96 
366 5.86 
366 5.86 
366 5.84 
366 5.53 
366 5.62 
366 5.45 
366 5.5 
366 5.58 
366 5.35 
366 5.12 
366 5.36 
366 5.32 
366 4.98 
366 5.01 
366 4.77 
366 4.55 
366 4.98 
366 4.78 
366 4.79 
366 4.65 
366 4.39 
366 4.49 
366 4.09 
366 3.84 
366 3.53 
366 3.17 
366 2.86 
366 2.55 
366 2.17 
366 1.73 
366 1.3 
366 1.1 
366 0.86 
366 0.46 
366 0.31 
366 0.08 
366 0.19 
366 0.15 
366 0.19 
366 0.05 
366 0.2 
366 0.15 
366 0.16 
366 0.2 
366 0.11 
366 0.25 
366 0.22 
366 0.12 
366 0.13 
366 0.12 
366 0 
366 0 
366 0 
366 0 
366 0 
366 0 
366 0 
366 0 
366 0 
366 0 
366 0 
366 0 
366 0 
366 0 
366 0 
366 0 
366 0 
366 0 
366 0 
366 0 
366 0 
366 0 
366 0 
366 0 
366 0 
366 0 
366 0 
366 0 
366 0 
366 0 
366 0 
366 0 
366 0 
366 0 
366 0 
366 0 
366 0 
366 0 
366 0 
366 0 
366 0 
366 0 
366 0 
366 0 
366 0 
366 0 
366 0 
366 0 
366 0 
366 0 
366 0 
366 0 
366 0 
366 0 
366 0 
366 0 
366 0 
366 0 
366 0 
366 0 
366 0 
366 0 
366 0 
366 0 
366 0 
366 0 
366 0 
366 0 
366 0 
366 0 
366 0 
366 0 
366 0 
366 0 
366 0 
366 0 
366 0 
366 0 
366 0 
366 0 
366 0 
366 0 
366 0 
367 0 
367 0 
367 0 
367 0 
367 0 
367 0 
367 0 
367 0 
367 0 
367 0 
367 0 
367 0 
367 0 
367 0 
367 0 
367 0 
367 0 
367 0 
367 0 
367 0 
367 0 
367 0 
367 0 
367 0 
367 0 
367 0 
367 0 
367 0 
367 0 
367 0 
367 0 
367 0 
367 0 
367 0 
367 0 
367 0 
367 0 
367 0 
367 0 
367 0 
367 0 
367 0 
367 0 
367 0 
367 0 
367 0 
367 0 
367 0 
367 0 
367 0 
367 0 
367 0 
367 0 
367 0 
367 0 
367 0 
367 0 
367 0 
367 0 
367 0 
367 0 
367 0 
367 0 
367 0 
367 0 
367 0 
367 0 
367 0 
367 0 
367 0 
367 0 
367 0 
367 0 
367 0 
367 0 
367 0 
367 0 
367 0 
367 0 
367 0 
367 0 
367 0 
367 0 
367 0 
367 0 
367 0 
367 0 
367 0 
367 0 
367 0 
367 0 
367 0 
367 0 
367 0 
367 0 
367 0 
367 0.19 
367 0.14 
367 0.19 
367 0.21 
367 0.08 
367 0.01 
367 0.14 
367 0.27 
367 0.25 
367 0.15 
367 0.27 
367 0 
367 0.03 
367 0.25 
367 0.19 
367 0.22 
367 0.18 
367 0.1 
367 0.06 
367 0.06 
367 0.2 
367 0.05 
367 0.11 
367 0.03 
367 0.01 
367 0.25 
367 0.22 
367 0.45 
367 0.35 
367 0.39 
367 0.56 
367 0.55 
367 0.61 
367 0.66 
367 0.71 
367 0.67 
367 0.54 
367 0.56 
367 0.51 
367 0.26 
367 0.38 
367 0.44 
367 0.55 
367 0.39 
367 0.31 
367 0.3 
367 0.56 
367 0.88 
367 1.18 
367 0.76 
367 0.87 
367 0.97 
367 0.7 
367 0.56 
367 0.43 
367 0.32 
367 0.1 
367 0.01 
367 0.05 
367 0.16 
367 0.03 
367 0.2 
367 0.23 
367 0.18 
367 0.25 
367 0.12 
367 0.2 
367 0.08 
367 0.11 
367 0.34 
367 0.31 
367 0.35 
367 0.26 
367 0.14 
367 0.1 
367 0.24 
367 0.2 
367 0.3 
367 0.51 
367 0.26 
367 0.37 
367 0.29 
367 0.07 
367 0.13 
367 0.16 
367 0.1 
367 0.05 
367 0.06 
367 0.13 
367 0.23 
367 0.17 
367 0.11 
367 0.12 
367 0 
367 0.11 
367 0.13 
367 0 
367 0 
367 0 
367 0 
367 0 
367 0.11 
367 0 
367 0 
367 0 
367 0 
367 0 
367 0 
367 0 
367 0 
367 0 
367 0 
367 0 
367 0 
367 0 
367 0 
367 0 
367 0 
367 0 
367 0 
367 0 
367 0 
367 0 
367 0 
367 0 
367 0 
367 0 
367 0 
367 0 
367 0 
367 0 
367 0 
367 0 
367 0 
367 0 
367 0 
367 0 
367 0 
367 0 
367 0 
367 0 
367 0 
367 0 
367 0 
367 0 
367 0 
367 0 
367 0 
367 0 
367 0 
367 0 
367 0 
367 0 
367 0 
367 0 
367 0 
367 0 
367 0 
367 0 
367 0 
367 0 
367 0 
367 0 
367 0 
367 0 
367 0 
367 0 
367 0 
367 0 
367 0 
367 0 
367 0 
367 0 
367 0 
367 0 
367 0 
367 0 
367 0 
367 0 
367 0 
367 0 
367 0 
367 0 
367 0 
367 0 
367 0 
367 0 
367 0 
367 0 
367 0 
367 0 
367 0 
368 0 
368 0 
368 0 
368 0 
368 0 
368 0 
368 0 
368 0 
368 0 
368 0 
368 0 
368 0 
368 0 
368 0 
368 0 
368 0 
368 0 
368 0 
368 0 
368 0 
368 0 
368 0 
368 0 
368 0 
368 0 
368 0 
368 0 
368 0 
368 0 
368 0 
368 0 
368 0 
368 0 
368 0 
368 0 
368 0 
368 0 
368 0 
368 0 
368 0 
368 0 
368 0 
368 0 
368 0 
368 0 
368 0 
368 0 
368 0 
368 0 
368 0 
368 0 
368 0 
368 0 
368 0 
368 0 
368 0 
368 0 
368 0 
368 0 
368 0 
368 0 
368 0 
368 0 
368 0 
368 0 
368 0 
368 0 
368 0 
368 0 
368 0 
368 0 
368 0 
368 0 
368 0 
368 0 
368 0 
368 0 
368 0 
368 0 
368 0 
368 0 
368 0 
368 0 
368 0 
368 0 
368 0 
368 0 
368 0 
368 0 
368 0 
368 0 
368 0 
368 0 
368 0 
368 0 
368 0 
368 0 
368 0.13 
368 0.14 
368 0.12 
368 0.13 
368 0.1 
368 0.27 
368 0.42 
368 0.18 
368 0.19 
368 0.28 
368 0.07 
368 0.22 
368 0.45 
368 0.32 
368 0.16 
368 0.55 
368 0.6 
368 0.42 
368 0.56 
368 0.66 
368 0.68 
368 0.8 
368 0.82 
368 1.08 
368 0.99 
368 1.1 
368 1.32 
368 1.02 
368 0.83 
368 0.9 
368 0.77 
368 0.89 
368 0.69 
368 0.6 
368 0.58 
368 0.5 
368 0.54 
368 0.53 
368 0.6 
368 0.9 
368 0.96 
368 1.41 
368 2.14 
368 2.33 
368 1.76 
368 1.16 
368 1.08 
368 0.87 
368 0.98 
368 1.01 
368 1.29 
368 1.09 
368 1.13 
368 1.24 
368 1.68 
368 1.61 
368 2.43 
368 2.18 
368 1.77 
368 1.64 
368 2.07 
368 1.58 
368 2.77 
368 1.71 
368 1.14 
368 1.5 
368 1.27 
368 0.98 
368 0.9 
368 1.54 
368 1.35 
368 1.13 
368 0.53 
368 0.72 
368 0.51 
368 0.39 
368 0.34 
368 0.28 
368 0.36 
368 0.4 
368 0.44 
368 0.33 
368 0.5 
368 0.42 
368 0.23 
368 0.07 
368 0.1 
368 0.29 
368 0.2 
368 0.12 
368 0.23 
368 0.11 
368 0.17 
368 0.3 
368 0.14 
368 0.2 
368 0 
368 0.25 
368 0.03 
368 0.25 
368 0.14 
368 0.29 
368 0.15 
368 0.1 
368 0 
368 0 
368 0 
368 0 
368 0 
368 0 
368 0 
368 0 
368 0 
368 0 
368 0 
368 0 
368 0 
368 0 
368 0 
368 0 
368 0 
368 0 
368 0 
368 0 
368 0 
368 0 
368 0 
368 0 
368 0 
368 0 
368 0 
368 0 
368 0 
368 0 
368 0 
368 0 
368 0 
368 0 
368 0 
368 0 
368 0 
368 0 
368 0 
368 0 
368 0 
368 0 
368 0 
368 0 
368 0 
368 0 
368 0 
368 0 
368 0 
368 0 
368 0 
368 0 
368 0 
368 0 
368 0 
368 0 
368 0 
368 0 
368 0 
368 0 
368 0 
368 0 
368 0 
368 0 
368 0 
368 0 
368 0 
368 0 
368 0 
368 0 
368 0 
368 0 
368 0 
368 0 
368 0 
368 0 
368 0 
368 0 
368 0 
368 0 
368 0 
368 0 
368 0 
368 0 
368 0 
368 0 
368 0 
369 0 
369 0 
369 0 
369 0 
369 0 
369 0 
369 0 
369 0 
369 0 
369 0 
369 0 
369 0 
369 0 
369 0 
369 0 
369 0 
369 0 
369 0 
369 0 
369 0 
369 0 
369 0 
369 0 
369 0 
369 0 
369 0 
369 0 
369 0 
369 0 
369 0 
369 0 
369 0 
369 0 
369 0 
369 0 
369 0 
369 0 
369 0 
369 0 
369 0 
369 0 
369 0 
369 0 
369 0 
369 0 
369 0 
369 0 
369 0 
369 0 
369 0 
369 0 
369 0 
369 0 
369 0 
369 0 
369 0 
369 0 
369 0 
369 0 
369 0 
369 0 
369 0 
369 0 
369 0 
369 0 
369 0 
369 0 
369 0 
369 0 
369 0 
369 0 
369 0 
369 0 
369 0 
369 0 
369 0 
369 0 
369 0 
369 0 
369 0 
369 0 
369 0 
369 0 
369 0 
369 0 
369 0 
369 0 
369 0 
369 0 
369 0 
369 0 
369 0 
369 0 
369 0 
369 0 
369 0 
369 0 
369 0 
369 0 
369 0 
369 0 
369 0 
369 0 
369 0 
369 0 
369 0 
369 0 
369 0.16 
369 0.13 
369 0.11 
369 0.11 
369 0.12 
369 0.19 
369 0.12 
369 0.19 
369 0.1 
369 0.15 
369 0.29 
369 0.5 
369 0.6 
369 0.63 
369 0.73 
369 0.58 
369 0.73 
369 0.73 
369 0.68 
369 1.0 
369 1.14 
369 1.08 
369 1.46 
369 1.25 
369 1.35 
369 1.13 
369 1.1 
369 0.98 
369 1.4 
369 1.02 
369 1.07 
369 1.34 
369 1.31 
369 0.92 
369 1.19 
369 1.17 
369 1.05 
369 1.26 
369 1.68 
369 1.36 
369 1.77 
369 1.69 
369 1.28 
369 1.42 
369 0.91 
369 0.82 
369 0.96 
369 1.15 
369 0.65 
369 1.08 
369 0.71 
369 1.08 
369 0.6 
369 0.67 
369 0.56 
369 0.67 
369 0.53 
369 0.36 
369 0.44 
369 0.26 
369 0.29 
369 0.13 
369 0.25 
369 0.17 
369 0.42 
369 0.28 
369 0.2 
369 0.37 
369 0.16 
369 0.28 
369 0.33 
369 0.19 
369 0.07 
369 0.25 
369 0.34 
369 0.05 
369 0.11 
369 0 
369 0 
369 0 
369 0.1 
369 0.12 
369 0.09 
369 0 
369 0 
369 0 
369 0 
369 0 
369 0 
369 0 
369 0 
369 0 
369 0 
369 0 
369 0 
369 0 
369 0 
369 0 
369 0 
369 0 
369 0 
369 0 
369 0 
369 0 
369 0 
369 0 
369 0 
369 0 
369 0 
369 0 
369 0 
369 0 
369 0 
369 0 
369 0 
369 0 
369 0 
369 0 
369 0 
369 0 
369 0 
369 0 
369 0 
369 0 
369 0 
369 0 
369 0 
369 0 
369 0 
369 0 
369 0 
369 0 
369 0 
369 0 
369 0 
369 0 
369 0 
369 0 
369 0 
369 0 
369 0 
369 0 
369 0 
369 0 
369 0 
369 0 
369 0 
369 0 
369 0 
369 0 
369 0 
369 0 
369 0 
369 0 
369 0 
369 0 
369 0 
369 0 
369 0 
369 0 
369 0 
369 0 
369 0 
369 0 
369 0 
369 0 
369 0 
369 0 
369 0 
369 0 
369 0 
369 0 
369 0 
369 0 
369 0 
369 0 
369 0 
369 0 
369 0 
369 0 
369 0 
370 0 
370 0 
370 0 
370 0 
370 0 
370 0 
370 0 
370 0 
370 0 
370 0 
370 0 
370 0 
370 0 
370 0 
370 0 
370 0 
370 0 
370 0 
370 0 
370 0 
370 0 
370 0 
370 0 
370 0 
370 0 
370 0 
370 0 
370 0 
370 0 
370 0 
370 0 
370 0 
370 0 
370 0 
370 0 
370 0 
370 0 
370 0 
370 0 
370 0 
370 0 
370 0 
370 0 
370 0 
370 0 
370 0 
370 0 
370 0 
370 0 
370 0 
370 0 
370 0 
370 0 
370 0 
370 0 
370 0 
370 0 
370 0 
370 0 
370 0 
370 0 
370 0 
370 0 
370 0 
370 0 
370 0 
370 0 
370 0 
370 0 
370 0 
370 0 
370 0 
370 0 
370 0 
370 0 
370 0 
370 0 
370 0 
370 0 
370 0 
370 0 
370 0 
370 0 
370 0 
370 0 
370 0 
370 0 
370 0 
370 0 
370 0 
370 0 
370 0 
370 0 
370 0 
370 0 
370 0 
370 0 
370 0.11 
370 0.11 
370 0 
370 0.1 
370 0 
370 0.14 
370 0.14 
370 0.13 
370 0.28 
370 0.22 
370 0.1 
370 0.1 
370 0.11 
370 0.01 
370 0.11 
370 0.13 
370 0.17 
370 0.12 
370 0.01 
370 0.12 
370 0.35 
370 0.35 
370 0.38 
370 0.55 
370 1.03 
370 0.69 
370 0.18 
370 0.21 
370 0.6 
370 0.51 
370 0.66 
370 0.53 
370 0.25 
370 0.17 
370 0.14 
370 0.04 
370 0.14 
370 0.35 
370 0.34 
370 0.24 
370 0.23 
370 0.32 
370 0.39 
370 0.4 
370 0.51 
370 0.46 
370 0.48 
370 0.54 
370 0.82 
370 1.13 
370 1.35 
370 1.1 
370 0.91 
370 0.88 
370 0.79 
370 0.95 
370 1.42 
370 1.75 
370 1.71 
370 1.53 
370 1.39 
370 1.4 
370 1.07 
370 1.04 
370 1.06 
370 1.08 
370 0.79 
370 1.16 
370 1.64 
370 1.59 
370 1.62 
370 1.48 
370 0.76 
370 0.61 
370 0.54 
370 0.82 
370 0.94 
370 0.66 
370 1.06 
370 2.02 
370 1.28 
370 0.69 
370 1.11 
370 0.73 
370 1.24 
370 1.41 
370 0.65 
370 0.17 
370 0.09 
370 0.94 
370 1.16 
370 0.96 
370 0.68 
370 0.65 
370 0.59 
370 0.35 
370 0.32 
370 0.14 
370 0.14 
370 0.32 
370 0.26 
370 0.07 
370 0.28 
370 0.22 
370 0.17 
370 0.1 
370 0.07 
370 0.12 
370 0.09 
370 0 
370 0 
370 0 
370 0 
370 0 
370 0 
370 0 
370 0 
370 0 
370 0 
370 0 
370 0 
370 0 
370 0 
370 0 
370 0 
370 0 
370 0 
370 0 
370 0 
370 0 
370 0 
370 0 
370 0 
370 0 
370 0 
370 0 
370 0 
370 0 
370 0 
370 0 
370 0 
370 0 
370 0 
370 0 
370 0 
370 0 
370 0 
370 0 
370 0 
370 0 
370 0 
370 0 
370 0 
370 0 
370 0 
370 0 
370 0 
370 0 
370 0 
370 0 
370 0 
370 0 
370 0 
370 0 
370 0 
370 0 
370 0 
370 0 
370 0 
370 0 
370 0 
370 0 
370 0 
370 0 
370 0 
370 0 
370 0 
370 0 
370 0 
370 0 
370 0 
370 0 
370 0 
370 0 
370 0 
370 0 
370 0 
370 0 
370 0 
370 0 
370 0 
371 0 
371 0 
371 0 
371 0 
371 0 
371 0 
371 0 
371 0 
371 0 
371 0 
371 0 
371 0 
371 0 
371 0 
371 0 
371 0 
371 0 
371 0 
371 0 
371 0 
371 0 
371 0 
371 0 
371 0 
371 0 
371 0 
371 0 
371 0 
371 0 
371 0 
371 0 
371 0 
371 0 
371 0 
371 0 
371 0 
371 0 
371 0 
371 0 
371 0 
371 0 
371 0 
371 0 
371 0 
371 0 
371 0 
371 0 
371 0 
371 0 
371 0 
371 0 
371 0 
371 0 
371 0 
371 0 
371 0 
371 0 
371 0 
371 0 
371 0 
371 0 
371 0 
371 0 
371 0 
371 0 
371 0 
371 0 
371 0 
371 0 
371 0 
371 0 
371 0 
371 0 
371 0 
371 0 
371 0 
371 0 
371 0 
371 0 
371 0 
371 0 
371 0 
371 0 
371 0 
371 0 
371 0 
371 0 
371 0 
371 0 
371 0 
371 0 
371 0 
371 0 
371 0 
371 0 
371 0 
371 0 
371 0 
371 0 
371 0 
371 0 
371 0 
371 0 
371 0 
371 0 
371 0 
371 0 
371 0 
371 0 
371 0 
371 0 
371 0 
371 0 
371 0 
371 0 
371 0 
371 0 
371 0 
371 0 
371 0 
371 0 
371 0 
371 0 
371 0 
371 0 
371 0 
371 0 
371 0 
371 0 
371 0 
371 0 
371 0 
371 0 
371 0 
371 0 
371 0 
371 0 
371 0 
371 0 
371 0 
371 0 
371 0 
371 0 
371 0 
371 0 
371 0 
371 0 
371 0 
371 0 
371 0 
371 0 
371 0 
371 0 
371 0 
371 0 
371 0 
371 0 
371 0 
371 0 
371 0 
371 0 
371 0 
371 0 
371 0 
371 0 
371 0 
371 0 
371 0 
371 0 
371 0 
371 0 
371 2.83 
371 1.86 
371 0.83 
371 0.61 
371 0.77 
371 1.22 
371 1.41 
371 1.87 
371 1.19 
371 0.87 
371 0.68 
371 0.72 
371 0.7 
371 0.86 
371 0.8 
371 0.69 
371 0.59 
371 0.48 
371 0.42 
371 0.41 
371 0.34 
371 0.2 
371 0.12 
371 0.11 
371 0.11 
371 0.1 
371 0.07 
371 0.11 
371 0.12 
371 0.11 
371 0.09 
371 0 
371 0 
371 0 
371 0 
371 0 
371 0 
371 0 
371 0 
371 0 
371 0 
371 0 
371 0 
371 0 
371 0 
371 0 
371 0 
371 0 
371 0 
371 0 
371 0 
371 0 
371 0 
371 0 
371 0 
371 0 
371 0 
371 0 
371 0 
371 0 
371 0 
371 0 
371 0 
371 0 
371 0 
371 0 
371 0 
371 0 
371 0 
371 0 
371 0 
371 0 
371 0 
371 0 
371 0 
371 0 
371 0 
371 0 
371 0 
371 0 
371 0 
371 0 
371 0 
371 0 
371 0 
371 0 
371 0 
371 0 
371 0 
371 0 
371 0 
371 0 
371 0 
371 0 
371 0 
371 0 
371 0 
371 0 
371 0 
371 0 
371 0 
371 0 
371 0 
371 0 
371 0 
371 0 
371 0 
371 0 
371 0 
371 0 
371 0 
371 0 
371 0 
371 0 
371 0 
371 0 
371 0 
372 0 
372 0 
372 0 
372 0 
372 0 
372 0 
372 0 
372 0 
372 0 
372 0 
372 0 
372 0 
372 0 
372 0 
372 0 
372 0 
372 0 
372 0 
372 0 
372 0 
372 0 
372 0 
372 0 
372 0 
372 0 
372 0 
372 0 
372 0 
372 0 
372 0 
372 0 
372 0 
372 0 
372 0 
372 0 
372 0 
372 0 
372 0 
372 0 
372 0 
372 0 
372 0 
372 0 
372 0 
372 0 
372 0 
372 0 
372 0 
372 0 
372 0 
372 0 
372 0 
372 0 
372 0 
372 0 
372 0 
372 0 
372 0 
372 0 
372 0 
372 0 
372 0 
372 0 
372 0 
372 0 
372 0 
372 0 
372 0 
372 0 
372 0 
372 0 
372 0 
372 0 
372 0 
372 0 
372 0 
372 0 
372 0 
372 0 
372 0 
372 0 
372 0 
372 0 
372 0 
372 0 
372 0 
372 0 
372 0 
372 0 
372 0 
372 0 
372 0 
372 0 
372 0 
372 0 
372 0 
372 0 
372 0 
372 0 
372 0 
372 0 
372 0 
372 0 
372 0 
372 0 
372 0 
372 0 
372 0 
372 0 
372 0 
372 0 
372 0 
372 0 
372 0 
372 0 
372 0 
372 0 
372 0 
372 0 
372 0 
372 0 
372 0 
372 0 
372 0 
372 0 
372 0 
372 0 
372 0 
372 0 
372 0 
372 0 
372 0 
372 0 
372 0 
372 0 
372 0 
372 0 
372 0 
372 0 
372 0 
372 0 
372 0 
372 0 
372 0 
372 0 
372 0 
372 0 
372 0 
372 0 
372 0 
372 0 
372 0 
372 0 
372 0 
372 0 
372 0 
372 0 
372 0 
372 0 
372 0 
372 0 
372 0 
372 0 
372 0 
372 0 
372 0 
372 0 
372 0 
372 0 
372 0 
372 0 
372 0 
372 0 
372 0 
372 0 
372 0 
372 0 
372 0 
372 0 
372 0 
372 0 
372 0 
372 0 
372 0 
372 0 
372 0 
372 0 
372 0 
372 0 
372 0 
372 0 
372 0 
372 0 
372 0 
372 0 
372 0 
372 0 
372 0 
372 0 
372 0 
372 0 
372 0 
372 0 
372 0 
372 0 
372 0 
372 0 
372 0 
372 0 
372 0 
372 0 
372 0 
372 0 
372 0 
372 0 
372 0 
372 0 
372 0 
372 0 
372 0 
372 0 
372 0 
372 0 
372 0 
372 0 
372 0 
372 0 
372 0 
372 0 
372 0 
372 0 
372 0 
372 0 
372 0 
372 0 
372 0 
372 0 
372 0 
372 0 
372 0 
372 0 
372 0 
372 0 
372 0 
372 0 
372 0 
372 0 
372 0 
372 0 
372 0 
372 0 
372 0 
372 0 
372 0 
372 0 
372 0 
372 0 
372 0 
372 0 
372 0 
372 0 
372 0 
372 0 
372 0 
372 0 
372 0 
372 0 
372 0 
372 0 
372 0 
372 0 
372 0 
372 0 
372 0 
372 0 
372 0 
372 0 
372 0 
372 0 
372 0 
372 0 
372 0 
372 0 
372 0 
372 0 
372 0 
372 0 
372 0 
373 0 
373 0 
373 0 
373 0 
373 0 
373 0 
373 0 
373 0 
373 0 
373 0 
373 0 
373 0 
373 0 
373 0 
373 0 
373 0 
373 0 
373 0 
373 0 
373 0 
373 0 
373 0 
373 0 
373 0 
373 0 
373 0 
373 0 
373 0 
373 0 
373 0 
373 0 
373 0 
373 0 
373 0 
373 0 
373 0 
373 0 
373 0 
373 0 
373 0 
373 0 
373 0 
373 0 
373 0 
373 0 
373 0 
373 0 
373 0 
373 0 
373 0 
373 0 
373 0 
373 0 
373 0 
373 0 
373 0 
373 0 
373 0 
373 0 
373 0 
373 0 
373 0 
373 0 
373 0 
373 0 
373 0 
373 0 
373 0 
373 0 
373 0 
373 0 
373 0 
373 0 
373 0 
373 0 
373 0 
373 0 
373 0 
373 0 
373 0 
373 0 
373 0 
373 0 
373 0 
373 0 
373 0 
373 0 
373 0 
373 0 
373 0 
373 0 
373 0 
373 0 
373 0 
373 0 
373 0 
373 0 
373 0 
373 0 
373 0 
373 0 
373 0 
373 0 
373 0 
373 0 
373 0 
373 0 
373 0 
373 0 
373 0 
373 0 
373 0 
373 0 
373 0 
373 0 
373 0 
373 0 
373 0 
373 0 
373 0 
373 0 
373 0 
373 0 
373 0 
373 0 
373 0 
373 1.08 
373 2.84 
373 1.7 
373 1.71 
373 1.36 
373 1.55 
373 2.17 
373 2.8 
373 3.06 
373 3.75 
373 2.55 
373 1.48 
373 1.37 
373 1.39 
373 1.07 
373 1.52 
373 1.7 
373 2.61 
373 1.64 
373 1.21 
373 1.26 
373 1.99 
373 3.47 
373 2.29 
373 1.84 
373 1.98 
373 4.18 
373 2.24 
373 2.79 
373 8.87 
373 5.54 
373 6.94 
373 2.88 
373 6.36 
373 4.08 
373 1.05 
373 1.21 
373 1.23 
373 1.97 
373 4.1 
373 5.02 
373 3.86 
373 4.02 
373 1.43 
373 0.76 
373 0.65 
373 0.6 
373 1.3 
373 1.45 
373 1.62 
373 0.97 
373 1.0 
373 0.83 
373 0.63 
373 0.92 
373 0.57 
373 0.8 
373 0.98 
373 0.98 
373 1.32 
373 0.83 
373 1.11 
373 1.03 
373 0.86 
373 0.89 
373 0.76 
373 0.45 
373 0.14 
373 0.14 
373 0.15 
373 0.07 
373 0.17 
373 0.12 
373 0.12 
373 0.11 
373 0 
373 0 
373 0 
373 0 
373 0 
373 0 
373 0 
373 0 
373 0 
373 0 
373 0 
373 0 
373 0 
373 0 
373 0 
373 0 
373 0 
373 0 
373 0 
373 0 
373 0 
373 0 
373 0 
373 0 
373 0 
373 0 
373 0 
373 0 
373 0 
373 0 
373 0 
373 0 
373 0 
373 0 
373 0 
373 0 
373 0 
373 0 
373 0 
373 0 
373 0 
373 0 
373 0 
373 0 
373 0 
373 0 
373 0 
373 0 
373 0 
373 0 
373 0 
373 0 
373 0 
373 0 
373 0 
373 0 
373 0 
373 0 
373 0 
373 0 
373 0 
373 0 
373 0 
373 0 
373 0 
373 0 
373 0 
373 0 
373 0 
373 0 
373 0 
373 0 
373 0 
373 0 
373 0 
373 0 
373 0 
373 0 
373 0 
373 0 
373 0 
373 0 
373 0 
373 0 
373 0 
373 0 
373 0 
374 0 
374 0 
374 0 
374 0 
374 0 
374 0 
374 0 
374 0 
374 0 
374 0 
374 0 
374 0 
374 0 
374 0 
374 0 
374 0 
374 0 
374 0 
374 0 
374 0 
374 0 
374 0 
374 0 
374 0 
374 0 
374 0 
374 0 
374 0 
374 0 
374 0 
374 0 
374 0 
374 0 
374 0 
374 0 
374 0 
374 0 
374 0 
374 0 
374 0 
374 0 
374 0 
374 0 
374 0 
374 0 
374 0 
374 0 
374 0 
374 0 
374 0 
374 0 
374 0 
374 0 
374 0 
374 0 
374 0 
374 0 
374 0 
374 0 
374 0 
374 0 
374 0 
374 0 
374 0 
374 0 
374 0 
374 0 
374 0 
374 0 
374 0 
374 0 
374 0 
374 0 
374 0 
374 0 
374 0 
374 0 
374 0 
374 0 
374 0 
374 0 
374 0 
374 0 
374 0 
374 0 
374 0 
374 0 
374 0 
374 0 
374 0 
374 0 
374 0 
374 0 
374 0 
374 0 
374 0 
374 0 
374 0 
374 0 
374 0 
374 0 
374 0 
374 0 
374 0 
374 0 
374 0 
374 0 
374 0 
374 0 
374 0 
374 0 
374 0 
374 0 
374 0 
374 0 
374 0 
374 0 
374 0 
374 0 
374 0 
374 0 
374 0 
374 0 
374 0 
374 0 
374 0 
374 0 
374 0 
374 0 
374 0 
374 0 
374 0 
374 0 
374 2.04 
374 1.74 
374 1.57 
374 1.1 
374 1.09 
374 1.31 
374 1.39 
374 1.48 
374 1.62 
374 1.67 
374 1.68 
374 1.89 
374 2.18 
374 2.9 
374 3.2 
374 2.88 
374 3.74 
374 2.48 
374 1.99 
374 2.13 
374 1.95 
374 2.17 
374 2.34 
374 3.42 
374 2.74 
374 2.63 
374 2.33 
374 4.45 
374 5.04 
374 4.19 
374 6.11 
374 4.71 
374 3.45 
374 3.17 
374 3.15 
374 4.89 
374 4.26 
374 5.45 
374 4.2 
374 5.17 
374 5.12 
374 3.82 
374 3.42 
374 2.43 
374 2.73 
374 2.02 
374 1.3 
374 1.28 
374 1.1 
374 0.99 
374 0.89 
374 0.95 
374 0.85 
374 0.8 
374 0.72 
374 0.91 
374 1.09 
374 1.15 
374 0.82 
374 0.63 
374 0.58 
374 0.56 
374 0.62 
374 0.43 
374 0.35 
374 0.19 
374 0.26 
374 0.11 
374 0.09 
374 0.13 
374 0.12 
374 0.1 
374 0 
374 0 
374 0 
374 0 
374 0 
374 0 
374 0 
374 0 
374 0 
374 0 
374 0 
374 0 
374 0 
374 0 
374 0 
374 0 
374 0 
374 0 
374 0 
374 0 
374 0 
374 0 
374 0 
374 0 
374 0 
374 0 
374 0 
374 0 
374 0 
374 0 
374 0 
374 0 
374 0 
374 0 
374 0 
374 0 
374 0 
374 0 
374 0 
374 0 
374 0 
374 0 
374 0 
374 0 
374 0 
374 0 
374 0 
374 0 
374 0 
374 0 
374 0 
374 0 
374 0 
374 0 
374 0 
374 0 
374 0 
374 0 
374 0 
374 0 
374 0 
374 0 
374 0 
374 0 
374 0 
374 0 
374 0 
374 0 
374 0 
374 0 
374 0 
374 0 
374 0 
374 0 
374 0 
374 0 
374 0 
374 0 
374 0 
374 0 
374 0 
374 0 
374 0 
375 0 
375 0 
375 0 
375 0 
375 0 
375 0 
375 0 
375 0 
375 0 
375 0 
375 0 
375 0 
375 0 
375 0 
375 0 
375 0 
375 0 
375 0 
375 0 
375 0 
375 0 
375 0 
375 0 
375 0 
375 0 
375 0 
375 0 
375 0 
375 0 
375 0 
375 0 
375 0 
375 0 
375 0 
375 0 
375 0 
375 0 
375 0 
375 0 
375 0 
375 0 
375 0 
375 0 
375 0 
375 0 
375 0 
375 0 
375 0 
375 0 
375 0 
375 0 
375 0 
375 0 
375 0 
375 0 
375 0 
375 0 
375 0 
375 0 
375 0 
375 0 
375 0 
375 0 
375 0 
375 0 
375 0 
375 0 
375 0 
375 0 
375 0 
375 0 
375 0 
375 0 
375 0 
375 0 
375 0 
375 0 
375 0 
375 0 
375 0 
375 0 
375 0 
375 0 
375 0 
375 0 
375 0 
375 0 
375 0 
375 0 
375 0 
375 0 
375 0 
375 0 
375 0 
375 0 
375 0 
375 0 
375 0 
375 0 
375 0 
375 0 
375 0 
375 0 
375 0 
375 0 
375 0 
375 0 
375 0 
375 0 
375 0 
375 0 
375 0 
375 0 
375 0 
375 0 
375 0 
375 0 
375 0 
375 0 
375 0 
375 0 
375 0 
375 0 
375 0 
375 0 
375 0 
375 0 
375 0 
375 0 
375 0 
375 0 
375 0 
375 0 
375 0 
375 0 
375 0 
375 0 
375 0 
375 0 
375 0 
375 0 
375 0 
375 0 
375 0 
375 0 
375 0 
375 0 
375 0 
375 0 
375 0 
375 0 
375 0 
375 0 
375 0 
375 0 
375 0 
375 0 
375 0 
375 0 
375 0 
375 0 
375 0 
375 0 
375 0 
375 0 
375 0 
375 0 
375 0 
375 0 
375 0 
375 0 
375 0 
375 0 
375 0 
375 0 
375 0 
375 0 
375 0 
375 0 
375 0 
375 0 
375 0 
375 0 
375 0 
375 0 
375 0 
375 0 
375 0 
375 0 
375 0 
375 0 
375 0 
375 0 
375 0 
375 0 
375 0 
375 0 
375 0 
375 0 
375 0 
375 0 
375 0 
375 0 
375 0 
375 0 
375 0 
375 0 
375 0 
375 0 
375 0 
375 0 
375 0 
375 0 
375 0 
375 0 
375 0 
375 0 
375 0 
375 0 
375 0 
375 0 
375 0 
375 0 
375 0 
375 0 
375 0 
375 0 
375 0 
375 0 
375 0 
375 0 
375 0 
375 0 
375 0 
375 0 
375 0 
375 0 
375 0 
375 0 
375 0 
375 0 
375 0 
375 0 
375 0 
375 0 
375 0 
375 0 
375 0 
375 0 
375 0 
375 0 
375 0 
375 0 
375 0 
375 0 
375 0 
375 0 
375 0 
375 0 
375 0 
375 0 
375 0 
375 0 
375 0 
375 0 
375 0 
375 0 
375 0 
375 0 
375 0 
375 0 
375 0 
375 0 
375 0 
375 0 
375 0 
375 0 
375 0 
375 0 
375 0 
375 0 
375 0 
375 0 
375 0 
375 0 
375 0 
375 0 
375 0 
376 0 
376 0 
376 0 
376 0 
376 0 
376 0 
376 0 
376 0 
376 0 
376 0 
376 0 
376 0 
376 0 
376 0 
376 0 
376 0 
376 0 
376 0 
376 0 
376 0 
376 0 
376 0 
376 0 
376 0 
376 0 
376 0 
376 0 
376 0 
376 0 
376 0 
376 0 
376 0 
376 0 
376 0 
376 0 
376 0 
376 0 
376 0 
376 0 
376 0 
376 0 
376 0 
376 0 
376 0 
376 0 
376 0 
376 0 
376 0 
376 0 
376 0 
376 0 
376 0 
376 0 
376 0 
376 0 
376 0 
376 0 
376 0 
376 0 
376 0 
376 0 
376 0 
376 0 
376 0 
376 0 
376 0 
376 0 
376 0 
376 0 
376 0 
376 0 
376 0 
376 0 
376 0 
376 0 
376 0 
376 0 
376 0 
376 0 
376 0 
376 0 
376 0 
376 0 
376 0 
376 0 
376 0 
376 0 
376 0 
376 0 
376 0 
376 0 
376 0 
376 0 
376 0 
376 0 
376 0 
376 0 
376 0 
376 0 
376 0 
376 0 
376 0 
376 0 
376 0 
376 0 
376 0 
376 0 
376 0 
376 0 
376 0 
376 0 
376 0 
376 0 
376 0 
376 0 
376 0 
376 0 
376 0 
376 0 
376 0 
376 0 
376 0 
376 0 
376 0 
376 0 
376 0 
376 0 
376 0 
376 0 
376 0 
376 0 
376 0 
376 0 
376 0 
376 0 
376 0 
376 0 
376 0 
376 0 
376 0 
376 0 
376 0 
376 0 
376 0 
376 0 
376 0 
376 0 
376 0 
376 0 
376 0 
376 0 
376 0 
376 0 
376 0 
376 0 
376 0 
376 0 
376 0 
376 0 
376 0 
376 0 
376 0 
376 0 
376 0 
376 0 
376 0 
376 0 
376 0 
376 0 
376 0 
376 0 
376 0 
376 0 
376 0 
376 0 
376 0 
376 0 
376 0 
376 0 
376 0 
376 0 
376 0 
376 0 
376 0 
376 0 
376 0 
376 0 
376 0 
376 0 
376 0 
376 0 
376 0 
376 0 
376 0 
376 0 
376 0 
376 0 
376 0 
376 0 
376 0 
376 0 
376 0 
376 0 
376 0 
376 0 
376 0 
376 0 
376 0 
376 0 
376 0 
376 0 
376 0 
376 0 
376 0 
376 0 
376 0 
376 0 
376 0 
376 0 
376 0 
376 0 
376 0 
376 0 
376 0 
376 0 
376 0 
376 0 
376 0 
376 0 
376 0 
376 0 
376 0 
376 0 
376 0 
376 0 
376 0 
376 0 
376 0 
376 0 
376 0 
376 0 
376 0 
376 0 
376 0 
376 0 
376 0 
376 0 
376 0 
376 0 
376 0 
376 0 
376 0 
376 0 
376 0 
376 0 
376 0 
376 0 
376 0 
376 0 
376 0 
376 0 
376 0 
376 0 
376 0 
376 0 
376 0 
376 0 
376 0 
376 0 
376 0 
376 0 
376 0 
376 0 
376 0 
376 0 
376 0 
376 0 
376 0 
376 0 
376 0 
376 0 
376 0 
376 0 
376 0 
376 0 
376 0 
376 0 
376 0 
377 0 
377 0 
377 0 
377 0 
377 0 
377 0 
377 0 
377 0 
377 0 
377 0 
377 0 
377 0 
377 0 
377 0 
377 0 
377 0 
377 0 
377 0 
377 0 
377 0 
377 0 
377 0 
377 0 
377 0 
377 0 
377 0 
377 0 
377 0 
377 0 
377 0 
377 0 
377 0 
377 0 
377 0 
377 0 
377 0 
377 0 
377 0 
377 0 
377 0 
377 0 
377 0 
377 0 
377 0 
377 0 
377 0 
377 0 
377 0 
377 0 
377 0 
377 0 
377 0 
377 0 
377 0 
377 0 
377 0 
377 0 
377 0 
377 0 
377 0 
377 0 
377 0 
377 0 
377 0 
377 0 
377 0 
377 0 
377 0 
377 0 
377 0 
377 0 
377 0 
377 0 
377 0 
377 0 
377 0 
377 0 
377 0 
377 0 
377 0 
377 0 
377 0 
377 0 
377 0 
377 0 
377 0 
377 0 
377 0 
377 0 
377 0 
377 0 
377 0 
377 0 
377 0 
377 0 
377 0 
377 0 
377 0 
377 0 
377 0 
377 0 
377 0 
377 0 
377 0 
377 0 
377 0 
377 0 
377 0 
377 0 
377 0 
377 0 
377 0 
377 0 
377 0 
377 0 
377 0 
377 0 
377 0 
377 0 
377 0 
377 0 
377 0 
377 0 
377 0 
377 0 
377 0 
377 0 
377 0 
377 0 
377 0 
377 0 
377 0 
377 0 
377 0 
377 0 
377 0 
377 0 
377 0 
377 0 
377 0 
377 0 
377 0 
377 0 
377 0 
377 0 
377 0 
377 0 
377 0 
377 0 
377 0 
377 0 
377 0 
377 0 
377 0 
377 0 
377 0 
377 0 
377 0 
377 0 
377 0 
377 0 
377 0 
377 0 
377 0 
377 0 
377 0 
377 0 
377 0 
377 0 
377 0 
377 0 
377 0 
377 0 
377 0 
377 0 
377 0 
377 0 
377 0 
377 0 
377 0 
377 0 
377 0 
377 0 
377 0 
377 0 
377 0 
377 0 
377 0 
377 0 
377 0 
377 0 
377 0 
377 0 
377 0 
377 0 
377 0 
377 0 
377 0 
377 0 
377 0 
377 0 
377 0 
377 0 
377 0 
377 0 
377 0 
377 0 
377 0 
377 0 
377 0 
377 0 
377 0 
377 0 
377 0 
377 0 
377 0 
377 0 
377 0 
377 0 
377 0 
377 0 
377 0 
377 0 
377 0 
377 0 
377 0 
377 0 
377 0 
377 0 
377 0 
377 0 
377 0 
377 0 
377 0 
377 0 
377 0 
377 0 
377 0 
377 0 
377 0 
377 0 
377 0 
377 0 
377 0 
377 0 
377 0 
377 0 
377 0 
377 0 
377 0 
377 0 
377 0 
377 0 
377 0 
377 0 
377 0 
377 0 
377 0 
377 0 
377 0 
377 0 
377 0 
377 0 
377 0 
377 0 
377 0 
377 0 
377 0 
377 0 
377 0 
377 0 
377 0 
377 0 
377 0 
377 0 
377 0 
377 0 
377 0 
377 0 
377 0 
377 0 
377 0 
377 0 
377 0 
377 0 
377 0 
377 0 
377 0 
378 0 
378 0 
378 0 
378 0 
378 0 
378 0 
378 0 
378 0 
378 0 
378 0 
378 0 
378 0 
378 0 
378 0 
378 0 
378 0 
378 0 
378 0 
378 0 
378 0 
378 0 
378 0 
378 0 
378 0 
378 0 
378 0 
378 0 
378 0 
378 0 
378 0 
378 0 
378 0 
378 0 
378 0 
378 0 
378 0 
378 0 
378 0 
378 0 
378 0 
378 0 
378 0 
378 0 
378 0 
378 0 
378 0 
378 0 
378 0 
378 0 
378 0 
378 0 
378 0 
378 0 
378 0 
378 0 
378 0 
378 0 
378 0 
378 0 
378 0 
378 0 
378 0 
378 0 
378 0 
378 0 
378 0 
378 0 
378 0 
378 0 
378 0 
378 0 
378 0 
378 0 
378 0 
378 0 
378 0 
378 0 
378 0 
378 0 
378 0 
378 0 
378 0 
378 0 
378 0 
378 0 
378 0 
378 0 
378 0 
378 0 
378 0 
378 0 
378 0 
378 0 
378 0 
378 0 
378 0 
378 0 
378 0 
378 0 
378 0 
378 0 
378 0 
378 0 
378 0 
378 0 
378 0 
378 0 
378 0 
378 0 
378 0 
378 0 
378 0 
378 0 
378 0 
378 0 
378 0 
378 0 
378 0 
378 0 
378 0 
378 0 
378 0 
378 0 
378 0 
378 0 
378 0 
378 0 
378 0 
378 0 
378 0 
378 0 
378 0 
378 0 
378 0 
378 0 
378 0 
378 0 
378 0 
378 0 
378 0 
378 0 
378 0 
378 0 
378 0 
378 0 
378 0 
378 0 
378 0 
378 0 
378 0 
378 0 
378 0 
378 0 
378 0 
378 0 
378 0 
378 0 
378 0 
378 0 
378 0 
378 0 
378 0 
378 0 
378 0 
378 0 
378 0 
378 0 
378 0 
378 0 
378 0 
378 0 
378 0 
378 0 
378 0 
378 0 
378 0 
378 0 
378 0 
378 0 
378 0 
378 0 
378 0 
378 0 
378 0 
378 0 
378 0 
378 0 
378 0 
378 0 
378 0 
378 0 
378 0 
378 0 
378 0 
378 0 
378 0 
378 0 
378 0 
378 0 
378 0 
378 0 
378 0 
378 0 
378 0 
378 0 
378 0 
378 0 
378 0 
378 0 
378 0 
378 0 
378 0 
378 0 
378 0 
378 0 
378 0 
378 0 
378 0 
378 0 
378 0 
378 0 
378 0 
378 0 
378 0 
378 0 
378 0 
378 0 
378 0 
378 0 
378 0 
378 0 
378 0 
378 0 
378 0 
378 0 
378 0 
378 0 
378 0 
378 0 
378 0 
378 0 
378 0 
378 0 
378 0 
378 0 
378 0 
378 0 
378 0 
378 0 
378 0 
378 0 
378 0 
378 0 
378 0 
378 0 
378 0 
378 0 
378 0 
378 0 
378 0 
378 0 
378 0 
378 0 
378 0 
378 0 
378 0 
378 0 
378 0 
378 0 
378 0 
378 0 
378 0 
378 0 
378 0 
378 0 
378 0 
378 0 
378 0 
378 0 
378 0 
378 0 
378 0 
378 0 
378 0 
378 0 
378 0 
378 0 
378 0 
379 0 
379 0 
379 0 
379 0 
379 0 
379 0 
379 0 
379 0 
379 0 
379 0 
379 0 
379 0 
379 0 
379 0 
379 0 
379 0 
379 0 
379 0 
379 0 
379 0 
379 0 
379 0 
379 0 
379 0 
379 0 
379 0 
379 0 
379 0 
379 0 
379 0 
379 0 
379 0 
379 0 
379 0 
379 0 
379 0 
379 0 
379 0 
379 0 
379 0 
379 0 
379 0 
379 0 
379 0 
379 0 
379 0 
379 0 
379 0 
379 0 
379 0 
379 0 
379 0 
379 0 
379 0 
379 0 
379 0 
379 0 
379 0 
379 0 
379 0 
379 0 
379 0 
379 0 
379 0 
379 0 
379 0 
379 0 
379 0 
379 0 
379 0 
379 0 
379 0 
379 0 
379 0 
379 0 
379 0 
379 0 
379 0 
379 0 
379 0 
379 0 
379 0 
379 0 
379 0 
379 0 
379 0 
379 0 
379 0 
379 0 
379 0 
379 0 
379 0 
379 0 
379 0 
379 0 
379 0 
379 0 
379 0 
379 0 
379 0 
379 0 
379 0 
379 0 
379 0 
379 0 
379 0 
379 0 
379 0 
379 0 
379 0 
379 0 
379 0 
379 0 
379 0 
379 0 
379 0 
379 0 
379 0 
379 0 
379 0 
379 0 
379 0 
379 0 
379 0 
379 0 
379 0 
379 0 
379 0 
379 0 
379 0 
379 0 
379 0 
379 0 
379 0 
379 0 
379 0 
379 0 
379 0 
379 0 
379 0 
379 0 
379 0 
379 0 
379 0 
379 0 
379 0 
379 0 
379 0 
379 0 
379 0 
379 0 
379 0 
379 0 
379 0 
379 0 
379 0 
379 0 
379 0 
379 0 
379 0 
379 0 
379 0 
379 0 
379 0 
379 0 
379 0 
379 0 
379 0 
379 0 
379 0 
379 0 
379 0 
379 0 
379 0 
379 0 
379 0 
379 0 
379 0 
379 0 
379 0 
379 0 
379 0 
379 0 
379 0 
379 0 
379 0 
379 0 
379 0 
379 0 
379 0 
379 0 
379 0 
379 0 
379 0 
379 0 
379 0 
379 0 
379 0 
379 0 
379 0 
379 0 
379 0 
379 0 
379 0 
379 0 
379 0 
379 0 
379 0 
379 0 
379 0 
379 0 
379 0 
379 0 
379 0 
379 0 
379 0 
379 0 
379 0 
379 0 
379 0 
379 0 
379 0 
379 0 
379 0 
379 0 
379 0 
379 0 
379 0 
379 0 
379 0 
379 0 
379 0 
379 0 
379 0 
379 0 
379 0 
379 0 
379 0 
379 0 
379 0 
379 0 
379 0 
379 0 
379 0 
379 0 
379 0 
379 0 
379 0 
379 0 
379 0 
379 0 
379 0 
379 0 
379 0 
379 0 
379 0 
379 0 
379 0 
379 0 
379 0 
379 0 
379 0 
379 0 
379 0 
379 0 
379 0 
379 0 
379 0 
379 0 
379 0 
379 0 
379 0 
379 0 
379 0 
379 0 
379 0 
379 0 
379 0 
379 0 
379 0 
379 0 
379 0 
379 0 
379 0 
379 0 
379 0 
379 0 
379 0 
380 0 
380 0 
380 0 
380 0 
380 0 
380 0 
380 0 
380 0 
380 0 
380 0 
380 0 
380 0 
380 0 
380 0 
380 0 
380 0 
380 0 
380 0 
380 0 
380 0 
380 0 
380 0 
380 0 
380 0 
380 0 
380 0 
380 0 
380 0 
380 0 
380 0 
380 0 
380 0 
380 0 
380 0 
380 0 
380 0 
380 0 
380 0 
380 0 
380 0 
380 0 
380 0 
380 0 
380 0 
380 0 
380 0 
380 0 
380 0 
380 0 
380 0 
380 0 
380 0 
380 0 
380 0 
380 0 
380 0 
380 0 
380 0 
380 0 
380 0 
380 0 
380 0 
380 0 
380 0 
380 0 
380 0 
380 0 
380 0 
380 0 
380 0 
380 0 
380 0 
380 0 
380 0 
380 0 
380 0 
380 0 
380 0 
380 0 
380 0 
380 0 
380 0 
380 0 
380 0 
380 0 
380 0 
380 0 
380 0 
380 0 
380 0 
380 0 
380 0 
380 0 
380 0 
380 0 
380 0 
380 0 
380 0 
380 0 
380 0 
380 0 
380 0 
380 0 
380 0 
380 0 
380 0 
380 0 
380 0 
380 0 
380 0 
380 0 
380 0 
380 0 
380 0 
380 0 
380 0 
380 0 
380 0 
380 0 
380 0 
380 0 
380 0 
380 0 
380 0 
380 0 
380 0 
380 0 
380 0 
380 0 
380 0 
380 0 
380 0 
380 0 
380 0 
380 0 
380 0 
380 0 
380 0 
380 0 
380 0 
380 0 
380 0 
380 0 
380 0 
380 0 
380 0 
380 0 
380 0 
380 0 
380 0 
380 0 
380 0 
380 0 
380 0 
380 1.02 
380 1.12 
380 1.78 
380 1.76 
380 1.83 
380 2.02 
380 1.79 
380 2.0 
380 2.05 
380 1.97 
380 1.8 
380 1.62 
380 1.36 
380 1.27 
380 1.19 
380 0 
380 0 
380 0 
380 0 
380 0 
380 0 
380 0 
380 0 
380 0 
380 0 
380 0 
380 0 
380 0 
380 0 
380 0 
380 0 
380 0 
380 0 
380 0 
380 0 
380 0 
380 0 
380 0 
380 0 
380 0 
380 0 
380 0 
380 0 
380 0 
380 0 
380 0 
380 0 
380 0 
380 0 
380 0 
380 0 
380 0 
380 0 
380 0 
380 0 
380 0 
380 0 
380 0 
380 0 
380 0 
380 0 
380 0 
380 0 
380 0 
380 0 
380 0 
380 0 
380 0 
380 0 
380 0 
380 0 
380 0 
380 0 
380 0 
380 0 
380 0 
380 0 
380 0 
380 0 
380 0 
380 0 
380 0 
380 0 
380 0 
380 0 
380 0 
380 0 
380 0 
380 0 
380 0 
380 0 
380 0 
380 0 
380 0 
380 0 
380 0 
380 0 
380 0 
380 0 
380 0 
380 0 
380 0 
380 0 
380 0 
380 0 
380 0 
380 0 
380 0 
380 0 
380 0 
380 0 
380 0 
380 0 
380 0 
380 0 
380 0 
380 0 
380 0 
380 0 
380 0 
380 0 
380 0 
380 0 
380 0 
380 0 
380 0 
380 0 
380 0 
380 0 
380 0 
380 0 
380 0 
380 0 
380 0 
381 0 
381 0 
381 0 
381 0 
381 0 
381 0 
381 0 
381 0 
381 0 
381 0 
381 0 
381 0 
381 0 
381 0 
381 0 
381 0 
381 0 
381 0 
381 0 
381 0 
381 0 
381 0 
381 0 
381 0 
381 0 
381 0 
381 0 
381 0 
381 0 
381 0 
381 0 
381 0 
381 0 
381 0 
381 0 
381 0 
381 0 
381 0 
381 0 
381 0 
381 0 
381 0 
381 0 
381 0 
381 0 
381 0 
381 0 
381 0 
381 0 
381 0 
381 0 
381 0 
381 0 
381 0 
381 0 
381 0 
381 0 
381 0 
381 0 
381 0 
381 0 
381 0 
381 0 
381 0 
381 0 
381 0 
381 0 
381 0 
381 0 
381 0 
381 0 
381 0 
381 0 
381 0 
381 0 
381 0 
381 0 
381 0 
381 0 
381 0 
381 0 
381 0 
381 0 
381 0 
381 0 
381 0 
381 0 
381 0 
381 0 
381 0 
381 0 
381 0 
381 0 
381 0 
381 0 
381 0 
381 0 
381 0 
381 0 
381 0 
381 0 
381 0 
381 0 
381 0 
381 0 
381 0 
381 0 
381 0 
381 0 
381 0 
381 0 
381 0 
381 0 
381 0 
381 0 
381 0 
381 0 
381 0 
381 0 
381 0 
381 0 
381 0 
381 0 
381 0 
381 0 
381 0 
381 2.99 
381 3.37 
381 3.83 
381 3.63 
381 4.44 
381 4.42 
381 4.12 
381 4.25 
381 4.91 
381 4.47 
381 4.24 
381 3.96 
381 4.57 
381 4.53 
381 5.16 
381 4.94 
381 4.19 
381 4.77 
381 4.81 
381 4.3 
381 4.54 
381 4.44 
381 4.23 
381 4.42 
381 4.53 
381 4.6 
381 4.27 
381 5.58 
381 5.43 
381 6.34 
381 6.51 
381 5.79 
381 4.93 
381 4.23 
381 3.23 
381 3.27 
381 3.7 
381 4.13 
381 3.85 
381 3.84 
381 4.33 
381 4.14 
381 3.36 
381 4.3 
381 3.97 
381 4.34 
381 4.27 
381 4.26 
381 4.33 
381 4.31 
381 4.16 
381 4.14 
381 3.21 
381 2.61 
381 2.26 
381 1.65 
381 1.31 
381 1.73 
381 1.66 
381 1.72 
381 1.47 
381 1.37 
381 1.29 
381 1.04 
381 0.76 
381 0.61 
381 0.41 
381 0.3 
381 0.22 
381 0.15 
381 0.28 
381 0.21 
381 0.09 
381 0.12 
381 0.16 
381 0.09 
381 0.13 
381 0 
381 0 
381 0 
381 0 
381 0 
381 0 
381 0 
381 0 
381 0 
381 0 
381 0 
381 0 
381 0 
381 0 
381 0 
381 0 
381 0 
381 0 
381 0 
381 0 
381 0 
381 0 
381 0 
381 0 
381 0 
381 0 
381 0 
381 0 
381 0 
381 0 
381 0 
381 0 
381 0 
381 0 
381 0 
381 0 
381 0 
381 0 
381 0 
381 0 
381 0 
381 0 
381 0 
381 0 
381 0 
381 0 
381 0 
381 0 
381 0 
381 0 
381 0 
381 0 
381 0 
381 0 
381 0 
381 0 
381 0 
381 0 
381 0 
381 0 
381 0 
381 0 
381 0 
381 0 
381 0 
381 0 
381 0 
381 0 
381 0 
381 0 
381 0 
381 0 
381 0 
381 0 
381 0 
381 0 
381 0 
381 0 
381 0 
381 0 
381 0 
381 0 
381 0 
381 0 
381 0 
382 0 
382 0 
382 0 
382 0 
382 0 
382 0 
382 0 
382 0 
382 0 
382 0 
382 0 
382 0 
382 0 
382 0 
382 0 
382 0 
382 0 
382 0 
382 0 
382 0 
382 0 
382 0 
382 0 
382 0 
382 0 
382 0 
382 0 
382 0 
382 0 
382 0 
382 0 
382 0 
382 0 
382 0 
382 0 
382 0 
382 0 
382 0 
382 0 
382 0 
382 0 
382 0 
382 0 
382 0 
382 0 
382 0 
382 0 
382 0 
382 0 
382 0 
382 0 
382 0 
382 0 
382 0 
382 0 
382 0 
382 0 
382 0 
382 0 
382 0 
382 0 
382 0 
382 0 
382 0 
382 0 
382 0 
382 0 
382 0 
382 0 
382 0 
382 0 
382 0 
382 0 
382 0 
382 0 
382 0 
382 0 
382 0 
382 0 
382 0 
382 0 
382 0 
382 0 
382 0 
382 0 
382 0 
382 0 
382 0 
382 0 
382 0 
382 0 
382 0 
382 0.12 
382 0.12 
382 0.03 
382 0.17 
382 0.09 
382 0.07 
382 0.14 
382 0.19 
382 0.24 
382 0.23 
382 0.34 
382 0.42 
382 0.62 
382 0.91 
382 1.1 
382 0.98 
382 1.57 
382 1.82 
382 2.34 
382 2.5 
382 2.59 
382 2.83 
382 2.98 
382 3.12 
382 3.28 
382 3.28 
382 3.51 
382 3.63 
382 3.65 
382 3.95 
382 4.16 
382 4.48 
382 4.54 
382 4.77 
382 4.79 
382 5.13 
382 5.04 
382 5.22 
382 5.39 
382 5.17 
382 5.36 
382 5.5 
382 5.53 
382 5.56 
382 5.62 
382 5.56 
382 5.64 
382 5.98 
382 5.8 
382 5.96 
382 6.14 
382 6.22 
382 6.24 
382 6.4 
382 6.38 
382 6.41 
382 6.44 
382 6.36 
382 6.21 
382 6.21 
382 6.28 
382 6.4 
382 6.39 
382 6.46 
382 6.44 
382 6.47 
382 6.25 
382 6.29 
382 6.09 
382 6.21 
382 6.31 
382 6.16 
382 5.99 
382 5.93 
382 5.84 
382 5.67 
382 5.69 
382 5.72 
382 5.55 
382 5.44 
382 5.24 
382 5.23 
382 5.15 
382 4.94 
382 4.91 
382 4.7 
382 4.54 
382 4.46 
382 4.24 
382 3.9 
382 3.7 
382 3.51 
382 3.32 
382 3.11 
382 2.86 
382 2.63 
382 2.32 
382 2.11 
382 1.72 
382 1.36 
382 1.05 
382 0.59 
382 0.24 
382 0.07 
382 0.1 
382 0.15 
382 0.2 
382 0.05 
382 0.08 
382 0.11 
382 0.14 
382 0.14 
382 0.16 
382 0.11 
382 0.12 
382 0 
382 0 
382 0 
382 0 
382 0 
382 0 
382 0 
382 0 
382 0 
382 0 
382 0 
382 0 
382 0 
382 0 
382 0 
382 0 
382 0 
382 0 
382 0 
382 0 
382 0 
382 0 
382 0 
382 0 
382 0 
382 0 
382 0 
382 0 
382 0 
382 0 
382 0 
382 0 
382 0 
382 0 
382 0 
382 0 
382 0 
382 0 
382 0 
382 0 
382 0 
382 0 
382 0 
382 0 
382 0 
382 0 
382 0 
382 0 
382 0 
382 0 
382 0 
382 0 
382 0 
382 0 
382 0 
382 0 
382 0 
382 0 
382 0 
382 0 
382 0 
382 0 
382 0 
382 0 
382 0 
382 0 
382 0 
382 0 
382 0 
382 0 
382 0 
382 0 
382 0 
382 0 
382 0 
382 0 
382 0 
382 0 
382 0 
382 0 
382 0 
383 0 
383 0 
383 0 
383 0 
383 0 
383 0 
383 0 
383 0 
383 0 
383 0 
383 0 
383 0 
383 0 
383 0 
383 0 
383 0 
383 0 
383 0 
383 0 
383 0 
383 0 
383 0 
383 0 
383 0 
383 0 
383 0 
383 0 
383 0 
383 0 
383 0 
383 0 
383 0 
383 0 
383 0 
383 0 
383 0 
383 0 
383 0 
383 0 
383 0 
383 0 
383 0 
383 0 
383 0 
383 0 
383 0 
383 0 
383 0 
383 0 
383 0 
383 0 
383 0 
383 0 
383 0 
383 0 
383 0 
383 0 
383 0 
383 0 
383 0 
383 0 
383 0 
383 0 
383 0 
383 0 
383 0 
383 0 
383 0 
383 0 
383 0 
383 0 
383 0 
383 0 
383 0 
383 0 
383 0 
383 0 
383 0 
383 0 
383 0 
383 0 
383 0 
383 0 
383 0 
383 0 
383 0 
383 0 
383 0 
383 0 
383 0 
383 0 
383 0.19 
383 0.18 
383 0.27 
383 0.06 
383 0 
383 0 
383 0.24 
383 0.1 
383 0.25 
383 0.16 
383 0.33 
383 0.16 
383 0.42 
383 0.72 
383 1.01 
383 1.26 
383 1.49 
383 1.85 
383 1.93 
383 2.09 
383 2.0 
383 2.51 
383 2.84 
383 2.99 
383 3.14 
383 3.46 
383 3.35 
383 3.4 
383 3.81 
383 4.03 
383 4.1 
383 3.17 
383 5.17 
383 5.03 
383 4.28 
383 4.75 
383 4.85 
383 4.95 
383 5.0 
383 5.01 
383 5.3 
383 5.63 
383 5.55 
383 5.44 
383 5.49 
383 6.04 
383 5.71 
383 5.87 
383 5.56 
383 5.75 
383 6.17 
383 6.09 
383 4.6 
383 4.56 
383 4.12 
383 3.52 
383 5.33 
383 6.32 
383 5.25 
383 5.8 
383 3.78 
383 2.78 
383 3.52 
383 3.86 
383 3.99 
383 4.64 
383 4.38 
383 2.69 
383 2.24 
383 2.56 
383 2.37 
383 2.42 
383 2.59 
383 2.56 
383 3.02 
383 2.65 
383 2.17 
383 1.38 
383 0.98 
383 0.93 
383 1.12 
383 1.04 
383 1.43 
383 1.82 
383 1.96 
383 1.45 
383 1.18 
383 1.03 
383 0.94 
383 0.72 
383 0.38 
383 0.32 
383 0.15 
383 0.26 
383 0.19 
383 0.19 
383 0.11 
383 0.24 
383 0.41 
383 0.22 
383 0.12 
383 0.13 
383 0.11 
383 0.32 
383 0.14 
383 0.22 
383 0.17 
383 0 
383 0.22 
383 0.14 
383 0.15 
383 0.14 
383 0.15 
383 0.09 
383 0 
383 0 
383 0 
383 0 
383 0 
383 0 
383 0 
383 0 
383 0 
383 0 
383 0 
383 0 
383 0 
383 0 
383 0 
383 0 
383 0 
383 0 
383 0 
383 0 
383 0 
383 0 
383 0 
383 0 
383 0 
383 0 
383 0 
383 0 
383 0 
383 0 
383 0 
383 0 
383 0 
383 0 
383 0 
383 0 
383 0 
383 0 
383 0 
383 0 
383 0 
383 0 
383 0 
383 0 
383 0 
383 0 
383 0 
383 0 
383 0 
383 0 
383 0 
383 0 
383 0 
383 0 
383 0 
383 0 
383 0 
383 0 
383 0 
383 0 
383 0 
383 0 
383 0 
383 0 
383 0 
383 0 
383 0 
383 0 
383 0 
383 0 
383 0 
383 0 
383 0 
383 0 
383 0 
383 0 
383 0 
383 0 
383 0 
383 0 
383 0 
383 0 
383 0 
384 0 
384 0 
384 0 
384 0 
384 0 
384 0 
384 0 
384 0 
384 0 
384 0 
384 0 
384 0 
384 0 
384 0 
384 0 
384 0 
384 0 
384 0 
384 0 
384 0 
384 0 
384 0 
384 0 
384 0 
384 0 
384 0 
384 0 
384 0 
384 0 
384 0 
384 0 
384 0 
384 0 
384 0 
384 0 
384 0 
384 0 
384 0 
384 0 
384 0 
384 0 
384 0 
384 0 
384 0 
384 0 
384 0 
384 0 
384 0 
384 0 
384 0 
384 0 
384 0 
384 0 
384 0 
384 0 
384 0 
384 0 
384 0 
384 0 
384 0 
384 0 
384 0 
384 0 
384 0 
384 0 
384 0 
384 0 
384 0 
384 0 
384 0 
384 0 
384 0 
384 0 
384 0 
384 0 
384 0 
384 0 
384 0 
384 0 
384 0 
384 0 
384 0 
384 0 
384 0 
384 0 
384 0 
384 0 
384 0 
384 0 
384 0 
384 0 
384 0.05 
384 0.17 
384 0.2 
384 0.16 
384 0.15 
384 0.11 
384 0.12 
384 0.26 
384 0.33 
384 0.35 
384 0.42 
384 0.45 
384 0.56 
384 0.78 
384 1.03 
384 1.29 
384 1.55 
384 1.86 
384 1.94 
384 2.35 
384 2.48 
384 2.7 
384 2.88 
384 3.2 
384 3.36 
384 3.5 
384 3.39 
384 3.58 
384 3.71 
384 3.84 
384 4.04 
384 4.25 
384 4.55 
384 4.55 
384 4.83 
384 4.9 
384 5.13 
384 4.91 
384 4.88 
384 5.24 
384 5.37 
384 5.43 
384 5.65 
384 5.52 
384 5.25 
384 5.49 
384 5.59 
384 5.36 
384 5.79 
384 5.8 
384 5.83 
384 5.9 
384 6.06 
384 6.15 
384 6.45 
384 6.36 
384 6.27 
384 6.35 
384 6.25 
384 6.37 
384 6.5 
384 6.17 
384 6.4 
384 6.55 
384 6.25 
384 6.57 
384 6.61 
384 6.65 
384 6.55 
384 6.6 
384 5.9 
384 5.35 
384 4.48 
384 4.74 
384 5.5 
384 5.29 
384 5.49 
384 4.46 
384 3.23 
384 4.46 
384 4.42 
384 3.5 
384 3.18 
384 3.0 
384 3.94 
384 4.9 
384 5.1 
384 4.89 
384 3.14 
384 2.67 
384 3.17 
384 1.74 
384 2.36 
384 2.36 
384 1.82 
384 1.41 
384 1.72 
384 1.29 
384 0.94 
384 0.66 
384 0.66 
384 0.72 
384 0.5 
384 0.31 
384 0.37 
384 0.3 
384 0.23 
384 0.21 
384 0.07 
384 0.25 
384 0.16 
384 0.14 
384 0.08 
384 0.14 
384 0 
384 0 
384 0 
384 0 
384 0 
384 0 
384 0 
384 0 
384 0 
384 0 
384 0 
384 0 
384 0 
384 0 
384 0 
384 0 
384 0 
384 0 
384 0 
384 0 
384 0 
384 0 
384 0 
384 0 
384 0 
384 0 
384 0 
384 0 
384 0 
384 0 
384 0 
384 0 
384 0 
384 0 
384 0 
384 0 
384 0 
384 0 
384 0 
384 0 
384 0 
384 0 
384 0 
384 0 
384 0 
384 0 
384 0 
384 0 
384 0 
384 0 
384 0 
384 0 
384 0 
384 0 
384 0 
384 0 
384 0 
384 0 
384 0 
384 0 
384 0 
384 0 
384 0 
384 0 
384 0 
384 0 
384 0 
384 0 
384 0 
384 0 
384 0 
384 0 
384 0 
384 0 
384 0 
384 0 
384 0 
384 0 
384 0 
384 0 
384 0 
384 0 
384 0 
385 0 
385 0 
385 0 
385 0 
385 0 
385 0 
385 0 
385 0 
385 0 
385 0 
385 0 
385 0 
385 0 
385 0 
385 0 
385 0 
385 0 
385 0 
385 0 
385 0 
385 0 
385 0 
385 0 
385 0 
385 0 
385 0 
385 0 
385 0 
385 0 
385 0 
385 0 
385 0 
385 0 
385 0 
385 0 
385 0 
385 0 
385 0 
385 0 
385 0 
385 0 
385 0 
385 0 
385 0 
385 0 
385 0 
385 0 
385 0 
385 0 
385 0 
385 0 
385 0 
385 0 
385 0 
385 0 
385 0 
385 0 
385 0 
385 0 
385 0 
385 0 
385 0 
385 0 
385 0 
385 0 
385 0 
385 0 
385 0 
385 0 
385 0 
385 0 
385 0 
385 0 
385 0 
385 0 
385 0 
385 0 
385 0 
385 0 
385 0 
385 0 
385 0 
385 0 
385 0 
385 0 
385 0 
385 0 
385 0 
385 0 
385 0 
385 0 
385 0 
385 0.12 
385 0.14 
385 0.15 
385 0.17 
385 0.02 
385 0.12 
385 0.23 
385 0.15 
385 0.23 
385 0.2 
385 0.26 
385 0.5 
385 0.81 
385 1.05 
385 1.16 
385 1.39 
385 1.51 
385 2.05 
385 2.28 
385 2.26 
385 2.69 
385 2.93 
385 2.99 
385 3.12 
385 3.46 
385 3.49 
385 3.74 
385 4.04 
385 3.84 
385 4.2 
385 4.29 
385 4.55 
385 4.79 
385 4.91 
385 5.16 
385 5.17 
385 5.41 
385 4.93 
385 5.04 
385 5.15 
385 5.44 
385 5.45 
385 5.41 
385 5.53 
385 5.75 
385 5.75 
385 5.72 
385 5.71 
385 5.74 
385 5.7 
385 5.81 
385 6.11 
385 6.31 
385 6.38 
385 6.51 
385 6.4 
385 6.32 
385 6.31 
385 6.46 
385 6.4 
385 6.42 
385 6.38 
385 6.46 
385 6.32 
385 6.19 
385 6.36 
385 6.33 
385 6.44 
385 6.36 
385 6.29 
385 6.13 
385 6.36 
385 6.24 
385 6.11 
385 6.11 
385 6.07 
385 5.75 
385 5.87 
385 5.76 
385 5.71 
385 5.59 
385 5.46 
385 5.26 
385 5.38 
385 5.26 
385 5.08 
385 4.84 
385 4.58 
385 4.45 
385 4.21 
385 3.8 
385 3.79 
385 3.53 
385 3.45 
385 3.16 
385 2.89 
385 2.67 
385 2.35 
385 2.12 
385 1.89 
385 1.51 
385 1.15 
385 0.85 
385 0.12 
385 0.14 
385 0.27 
385 0.08 
385 0.07 
385 0.03 
385 0.14 
385 0.07 
385 0.13 
385 0.1 
385 0 
385 0 
385 0 
385 0 
385 0 
385 0 
385 0 
385 0 
385 0 
385 0 
385 0 
385 0 
385 0 
385 0 
385 0 
385 0 
385 0 
385 0 
385 0 
385 0 
385 0 
385 0 
385 0 
385 0 
385 0 
385 0 
385 0 
385 0 
385 0 
385 0 
385 0 
385 0 
385 0 
385 0 
385 0 
385 0 
385 0 
385 0 
385 0 
385 0 
385 0 
385 0 
385 0 
385 0 
385 0 
385 0 
385 0 
385 0 
385 0 
385 0 
385 0 
385 0 
385 0 
385 0 
385 0 
385 0 
385 0 
385 0 
385 0 
385 0 
385 0 
385 0 
385 0 
385 0 
385 0 
385 0 
385 0 
385 0 
385 0 
385 0 
385 0 
385 0 
385 0 
385 0 
385 0 
385 0 
385 0 
385 0 
385 0 
385 0 
385 0 
385 0 
385 0 
386 0 
386 0 
386 0 
386 0 
386 0 
386 0 
386 0 
386 0 
386 0 
386 0 
386 0 
386 0 
386 0 
386 0 
386 0 
386 0 
386 0 
386 0 
386 0 
386 0 
386 0 
386 0 
386 0 
386 0 
386 0 
386 0 
386 0 
386 0 
386 0 
386 0 
386 0 
386 0 
386 0 
386 0 
386 0 
386 0 
386 0 
386 0 
386 0 
386 0 
386 0 
386 0 
386 0 
386 0 
386 0 
386 0 
386 0 
386 0 
386 0 
386 0 
386 0 
386 0 
386 0 
386 0 
386 0 
386 0 
386 0 
386 0 
386 0 
386 0 
386 0 
386 0 
386 0 
386 0 
386 0 
386 0 
386 0 
386 0 
386 0 
386 0 
386 0 
386 0 
386 0 
386 0 
386 0 
386 0 
386 0 
386 0 
386 0 
386 0 
386 0 
386 0 
386 0 
386 0 
386 0 
386 0 
386 0 
386 0 
386 0 
386 0 
386 0 
386 0 
386 0.15 
386 0.15 
386 0 
386 0.19 
386 0 
386 0.15 
386 0.02 
386 0.06 
386 0.19 
386 0.36 
386 0.35 
386 0.54 
386 0.89 
386 1.14 
386 1.28 
386 0.92 
386 1.73 
386 2.11 
386 2.36 
386 2.55 
386 2.86 
386 3.11 
386 3.33 
386 3.26 
386 3.45 
386 3.76 
386 3.48 
386 3.48 
386 3.57 
386 3.7 
386 4.0 
386 4.21 
386 4.69 
386 4.9 
386 5.2 
386 5.17 
386 5.32 
386 4.88 
386 5.4 
386 4.86 
386 5.02 
386 4.7 
386 4.74 
386 5.17 
386 4.32 
386 5.1 
386 4.89 
386 5.63 
386 6.15 
386 6.07 
386 6.09 
386 5.76 
386 6.32 
386 6.53 
386 6.3 
386 6.44 
386 5.61 
386 5.07 
386 5.32 
386 6.04 
386 6.2 
386 6.33 
386 6.39 
386 2.8 
386 6.35 
386 6.38 
386 6.55 
386 6.21 
386 6.18 
386 6.29 
386 6.1 
386 6.3 
386 6.15 
386 5.98 
386 5.89 
386 6.21 
386 5.87 
386 5.88 
386 5.73 
386 5.62 
386 5.57 
386 5.38 
386 5.28 
386 5.17 
386 4.99 
386 4.93 
386 4.84 
386 4.57 
386 4.25 
386 4.15 
386 3.99 
386 3.7 
386 3.47 
386 3.27 
386 2.79 
386 2.61 
386 2.7 
386 2.59 
386 2.21 
386 2.23 
386 1.84 
386 1.02 
386 0.87 
386 0.54 
386 0.38 
386 0.33 
386 0.36 
386 0.3 
386 0.25 
386 0.24 
386 0.12 
386 0.05 
386 0.15 
386 0 
386 0 
386 0 
386 0 
386 0 
386 0 
386 0 
386 0 
386 0 
386 0 
386 0 
386 0 
386 0 
386 0 
386 0 
386 0 
386 0 
386 0 
386 0 
386 0 
386 0 
386 0 
386 0 
386 0 
386 0 
386 0 
386 0 
386 0 
386 0 
386 0 
386 0 
386 0 
386 0 
386 0 
386 0 
386 0 
386 0 
386 0 
386 0 
386 0 
386 0 
386 0 
386 0 
386 0 
386 0 
386 0 
386 0 
386 0 
386 0 
386 0 
386 0 
386 0 
386 0 
386 0 
386 0 
386 0 
386 0 
386 0 
386 0 
386 0 
386 0 
386 0 
386 0 
386 0 
386 0 
386 0 
386 0 
386 0 
386 0 
386 0 
386 0 
386 0 
386 0 
386 0 
386 0 
386 0 
386 0 
386 0 
386 0 
386 0 
386 0 
386 0 
386 0 
387 0 
387 0 
387 0 
387 0 
387 0 
387 0 
387 0 
387 0 
387 0 
387 0 
387 0 
387 0 
387 0 
387 0 
387 0 
387 0 
387 0 
387 0 
387 0 
387 0 
387 0 
387 0 
387 0 
387 0 
387 0 
387 0 
387 0 
387 0 
387 0 
387 0 
387 0 
387 0 
387 0 
387 0 
387 0 
387 0 
387 0 
387 0 
387 0 
387 0 
387 0 
387 0 
387 0 
387 0 
387 0 
387 0 
387 0 
387 0 
387 0 
387 0 
387 0 
387 0 
387 0 
387 0 
387 0 
387 0 
387 0 
387 0 
387 0 
387 0 
387 0 
387 0 
387 0 
387 0 
387 0 
387 0 
387 0 
387 0 
387 0 
387 0 
387 0 
387 0 
387 0 
387 0 
387 0 
387 0 
387 0 
387 0 
387 0 
387 0 
387 0 
387 0 
387 0 
387 0 
387 0 
387 0 
387 0 
387 0 
387 0 
387 0 
387 0 
387 0 
387 0 
387 0.13 
387 0.18 
387 0.15 
387 0.17 
387 0.09 
387 0.12 
387 0.15 
387 0.2 
387 0.27 
387 0.43 
387 0.49 
387 0.72 
387 1.02 
387 1.31 
387 1.47 
387 1.81 
387 2.03 
387 2.2 
387 2.51 
387 2.61 
387 2.86 
387 2.72 
387 3.01 
387 3.17 
387 3.51 
387 3.35 
387 3.53 
387 3.77 
387 3.98 
387 4.33 
387 4.39 
387 4.25 
387 4.64 
387 4.91 
387 4.85 
387 4.98 
387 5.12 
387 5.05 
387 5.28 
387 5.14 
387 5.24 
387 5.35 
387 5.04 
387 5.37 
387 5.48 
387 5.51 
387 5.78 
387 5.61 
387 5.91 
387 6.06 
387 5.71 
387 6.11 
387 6.15 
387 6.35 
387 6.52 
387 6.37 
387 6.28 
387 6.28 
387 6.3 
387 6.24 
387 6.38 
387 6.28 
387 6.32 
387 6.37 
387 6.57 
387 6.49 
387 6.42 
387 6.28 
387 6.17 
387 6.22 
387 6.22 
387 6.25 
387 6.09 
387 5.91 
387 5.95 
387 5.81 
387 5.67 
387 5.93 
387 5.67 
387 5.44 
387 5.43 
387 5.3 
387 5.08 
387 5.0 
387 4.99 
387 4.68 
387 4.66 
387 4.39 
387 4.18 
387 4.07 
387 3.84 
387 3.64 
387 3.54 
387 3.33 
387 3.05 
387 2.78 
387 2.44 
387 2.28 
387 1.9 
387 1.54 
387 1.08 
387 0.88 
387 0.28 
387 0 
387 0.03 
387 0.07 
387 0.02 
387 0.01 
387 0.08 
387 0.16 
387 0.15 
387 0.14 
387 0 
387 0 
387 0 
387 0 
387 0 
387 0 
387 0 
387 0 
387 0 
387 0 
387 0 
387 0 
387 0 
387 0 
387 0 
387 0 
387 0 
387 0 
387 0 
387 0 
387 0 
387 0 
387 0 
387 0 
387 0 
387 0 
387 0 
387 0 
387 0 
387 0 
387 0 
387 0 
387 0 
387 0 
387 0 
387 0 
387 0 
387 0 
387 0 
387 0 
387 0 
387 0 
387 0 
387 0 
387 0 
387 0 
387 0 
387 0 
387 0 
387 0 
387 0 
387 0 
387 0 
387 0 
387 0 
387 0 
387 0 
387 0 
387 0 
387 0 
387 0 
387 0 
387 0 
387 0 
387 0 
387 0 
387 0 
387 0 
387 0 
387 0 
387 0 
387 0 
387 0 
387 0 
387 0 
387 0 
387 0 
387 0 
387 0 
387 0 
387 0 
387 0 
387 0 
388 0 
388 0 
388 0 
388 0 
388 0 
388 0 
388 0 
388 0 
388 0 
388 0 
388 0 
388 0 
388 0 
388 0 
388 0 
388 0 
388 0 
388 0 
388 0 
388 0 
388 0 
388 0 
388 0 
388 0 
388 0 
388 0 
388 0 
388 0 
388 0 
388 0 
388 0 
388 0 
388 0 
388 0 
388 0 
388 0 
388 0 
388 0 
388 0 
388 0 
388 0 
388 0 
388 0 
388 0 
388 0 
388 0 
388 0 
388 0 
388 0 
388 0 
388 0 
388 0 
388 0 
388 0 
388 0 
388 0 
388 0 
388 0 
388 0 
388 0 
388 0 
388 0 
388 0 
388 0 
388 0 
388 0 
388 0 
388 0 
388 0 
388 0 
388 0 
388 0 
388 0 
388 0 
388 0 
388 0 
388 0 
388 0 
388 0 
388 0 
388 0 
388 0 
388 0 
388 0 
388 0 
388 0 
388 0 
388 0 
388 0 
388 0 
388 0 
388 0 
388 0 
388 0.16 
388 0.16 
388 0.15 
388 0.3 
388 0 
388 0.05 
388 0.11 
388 0.18 
388 0.33 
388 0.41 
388 0.63 
388 0.91 
388 1.16 
388 1.22 
388 1.44 
388 1.42 
388 1.89 
388 2.2 
388 2.36 
388 2.76 
388 2.93 
388 2.92 
388 2.98 
388 3.26 
388 3.64 
388 3.84 
388 3.83 
388 3.91 
388 4.1 
388 4.37 
388 4.68 
388 4.79 
388 5.0 
388 5.12 
388 4.93 
388 5.07 
388 4.77 
388 5.18 
388 5.34 
388 5.34 
388 5.32 
388 5.21 
388 5.24 
388 5.35 
388 5.71 
388 6.04 
388 5.94 
388 5.99 
388 5.76 
388 5.63 
388 5.76 
388 6.0 
388 6.13 
388 6.46 
388 6.58 
388 6.48 
388 6.25 
388 6.34 
388 6.39 
388 6.45 
388 6.31 
388 6.42 
388 6.38 
388 6.59 
388 6.56 
388 6.57 
388 6.45 
388 6.52 
388 6.3 
388 6.22 
388 6.29 
388 6.21 
388 6.24 
388 6.15 
388 5.96 
388 5.75 
388 5.81 
388 5.64 
388 5.77 
388 5.64 
388 5.57 
388 5.47 
388 5.25 
388 5.17 
388 5.21 
388 4.96 
388 4.81 
388 4.61 
388 4.4 
388 4.03 
388 3.89 
388 3.68 
388 3.6 
388 3.35 
388 3.12 
388 2.92 
388 2.68 
388 2.41 
388 2.15 
388 1.7 
388 1.31 
388 1.05 
388 0.63 
388 0.06 
388 0.17 
388 0.13 
388 0 
388 0.08 
388 0.05 
388 0.14 
388 0.11 
388 0.12 
388 0 
388 0 
388 0 
388 0 
388 0 
388 0 
388 0 
388 0 
388 0 
388 0 
388 0 
388 0 
388 0 
388 0 
388 0 
388 0 
388 0 
388 0 
388 0 
388 0 
388 0 
388 0 
388 0 
388 0 
388 0 
388 0 
388 0 
388 0 
388 0 
388 0 
388 0 
388 0 
388 0 
388 0 
388 0 
388 0 
388 0 
388 0 
388 0 
388 0 
388 0 
388 0 
388 0 
388 0 
388 0 
388 0 
388 0 
388 0 
388 0 
388 0 
388 0 
388 0 
388 0 
388 0 
388 0 
388 0 
388 0 
388 0 
388 0 
388 0 
388 0 
388 0 
388 0 
388 0 
388 0 
388 0 
388 0 
388 0 
388 0 
388 0 
388 0 
388 0 
388 0 
388 0 
388 0 
388 0 
388 0 
388 0 
388 0 
388 0 
388 0 
388 0 
388 0 
389 0 
389 0 
389 0 
389 0 
389 0 
389 0 
389 0 
389 0 
389 0 
389 0 
389 0 
389 0 
389 0 
389 0 
389 0 
389 0 
389 0 
389 0 
389 0 
389 0 
389 0 
389 0 
389 0 
389 0 
389 0 
389 0 
389 0 
389 0 
389 0 
389 0 
389 0 
389 0 
389 0 
389 0 
389 0 
389 0 
389 0 
389 0 
389 0 
389 0 
389 0 
389 0 
389 0 
389 0 
389 0 
389 0 
389 0 
389 0 
389 0 
389 0 
389 0 
389 0 
389 0 
389 0 
389 0 
389 0 
389 0 
389 0 
389 0 
389 0 
389 0 
389 0 
389 0 
389 0 
389 0 
389 0 
389 0 
389 0 
389 0 
389 0 
389 0 
389 0 
389 0 
389 0 
389 0 
389 0 
389 0 
389 0 
389 0 
389 0 
389 0 
389 0 
389 0 
389 0 
389 0 
389 0 
389 0 
389 0 
389 0 
389 0 
389 0 
389 0 
389 0 
389 0.17 
389 0.13 
389 0.08 
389 0 
389 0.13 
389 0 
389 0.04 
389 0.3 
389 0.18 
389 0.38 
389 0.58 
389 0.92 
389 1.19 
389 1.35 
389 1.64 
389 1.77 
389 2.14 
389 2.35 
389 2.64 
389 2.93 
389 3.19 
389 3.08 
389 3.2 
389 2.96 
389 3.25 
389 3.54 
389 3.59 
389 3.86 
389 3.86 
389 4.12 
389 4.31 
389 4.45 
389 4.81 
389 4.88 
389 5.09 
389 5.24 
389 5.29 
389 5.22 
389 5.48 
389 5.12 
389 5.65 
389 5.92 
389 5.81 
389 5.72 
389 5.72 
389 5.97 
389 6.52 
389 6.24 
389 6.5 
389 5.98 
389 6.2 
389 6.4 
389 6.72 
389 6.5 
389 6.77 
389 6.52 
389 6.6 
389 6.45 
389 6.62 
389 6.52 
389 6.66 
389 6.66 
389 6.39 
389 6.43 
389 6.77 
389 6.42 
389 6.59 
389 6.2 
389 6.5 
389 6.43 
389 6.44 
389 6.1 
389 5.97 
389 6.06 
389 5.97 
389 5.7 
389 5.87 
389 5.72 
389 5.7 
389 5.54 
389 5.38 
389 5.45 
389 5.33 
389 5.02 
389 4.88 
389 4.89 
389 4.39 
389 4.24 
389 3.94 
389 3.94 
389 3.81 
389 3.64 
389 3.36 
389 3.21 
389 3.19 
389 2.97 
389 2.82 
389 2.2 
389 2.34 
389 2.15 
389 1.78 
389 1.32 
389 0.9 
389 0.09 
389 0.17 
389 0 
389 0.08 
389 0.26 
389 0.12 
389 0.13 
389 0 
389 0.1 
389 0.11 
389 0 
389 0 
389 0 
389 0 
389 0 
389 0 
389 0 
389 0 
389 0 
389 0 
389 0 
389 0 
389 0 
389 0 
389 0 
389 0 
389 0 
389 0 
389 0 
389 0 
389 0 
389 0 
389 0 
389 0 
389 0 
389 0 
389 0 
389 0 
389 0 
389 0 
389 0 
389 0 
389 0 
389 0 
389 0 
389 0 
389 0 
389 0 
389 0 
389 0 
389 0 
389 0 
389 0 
389 0 
389 0 
389 0 
389 0 
389 0 
389 0 
389 0 
389 0 
389 0 
389 0 
389 0 
389 0 
389 0 
389 0 
389 0 
389 0 
389 0 
389 0 
389 0 
389 0 
389 0 
389 0 
389 0 
389 0 
389 0 
389 0 
389 0 
389 0 
389 0 
389 0 
389 0 
389 0 
389 0 
389 0 
389 0 
389 0 
389 0 
389 0 
389 0 
390 0 
390 0 
390 0 
390 0 
390 0 
390 0 
390 0 
390 0 
390 0 
390 0 
390 0 
390 0 
390 0 
390 0 
390 0 
390 0 
390 0 
390 0 
390 0 
390 0 
390 0 
390 0 
390 0 
390 0 
390 0 
390 0 
390 0 
390 0 
390 0 
390 0 
390 0 
390 0 
390 0 
390 0 
390 0 
390 0 
390 0 
390 0 
390 0 
390 0 
390 0 
390 0 
390 0 
390 0 
390 0 
390 0 
390 0 
390 0 
390 0 
390 0 
390 0 
390 0 
390 0 
390 0 
390 0 
390 0 
390 0 
390 0 
390 0 
390 0 
390 0 
390 0 
390 0 
390 0 
390 0 
390 0 
390 0 
390 0 
390 0 
390 0 
390 0 
390 0 
390 0 
390 0 
390 0 
390 0 
390 0 
390 0 
390 0 
390 0 
390 0 
390 0 
390 0 
390 0 
390 0 
390 0 
390 0 
390 0 
390 0 
390 0 
390 0 
390 0 
390 0.14 
390 0.08 
390 0.16 
390 0.25 
390 0.02 
390 0.07 
390 0.15 
390 0.25 
390 0.28 
390 0.31 
390 0.46 
390 0.64 
390 0.83 
390 1.06 
390 1.15 
390 1.46 
390 1.58 
390 1.74 
390 1.86 
390 2.13 
390 2.62 
390 2.59 
390 2.94 
390 3.05 
390 3.18 
390 2.91 
390 3.31 
390 3.52 
390 3.49 
390 3.75 
390 3.86 
390 3.94 
390 4.15 
390 4.48 
390 4.68 
390 4.73 
390 4.7 
390 4.4 
390 4.68 
390 4.94 
390 4.76 
390 4.7 
390 4.78 
390 4.82 
390 4.85 
390 5.08 
390 5.16 
390 5.42 
390 5.54 
390 5.43 
390 5.27 
390 5.48 
390 5.42 
390 5.73 
390 6.02 
390 6.05 
390 6.07 
390 6.12 
390 5.99 
390 6.04 
390 6.06 
390 5.99 
390 6.12 
390 6.12 
390 6.01 
390 5.94 
390 6.21 
390 6.09 
390 5.81 
390 5.78 
390 5.89 
390 5.88 
390 5.55 
390 5.67 
390 5.33 
390 5.48 
390 5.49 
390 5.39 
390 5.29 
390 5.22 
390 5.15 
390 5.18 
390 5.19 
390 5.05 
390 4.99 
390 4.7 
390 4.75 
390 4.57 
390 4.38 
390 4.02 
390 3.92 
390 3.85 
390 3.61 
390 3.43 
390 3.34 
390 3.15 
390 3.02 
390 2.81 
390 2.54 
390 2.23 
390 2.05 
390 1.63 
390 1.17 
390 0.73 
390 0.09 
390 0.13 
390 0.23 
390 0.17 
390 0.06 
390 0.13 
390 0 
390 0 
390 0.15 
390 0 
390 0.09 
390 0.11 
390 0 
390 0 
390 0 
390 0 
390 0 
390 0 
390 0 
390 0 
390 0 
390 0 
390 0 
390 0 
390 0 
390 0 
390 0 
390 0 
390 0 
390 0 
390 0 
390 0 
390 0 
390 0 
390 0 
390 0 
390 0 
390 0 
390 0 
390 0 
390 0 
390 0 
390 0 
390 0 
390 0 
390 0 
390 0 
390 0 
390 0 
390 0 
390 0 
390 0 
390 0 
390 0 
390 0 
390 0 
390 0 
390 0 
390 0 
390 0 
390 0 
390 0 
390 0 
390 0 
390 0 
390 0 
390 0 
390 0 
390 0 
390 0 
390 0 
390 0 
390 0 
390 0 
390 0 
390 0 
390 0 
390 0 
390 0 
390 0 
390 0 
390 0 
390 0 
390 0 
390 0 
390 0 
390 0 
390 0 
390 0 
390 0 
390 0 
390 0 
391 0 
391 0 
391 0 
391 0 
391 0 
391 0 
391 0 
391 0 
391 0 
391 0 
391 0 
391 0 
391 0 
391 0 
391 0 
391 0 
391 0 
391 0 
391 0 
391 0 
391 0 
391 0 
391 0 
391 0 
391 0 
391 0 
391 0 
391 0 
391 0 
391 0 
391 0 
391 0 
391 0 
391 0 
391 0 
391 0 
391 0 
391 0 
391 0 
391 0 
391 0 
391 0 
391 0 
391 0 
391 0 
391 0 
391 0 
391 0 
391 0 
391 0 
391 0 
391 0 
391 0 
391 0 
391 0 
391 0 
391 0 
391 0 
391 0 
391 0 
391 0 
391 0 
391 0 
391 0 
391 0 
391 0 
391 0 
391 0 
391 0 
391 0 
391 0 
391 0 
391 0 
391 0 
391 0 
391 0 
391 0 
391 0 
391 0 
391 0 
391 0 
391 0 
391 0 
391 0 
391 0 
391 0 
391 0 
391 0 
391 0 
391 0 
391 0 
391 0 
391 0.13 
391 0.16 
391 0.23 
391 0 
391 0 
391 0.17 
391 0.07 
391 0.13 
391 0.2 
391 0.27 
391 0.46 
391 0.64 
391 0.94 
391 0.89 
391 1.23 
391 1.39 
391 1.5 
391 1.47 
391 1.66 
391 2.31 
391 2.32 
391 2.33 
391 2.74 
391 2.85 
391 2.85 
391 3.2 
391 3.44 
391 3.79 
391 3.68 
391 3.76 
391 3.92 
391 4.26 
391 4.3 
391 4.4 
391 4.64 
391 4.73 
391 4.92 
391 5.06 
391 5.11 
391 5.12 
391 5.17 
391 5.03 
391 5.03 
391 4.99 
391 4.86 
391 4.96 
391 5.03 
391 5.37 
391 5.5 
391 5.51 
391 5.47 
391 5.5 
391 5.51 
391 5.71 
391 6.04 
391 6.09 
391 6.06 
391 6.09 
391 5.98 
391 6.04 
391 6.0 
391 6.14 
391 6.19 
391 6.1 
391 6.15 
391 6.14 
391 6.34 
391 6.15 
391 6.09 
391 5.73 
391 5.83 
391 5.84 
391 5.75 
391 5.58 
391 5.55 
391 5.63 
391 5.66 
391 5.67 
391 5.65 
391 5.43 
391 5.35 
391 5.1 
391 5.02 
391 5.12 
391 5.05 
391 4.89 
391 4.7 
391 4.45 
391 4.31 
391 4.0 
391 3.84 
391 3.7 
391 3.55 
391 3.43 
391 3.31 
391 3.19 
391 2.99 
391 2.84 
391 2.67 
391 2.48 
391 2.27 
391 2.06 
391 1.58 
391 1.28 
391 0.26 
391 0.17 
391 0.11 
391 0.12 
391 0.06 
391 0.05 
391 0.26 
391 0.09 
391 0.16 
391 0.14 
391 0.13 
391 0 
391 0 
391 0 
391 0 
391 0 
391 0 
391 0 
391 0 
391 0 
391 0 
391 0 
391 0 
391 0 
391 0 
391 0 
391 0 
391 0 
391 0 
391 0 
391 0 
391 0 
391 0 
391 0 
391 0 
391 0 
391 0 
391 0 
391 0 
391 0 
391 0 
391 0 
391 0 
391 0 
391 0 
391 0 
391 0 
391 0 
391 0 
391 0 
391 0 
391 0 
391 0 
391 0 
391 0 
391 0 
391 0 
391 0 
391 0 
391 0 
391 0 
391 0 
391 0 
391 0 
391 0 
391 0 
391 0 
391 0 
391 0 
391 0 
391 0 
391 0 
391 0 
391 0 
391 0 
391 0 
391 0 
391 0 
391 0 
391 0 
391 0 
391 0 
391 0 
391 0 
391 0 
391 0 
391 0 
391 0 
391 0 
391 0 
391 0 
391 0 
392 0 
392 0 
392 0 
392 0 
392 0 
392 0 
392 0 
392 0 
392 0 
392 0 
392 0 
392 0 
392 0 
392 0 
392 0 
392 0 
392 0 
392 0 
392 0 
392 0 
392 0 
392 0 
392 0 
392 0 
392 0 
392 0 
392 0 
392 0 
392 0 
392 0 
392 0 
392 0 
392 0 
392 0 
392 0 
392 0 
392 0 
392 0 
392 0 
392 0 
392 0 
392 0 
392 0 
392 0 
392 0 
392 0 
392 0 
392 0 
392 0 
392 0 
392 0 
392 0 
392 0 
392 0 
392 0 
392 0 
392 0 
392 0 
392 0 
392 0 
392 0 
392 0 
392 0 
392 0 
392 0 
392 0 
392 0 
392 0 
392 0 
392 0 
392 0 
392 0 
392 0 
392 0 
392 0 
392 0 
392 0 
392 0 
392 0 
392 0 
392 0 
392 0 
392 0 
392 0 
392 0 
392 0 
392 0 
392 0 
392 0 
392 0 
392 0 
392 0 
392 0.12 
392 0 
392 0.13 
392 0.19 
392 0.06 
392 0.1 
392 0.11 
392 0.18 
392 0.26 
392 0.39 
392 0.56 
392 0.77 
392 1.05 
392 1.27 
392 1.33 
392 1.54 
392 1.53 
392 1.8 
392 1.94 
392 2.42 
392 2.8 
392 2.92 
392 3.15 
392 3.15 
392 3.19 
392 3.47 
392 3.51 
392 3.57 
392 3.77 
392 3.96 
392 4.14 
392 4.29 
392 4.32 
392 4.58 
392 4.76 
392 4.9 
392 5.15 
392 5.16 
392 5.39 
392 5.06 
392 5.3 
392 5.41 
392 5.49 
392 5.42 
392 5.88 
392 5.89 
392 5.75 
392 5.7 
392 5.82 
392 5.65 
392 5.97 
392 5.83 
392 5.96 
392 6.22 
392 6.28 
392 6.19 
392 6.46 
392 6.54 
392 6.88 
392 6.77 
392 7.01 
392 5.57 
392 5.78 
392 4.59 
392 5.36 
392 5.33 
392 5.15 
392 4.49 
392 5.47 
392 5.92 
392 5.54 
392 6.61 
392 6.09 
392 5.97 
392 5.76 
392 6.3 
392 6.25 
392 6.2 
392 4.08 
392 5.77 
392 6.51 
392 4.29 
392 2.64 
392 4.19 
392 4.78 
392 6.11 
392 5.34 
392 4.59 
392 3.58 
392 4.34 
392 4.12 
392 3.92 
392 3.68 
392 3.61 
392 3.36 
392 3.35 
392 3.32 
392 3.05 
392 2.79 
392 2.59 
392 2.41 
392 2.22 
392 1.79 
392 1.48 
392 0.34 
392 0.05 
392 0.2 
392 0.24 
392 0.07 
392 0.12 
392 0 
392 0.14 
392 0.14 
392 0.11 
392 0.1 
392 0 
392 0 
392 0 
392 0 
392 0 
392 0 
392 0 
392 0 
392 0 
392 0 
392 0 
392 0 
392 0 
392 0 
392 0 
392 0 
392 0 
392 0 
392 0 
392 0 
392 0 
392 0 
392 0 
392 0 
392 0 
392 0 
392 0 
392 0 
392 0 
392 0 
392 0 
392 0 
392 0 
392 0 
392 0 
392 0 
392 0 
392 0 
392 0 
392 0 
392 0 
392 0 
392 0 
392 0 
392 0 
392 0 
392 0 
392 0 
392 0 
392 0 
392 0 
392 0 
392 0 
392 0 
392 0 
392 0 
392 0 
392 0 
392 0 
392 0 
392 0 
392 0 
392 0 
392 0 
392 0 
392 0 
392 0 
392 0 
392 0 
392 0 
392 0 
392 0 
392 0 
392 0 
392 0 
392 0 
392 0 
392 0 
392 0 
392 0 
392 0 
393 0 
393 0 
393 0 
393 0 
393 0 
393 0 
393 0 
393 0 
393 0 
393 0 
393 0 
393 0 
393 0 
393 0 
393 0 
393 0 
393 0 
393 0 
393 0 
393 0 
393 0 
393 0 
393 0 
393 0 
393 0 
393 0 
393 0 
393 0 
393 0 
393 0 
393 0 
393 0 
393 0 
393 0 
393 0 
393 0 
393 0 
393 0 
393 0 
393 0 
393 0 
393 0 
393 0 
393 0 
393 0 
393 0 
393 0 
393 0 
393 0 
393 0 
393 0 
393 0 
393 0 
393 0 
393 0 
393 0 
393 0 
393 0 
393 0 
393 0 
393 0 
393 0 
393 0 
393 0 
393 0 
393 0 
393 0 
393 0 
393 0 
393 0 
393 0 
393 0 
393 0 
393 0 
393 0 
393 0 
393 0 
393 0 
393 0 
393 0 
393 0 
393 0 
393 0 
393 0 
393 0 
393 0 
393 0 
393 0 
393 0 
393 0 
393 0 
393 0 
393 0.15 
393 0.13 
393 0.04 
393 0.19 
393 0.28 
393 0.3 
393 0.53 
393 0.61 
393 0.85 
393 0.79 
393 0.8 
393 1.03 
393 1.02 
393 1.07 
393 1.12 
393 1.75 
393 1.21 
393 2.18 
393 2.08 
393 2.48 
393 2.23 
393 3.16 
393 3.19 
393 3.0 
393 2.89 
393 3.07 
393 2.93 
393 3.73 
393 3.97 
393 3.81 
393 4.02 
393 4.34 
393 4.57 
393 4.77 
393 4.98 
393 5.0 
393 5.33 
393 5.45 
393 5.51 
393 5.25 
393 5.73 
393 5.37 
393 5.58 
393 5.71 
393 5.9 
393 5.82 
393 5.61 
393 5.77 
393 6.11 
393 5.99 
393 6.11 
393 6.23 
393 6.36 
393 6.41 
393 6.48 
393 6.38 
393 6.55 
393 6.3 
393 6.56 
393 6.58 
393 6.47 
393 6.88 
393 6.54 
393 6.79 
393 6.62 
393 6.65 
393 6.59 
393 6.45 
393 6.12 
393 6.86 
393 6.38 
393 6.34 
393 6.62 
393 6.46 
393 6.56 
393 6.42 
393 6.29 
393 6.09 
393 6.14 
393 5.71 
393 5.73 
393 5.67 
393 5.38 
393 5.42 
393 5.35 
393 5.2 
393 4.96 
393 4.7 
393 4.44 
393 4.07 
393 3.95 
393 3.71 
393 3.64 
393 3.48 
393 3.33 
393 3.23 
393 3.02 
393 2.93 
393 2.78 
393 2.65 
393 2.44 
393 2.26 
393 1.85 
393 1.54 
393 0.68 
393 0.11 
393 0.09 
393 0.15 
393 0.03 
393 0 
393 0.12 
393 0.16 
393 0.11 
393 0.16 
393 0 
393 0.12 
393 0.11 
393 0 
393 0 
393 0 
393 0 
393 0 
393 0 
393 0 
393 0 
393 0 
393 0 
393 0 
393 0 
393 0 
393 0 
393 0 
393 0 
393 0 
393 0 
393 0 
393 0 
393 0 
393 0 
393 0 
393 0 
393 0 
393 0 
393 0 
393 0 
393 0 
393 0 
393 0 
393 0 
393 0 
393 0 
393 0 
393 0 
393 0 
393 0 
393 0 
393 0 
393 0 
393 0 
393 0 
393 0 
393 0 
393 0 
393 0 
393 0 
393 0 
393 0 
393 0 
393 0 
393 0 
393 0 
393 0 
393 0 
393 0 
393 0 
393 0 
393 0 
393 0 
393 0 
393 0 
393 0 
393 0 
393 0 
393 0 
393 0 
393 0 
393 0 
393 0 
393 0 
393 0 
393 0 
393 0 
393 0 
393 0 
393 0 
393 0 
394 0 
394 0 
394 0 
394 0 
394 0 
394 0 
394 0 
394 0 
394 0 
394 0 
394 0 
394 0 
394 0 
394 0 
394 0 
394 0 
394 0 
394 0 
394 0 
394 0 
394 0 
394 0 
394 0 
394 0 
394 0 
394 0 
394 0 
394 0 
394 0 
394 0 
394 0 
394 0 
394 0 
394 0 
394 0 
394 0 
394 0 
394 0 
394 0 
394 0 
394 0 
394 0 
394 0 
394 0 
394 0 
394 0 
394 0 
394 0 
394 0 
394 0 
394 0 
394 0 
394 0 
394 0 
394 0 
394 0 
394 0 
394 0 
394 0 
394 0 
394 0 
394 0 
394 0 
394 0 
394 0 
394 0 
394 0 
394 0 
394 0 
394 0 
394 0 
394 0 
394 0 
394 0 
394 0 
394 0 
394 0 
394 0 
394 0 
394 0 
394 0 
394 0 
394 0 
394 0 
394 0 
394 0 
394 0 
394 0 
394 0 
394 0 
394 0 
394 0 
394 0 
394 0 
394 0 
394 0.12 
394 0.09 
394 0.18 
394 0.14 
394 0.2 
394 0.25 
394 0.28 
394 0.29 
394 0.27 
394 0.15 
394 0.26 
394 0.25 
394 0.02 
394 0.14 
394 0.17 
394 0 
394 0.18 
394 0.01 
394 0.13 
394 0.1 
394 0.27 
394 0.17 
394 0.2 
394 0.39 
394 0.5 
394 0.76 
394 0.71 
394 0.91 
394 0.85 
394 0.64 
394 0.73 
394 1.22 
394 0.66 
394 0.87 
394 0.67 
394 0.63 
394 0.58 
394 0.48 
394 0.57 
394 0.34 
394 0.35 
394 0.61 
394 0.67 
394 0.77 
394 0.8 
394 0.97 
394 0.8 
394 0.6 
394 0.84 
394 0.92 
394 1.09 
394 1.12 
394 1.53 
394 1.97 
394 2.11 
394 1.62 
394 1.89 
394 1.37 
394 1.24 
394 1.25 
394 1.68 
394 1.86 
394 1.79 
394 1.55 
394 2.19 
394 1.93 
394 1.96 
394 1.01 
394 0.22 
394 0.27 
394 0.23 
394 0.42 
394 0.4 
394 0.39 
394 0.12 
394 0.02 
394 0.33 
394 0.11 
394 0.12 
394 0.28 
394 0.08 
394 0.08 
394 0.13 
394 0.14 
394 0.17 
394 0.09 
394 0.14 
394 0.18 
394 0.1 
394 0.16 
394 0.15 
394 0.16 
394 0.12 
394 0.28 
394 0.13 
394 0.02 
394 0.15 
394 0.04 
394 0 
394 0.12 
394 0.13 
394 0.16 
394 0.01 
394 0.11 
394 0 
394 0.15 
394 0.15 
394 0 
394 0 
394 0 
394 0 
394 0 
394 0 
394 0 
394 0 
394 0 
394 0 
394 0 
394 0 
394 0 
394 0 
394 0 
394 0 
394 0 
394 0 
394 0 
394 0 
394 0 
394 0 
394 0 
394 0 
394 0 
394 0 
394 0 
394 0 
394 0 
394 0 
394 0 
394 0 
394 0 
394 0 
394 0 
394 0 
394 0 
394 0 
394 0 
394 0 
394 0 
394 0 
394 0 
394 0 
394 0 
394 0 
394 0 
394 0 
394 0 
394 0 
394 0 
394 0 
394 0 
394 0 
394 0 
394 0 
394 0 
394 0 
394 0 
394 0 
394 0 
394 0 
394 0 
394 0 
394 0 
394 0 
394 0 
394 0 
394 0 
394 0 
394 0 
394 0 
394 0 
394 0 
394 0 
394 0 
394 0 
394 0 
394 0 
394 0 
394 0 
394 0 
394 0 
394 0 
394 0 
394 0 
395 0 
395 0 
395 0 
395 0 
395 0 
395 0 
395 0 
395 0 
395 0 
395 0 
395 0 
395 0 
395 0 
395 0 
395 0 
395 0 
395 0 
395 0 
395 0 
395 0 
395 0 
395 0 
395 0 
395 0 
395 0 
395 0 
395 0 
395 0 
395 0 
395 0 
395 0 
395 0 
395 0 
395 0 
395 0 
395 0 
395 0 
395 0 
395 0 
395 0 
395 0 
395 0 
395 0 
395 0 
395 0 
395 0 
395 0 
395 0 
395 0 
395 0 
395 0 
395 0 
395 0 
395 0 
395 0 
395 0 
395 0 
395 0 
395 0 
395 0 
395 0 
395 0 
395 0 
395 0 
395 0 
395 0 
395 0 
395 0 
395 0 
395 0 
395 0 
395 0 
395 0 
395 0 
395 0 
395 0 
395 0 
395 0 
395 0 
395 0 
395 0 
395 0 
395 0 
395 0 
395 0 
395 0 
395 0 
395 0 
395 0 
395 0 
395 0 
395 0.13 
395 0.1 
395 0.14 
395 0.21 
395 0 
395 0.12 
395 0.14 
395 0.09 
395 0.2 
395 0.41 
395 0.6 
395 0.77 
395 0.93 
395 1.14 
395 1.33 
395 1.36 
395 1.53 
395 1.71 
395 1.77 
395 2.06 
395 2.7 
395 2.69 
395 2.97 
395 3.29 
395 3.37 
395 3.26 
395 3.58 
395 3.8 
395 4.01 
395 4.34 
395 4.23 
395 4.35 
395 4.64 
395 4.86 
395 4.91 
395 5.47 
395 5.47 
395 5.31 
395 5.25 
395 5.32 
395 5.52 
395 5.48 
395 5.53 
395 5.5 
395 5.58 
395 5.39 
395 5.43 
395 5.89 
395 5.91 
395 6.0 
395 5.89 
395 5.97 
395 5.99 
395 5.95 
395 6.02 
395 6.64 
395 6.79 
395 6.78 
395 6.56 
395 6.57 
395 6.56 
395 6.67 
395 6.8 
395 6.7 
395 6.76 
395 6.69 
395 6.65 
395 6.82 
395 6.63 
395 6.62 
395 6.47 
395 6.46 
395 6.5 
395 6.27 
395 6.15 
395 6.09 
395 5.99 
395 5.88 
395 6.01 
395 5.91 
395 6.01 
395 5.92 
395 5.84 
395 5.64 
395 5.6 
395 5.55 
395 5.38 
395 5.17 
395 5.08 
395 4.97 
395 4.57 
395 4.25 
395 4.21 
395 4.17 
395 3.91 
395 3.69 
395 3.54 
395 3.44 
395 3.25 
395 3.14 
395 3.03 
395 2.79 
395 2.51 
395 2.19 
395 1.74 
395 1.3 
395 0.17 
395 0.16 
395 0.23 
395 0.13 
395 0.1 
395 0.05 
395 0.12 
395 0.15 
395 0.11 
395 0.11 
395 0.1 
395 0.11 
395 0 
395 0 
395 0 
395 0 
395 0 
395 0 
395 0 
395 0 
395 0 
395 0 
395 0 
395 0 
395 0 
395 0 
395 0 
395 0 
395 0 
395 0 
395 0 
395 0 
395 0 
395 0 
395 0 
395 0 
395 0 
395 0 
395 0 
395 0 
395 0 
395 0 
395 0 
395 0 
395 0 
395 0 
395 0 
395 0 
395 0 
395 0 
395 0 
395 0 
395 0 
395 0 
395 0 
395 0 
395 0 
395 0 
395 0 
395 0 
395 0 
395 0 
395 0 
395 0 
395 0 
395 0 
395 0 
395 0 
395 0 
395 0 
395 0 
395 0 
395 0 
395 0 
395 0 
395 0 
395 0 
395 0 
395 0 
395 0 
395 0 
395 0 
395 0 
395 0 
395 0 
395 0 
395 0 
395 0 
395 0 
395 0 
395 0 
396 0 
396 0 
396 0 
396 0 
396 0 
396 0 
396 0 
396 0 
396 0 
396 0 
396 0 
396 0 
396 0 
396 0 
396 0 
396 0 
396 0 
396 0 
396 0 
396 0 
396 0 
396 0 
396 0 
396 0 
396 0 
396 0 
396 0 
396 0 
396 0 
396 0 
396 0 
396 0 
396 0 
396 0 
396 0 
396 0 
396 0 
396 0 
396 0 
396 0 
396 0 
396 0 
396 0 
396 0 
396 0 
396 0 
396 0 
396 0 
396 0 
396 0 
396 0 
396 0 
396 0 
396 0 
396 0 
396 0 
396 0 
396 0 
396 0 
396 0 
396 0 
396 0 
396 0 
396 0 
396 0 
396 0 
396 0 
396 0 
396 0 
396 0 
396 0 
396 0 
396 0 
396 0 
396 0 
396 0 
396 0 
396 0 
396 0 
396 0 
396 0 
396 0 
396 0 
396 0 
396 0 
396 0 
396 0 
396 0 
396 0 
396 0 
396 0 
396 0.1 
396 0.1 
396 0.03 
396 0.05 
396 0.04 
396 0.18 
396 0.07 
396 0.07 
396 0.31 
396 0.44 
396 0.61 
396 0.9 
396 1.14 
396 1.29 
396 1.6 
396 1.73 
396 1.83 
396 2.19 
396 2.42 
396 2.64 
396 2.92 
396 3.13 
396 3.25 
396 3.5 
396 3.78 
396 3.92 
396 3.98 
396 4.02 
396 3.99 
396 3.94 
396 4.37 
396 4.12 
396 4.37 
396 4.76 
396 5.0 
396 5.12 
396 5.42 
396 5.54 
396 5.51 
396 5.8 
396 6.1 
396 5.91 
396 5.68 
396 5.46 
396 6.22 
396 6.3 
396 6.72 
396 6.25 
396 6.37 
396 6.32 
396 6.82 
396 6.67 
396 6.28 
396 6.86 
396 7.02 
396 7.29 
396 6.94 
396 7.13 
396 6.82 
396 6.8 
396 6.58 
396 6.64 
396 7.17 
396 6.83 
396 7.06 
396 7.06 
396 6.8 
396 6.8 
396 6.8 
396 6.77 
396 6.89 
396 6.91 
396 6.7 
396 6.49 
396 6.41 
396 6.31 
396 6.62 
396 6.53 
396 6.36 
396 6.35 
396 6.21 
396 6.14 
396 5.75 
396 5.8 
396 5.72 
396 5.67 
396 5.56 
396 5.29 
396 5.09 
396 4.71 
396 4.61 
396 4.44 
396 4.25 
396 4.02 
396 3.77 
396 3.64 
396 3.39 
396 3.31 
396 3.22 
396 3.03 
396 2.93 
396 2.71 
396 2.55 
396 2.31 
396 2.04 
396 1.64 
396 0.16 
396 0.08 
396 0.07 
396 0.23 
396 0.11 
396 0.06 
396 0.05 
396 0.14 
396 0.17 
396 0.11 
396 0.1 
396 0.14 
396 0 
396 0 
396 0 
396 0 
396 0 
396 0 
396 0 
396 0 
396 0 
396 0 
396 0 
396 0 
396 0 
396 0 
396 0 
396 0 
396 0 
396 0 
396 0 
396 0 
396 0 
396 0 
396 0 
396 0 
396 0 
396 0 
396 0 
396 0 
396 0 
396 0 
396 0 
396 0 
396 0 
396 0 
396 0 
396 0 
396 0 
396 0 
396 0 
396 0 
396 0 
396 0 
396 0 
396 0 
396 0 
396 0 
396 0 
396 0 
396 0 
396 0 
396 0 
396 0 
396 0 
396 0 
396 0 
396 0 
396 0 
396 0 
396 0 
396 0 
396 0 
396 0 
396 0 
396 0 
396 0 
396 0 
396 0 
396 0 
396 0 
396 0 
396 0 
396 0 
396 0 
396 0 
396 0 
396 0 
396 0 
396 0 
396 0 
397 0 
274 0 
274 0 
274 0 
274 0 
274 0 
274 0 
274 0 
274 0 
274 0 
274 0 
274 0 
274 0 
274 0 
274 0 
274 0 
274 0 
274 0 
274 0 
274 0 
274 0 
274 0 
274 0 
274 0 
274 0 
274 0 
274 0 
274 0 
274 0 
274 0 
274 0 
274 0 
274 0 
274 0 
274 0 
274 0 
274 0 
274 0 
274 0 
274 0 
274 0 
274 0 
274 0 
274 0 
274 0 
274 0 
274 0 
274 0 
274 0 
274 0 
274 0 
274 0 
274 0 
274 0 
274 0 
274 0 
274 0 
274 0 
274 0 
274 0 
274 0 
274 0 
274 0 
274 0 
274 0 
274 0 
274 0 
274 0 
274 0 
274 0 
274 0 
274 0 
274 0 
274 0 
274 0 
274 0 
274 0 
274 0 
274 0 
274 0 
274 0 
274 0 
274 0 
274 0 
274 0 
274 0 
274 0 
274 0 
274 0 
274 0 
274 0 
274 0 
274 0 
274 0 
274 0 
274 0 
274 0 
274 0 
274 0 
274 0 
274 0 
274 0 
274 0 
274 0 
274 0 
274 0 
274 0 
274 0 
274 0 
274 0 
274 0 
274 0 
274 0 
274 0 
274 0 
274 0 
274 0 
274 0 
274 0 
274 0 
274 0 
274 0 
274 0 
274 0 
274 0 
274 0 
274 0 
274 0 
274 0 
274 0 
274 0 
274 0 
274 0 
274 0 
274 0 
274 0 
274 0 
274 0 
274 0 
274 0 
274 0 
274 0 
274 0 
274 0 
274 0 
274 0 
274 0 
274 0 
274 0 
274 0 
274 0 
274 0 
274 0 
274 0 
274 0 
274 0 
274 0 
274 0 
274 0 
274 0 
274 0 
274 0 
274 0 
274 0 
274 0 
274 0 
274 0 
274 0 
274 0 
274 0 
274 0 
274 0 
274 0 
274 0 
274 0 
274 0 
274 0 
274 0 
274 0 
274 0 
274 0 
274 0 
274 0 
274 0 
274 0 
274 0 
274 0 
274 0 
274 0 
274 0 
274 0 
274 0 
274 0 
274 0 
274 0 
274 0 
274 0 
274 0 
274 0 
274 0 
274 0 
274 0 
274 0 
274 0 
274 0 
274 0 
274 0 
274 0 
274 0 
274 0 
274 0 
274 0 
274 0 
274 0 
274 0 
274 0 
274 0 
274 0 
274 0 
274 0 
274 0 
274 0 
274 0 
274 0 
274 0 
274 0 
274 0 
274 0 
274 0 
274 0 
274 0 
274 0 
274 0 
274 0 
274 0 
274 0 
274 0 
274 0 
274 0 
274 0 
274 0 
274 0 
274 0 
274 0 
274 0 
274 0 
274 0 
274 0 
274 0 
274 0 
274 0 
274 0 
274 0 
274 0 
274 0 
274 0 
274 0 
274 0 
274 0 
274 0 
274 0 
274 0 
274 0 
274 0 
274 0 
274 0 
274 0 
274 0 
274 0 
274 0 
274 0 
274 0 
274 0 
274 0 
274 0 
274 0 
274 0 
274 0 
274 0 
274 0 
274 0 
274 0 
274 0 
274 0 
274 0 
274 0 
274 0 
274 0 
275 0 
275 0 
275 0 
275 0 
275 0 
275 0 
275 0 
275 0 
275 0 
275 0 
275 0 
275 0 
275 0 
275 0 
275 0 
275 0 
275 0 
275 0 
275 0 
275 0 
275 0 
275 0 
275 0 
275 0 
275 0 
275 0 
275 0 
275 0 
275 0 
275 0 
275 0 
275 0 
275 0 
275 0 
275 0 
275 0 
275 0 
275 0 
275 0 
275 0 
275 0 
275 0 
275 0 
275 0 
275 0 
275 0 
275 0 
275 0 
275 0 
275 0 
275 0 
275 0 
275 0 
275 0 
275 0 
275 0 
275 0 
275 0 
275 0 
275 0 
275 0 
275 0 
275 0 
275 0 
275 0 
275 0 
275 0 
275 0 
275 0 
275 0 
275 0 
275 0 
275 0 
275 0 
275 0 
275 0 
275 0 
275 0 
275 0 
275 0 
275 0 
275 0 
275 0 
275 0 
275 0 
275 0 
275 0 
275 0 
275 0 
275 0 
275 0 
275 0 
275 0 
275 0 
275 0 
275 0 
275 0 
275 0 
275 0 
275 0 
275 0 
275 0 
275 0 
275 0 
275 0 
275 0 
275 0 
275 0 
275 0 
275 0 
275 0 
275 0 
275 0 
275 0 
275 0 
275 0 
275 0 
275 0 
275 0 
275 0 
275 0 
275 0 
275 0 
275 0 
275 0 
275 0 
275 0 
275 0 
275 0 
275 0 
275 0 
275 0 
275 0 
275 0 
275 0 
275 0 
275 0 
275 0 
275 0 
275 0 
275 0 
275 0 
275 0 
275 0 
275 0 
275 0 
275 0 
275 0 
275 0 
275 0 
275 0 
275 0 
275 0 
275 0 
275 0 
275 0 
275 0 
275 0 
275 0 
275 0 
275 0 
275 0 
275 0 
275 0 
275 0 
275 0 
275 0 
275 0 
275 0 
275 0 
275 0 
275 0 
275 0 
275 0 
275 0 
275 0 
275 0 
275 0 
275 0 
275 0 
275 0 
275 0 
275 0 
275 0 
275 0 
275 0 
275 0 
275 0 
275 0 
275 0 
275 0 
275 0 
275 0 
275 0 
275 0 
275 0 
275 0 
275 0 
275 0 
275 0 
275 0 
275 0 
275 0 
275 0 
275 0 
275 0 
275 0 
275 0 
275 0 
275 0 
275 0 
275 0 
275 0 
275 0 
275 0 
275 0 
275 0 
275 0 
275 0 
275 0 
275 0 
275 0 
275 0 
275 0 
275 0 
275 0 
275 0 
275 0 
275 0 
275 0 
275 0 
275 0 
275 0 
275 0 
275 0 
275 0 
275 0 
275 0 
275 0 
275 0 
275 0 
275 0 
275 0 
275 0 
275 0 
275 0 
275 0 
275 0 
275 0 
275 0 
275 0 
275 0 
275 0 
275 0 
275 0 
275 0 
275 0 
275 0 
275 0 
275 0 
275 0 
275 0 
275 0 
275 0 
275 0 
275 0 
275 0 
275 0 
275 0 
275 0 
275 0 
275 0 
275 0 
275 0 
275 0 
275 0 
275 0 
275 0 
275 0 
275 0 
275 0 
275 0 
275 0 
275 0 
275 0 
275 0 
275 0 
275 0 
276 0 
276 0 
276 0 
276 0 
276 0 
276 0 
276 0 
276 0 
276 0 
276 0 
276 0 
276 0 
276 0 
276 0 
276 0 
276 0 
276 0 
276 0 
276 0 
276 0 
276 0 
276 0 
276 0 
276 0 
276 0 
276 0 
276 0 
276 0 
276 0 
276 0 
276 0 
276 0 
276 0 
276 0 
276 0 
276 0 
276 0 
276 0 
276 0 
276 0 
276 0 
276 0 
276 0 
276 0 
276 0 
276 0 
276 0 
276 0 
276 0 
276 0 
276 0 
276 0 
276 0 
276 0 
276 0 
276 0 
276 0 
276 0 
276 0 
276 0 
276 0 
276 0 
276 0 
276 0 
276 0 
276 0 
276 0 
276 0 
276 0 
276 0 
276 0 
276 0 
276 0 
276 0 
276 0 
276 0 
276 0 
276 0 
276 0 
276 0 
276 0 
276 0 
276 0 
276 0 
276 0 
276 0 
276 0 
276 0 
276 0 
276 0 
276 0 
276 0 
276 0 
276 0 
276 0 
276 0 
276 0 
276 0 
276 0 
276 0 
276 0 
276 0 
276 0 
276 0 
276 0 
276 0 
276 0 
276 0 
276 0 
276 0 
276 0 
276 0 
276 0 
276 0 
276 0 
276 0 
276 0 
276 0 
276 0 
276 0 
276 0 
276 0 
276 0 
276 0 
276 0 
276 0 
276 0 
276 0 
276 0 
276 0 
276 0 
276 0 
276 0 
276 0 
276 0 
276 0 
276 0 
276 0 
276 0 
276 0 
276 0 
276 0 
276 0 
276 0 
276 0 
276 0 
276 0 
276 0 
276 0 
276 0 
276 0 
276 0 
276 0 
276 0 
276 0 
276 0 
276 0 
276 0 
276 0 
276 0 
276 0 
276 0 
276 0 
276 0 
276 0 
276 0 
276 0 
276 0 
276 0 
276 0 
276 0 
276 0 
276 0 
276 0 
276 0 
276 0 
276 0 
276 0 
276 0 
276 0 
276 0 
276 0 
276 0 
276 0 
276 0 
276 0 
276 0 
276 0 
276 0 
276 0 
276 0 
276 0 
276 0 
276 0 
276 0 
276 0 
276 0 
276 0 
276 0 
276 0 
276 0 
276 0 
276 0 
276 0 
276 0 
276 0 
276 0 
276 0 
276 0 
276 0 
276 0 
276 0 
276 0 
276 0 
276 0 
276 0 
276 0 
276 0 
276 0 
276 0 
276 0 
276 0 
276 0 
276 0 
276 0 
276 0 
276 0 
276 0 
276 0 
276 0 
276 0 
276 0 
276 0 
276 0 
276 0 
276 0 
276 0 
276 0 
276 0 
276 0 
276 0 
276 0 
276 0 
276 0 
276 0 
276 0 
276 0 
276 0 
276 0 
276 0 
276 0 
276 0 
276 0 
276 0 
276 0 
276 0 
276 0 
276 0 
276 0 
276 0 
276 0 
276 0 
276 0 
276 0 
276 0 
276 0 
276 0 
276 0 
276 0 
276 0 
276 0 
276 0 
276 0 
276 0 
276 0 
276 0 
276 0 
276 0 
276 0 
276 0 
276 0 
276 0 
276 0 
276 0 
276 0 
276 0 
276 0 
276 0 
277 0 
277 0 
277 0 
277 0 
277 0 
277 0 
277 0 
277 0 
277 0 
277 0 
277 0 
277 0 
277 0 
277 0 
277 0 
277 0 
277 0 
277 0 
277 0 
277 0 
277 0 
277 0 
277 0 
277 0 
277 0 
277 0 
277 0 
277 0 
277 0 
277 0 
277 0 
277 0 
277 0 
277 0 
277 0 
277 0 
277 0 
277 0 
277 0 
277 0 
277 0 
277 0 
277 0 
277 0 
277 0 
277 0 
277 0 
277 0 
277 0 
277 0 
277 0 
277 0 
277 0 
277 0 
277 0 
277 0 
277 0 
277 0 
277 0 
277 0 
277 0 
277 0 
277 0 
277 0 
277 0 
277 0 
277 0 
277 0 
277 0 
277 0 
277 0 
277 0 
277 0 
277 0 
277 0 
277 0 
277 0 
277 0 
277 0 
277 0 
277 0 
277 0 
277 0 
277 0 
277 0 
277 0 
277 0 
277 0 
277 0 
277 0 
277 0 
277 0 
277 0 
277 0 
277 0 
277 0 
277 0 
277 0 
277 0 
277 0 
277 0 
277 0 
277 0 
277 0 
277 0 
277 0 
277 0 
277 0 
277 0 
277 0 
277 0 
277 0 
277 0 
277 0 
277 0 
277 0 
277 0 
277 0 
277 0 
277 0 
277 0 
277 0 
277 0 
277 0 
277 0 
277 0 
277 0 
277 0 
277 0 
277 0 
277 0 
277 0 
277 0 
277 0 
277 0 
277 0 
277 0 
277 0 
277 0 
277 0 
277 0 
277 0 
277 0 
277 0 
277 0 
277 0 
277 0 
277 0 
277 0 
277 0 
277 0 
277 0 
277 0 
277 0 
277 0 
277 0 
277 0 
277 0 
277 0 
277 0 
277 0 
277 0 
277 0 
277 0 
277 0 
277 0 
277 0 
277 0 
277 0 
277 0 
277 0 
277 0 
277 0 
277 0 
277 0 
277 0 
277 0 
277 0 
277 0 
277 0 
277 0 
277 0 
277 0 
277 0 
277 0 
277 0 
277 0 
277 0 
277 0 
277 0 
277 0 
277 0 
277 0 
277 0 
277 0 
277 0 
277 0 
277 0 
277 0 
277 0 
277 0 
277 0 
277 0 
277 0 
277 0 
277 0 
277 0 
277 0 
277 0 
277 0 
277 0 
277 0 
277 0 
277 0 
277 0 
277 0 
277 0 
277 0 
277 0 
277 0 
277 0 
277 0 
277 0 
277 0 
277 0 
277 0 
277 0 
277 0 
277 0 
277 0 
277 0 
277 0 
277 0 
277 0 
277 0 
277 0 
277 0 
277 0 
277 0 
277 0 
277 0 
277 0 
277 0 
277 0 
277 0 
277 0 
277 0 
277 0 
277 0 
277 0 
277 0 
277 0 
277 0 
277 0 
277 0 
277 0 
277 0 
277 0 
277 0 
277 0 
277 0 
277 0 
277 0 
277 0 
277 0 
277 0 
277 0 
277 0 
277 0 
277 0 
277 0 
277 0 
277 0 
277 0 
277 0 
277 0 
277 0 
277 0 
277 0 
277 0 
277 0 
277 0 
277 0 
277 0 
277 0 
277 0 
277 0 
277 0 
278 0 
278 0 
278 0 
278 0 
278 0 
278 0 
278 0 
278 0 
278 0 
278 0 
278 0 
278 0 
278 0 
278 0 
278 0 
278 0 
278 0 
278 0 
278 0 
278 0 
278 0 
278 0 
278 0 
278 0 
278 0 
278 0 
278 0 
278 0 
278 0 
278 0 
278 0 
278 0 
278 0 
278 0 
278 0 
278 0 
278 0 
278 0 
278 0 
278 0 
278 0 
278 0 
278 0 
278 0 
278 0 
278 0 
278 0 
278 0 
278 0 
278 0 
278 0 
278 0 
278 0 
278 0 
278 0 
278 0 
278 0 
278 0 
278 0 
278 0 
278 0 
278 0 
278 0 
278 0 
278 0 
278 0 
278 0 
278 0 
278 0 
278 0 
278 0 
278 0 
278 0 
278 0 
278 0 
278 0 
278 0 
278 0 
278 0 
278 0 
278 0 
278 0 
278 0 
278 0 
278 0 
278 0 
278 0 
278 0 
278 0 
278 0 
278 0 
278 0 
278 0 
278 0 
278 0 
278 0 
278 0 
278 0 
278 0 
278 0 
278 0 
278 0 
278 0 
278 0 
278 0 
278 0 
278 0 
278 0 
278 0 
278 0 
278 0 
278 0 
278 0 
278 0 
278 0 
278 0 
278 0 
278 0 
278 0 
278 0 
278 0 
278 0 
278 0 
278 0 
278 0 
278 0 
278 0 
278 0 
278 0 
278 0 
278 0 
278 0 
278 0 
278 0 
278 0 
278 0 
278 0 
278 0 
278 0 
278 0 
278 0 
278 0 
278 0 
278 0 
278 0 
278 0 
278 0 
278 0 
278 0 
278 0 
278 0 
278 0 
278 0 
278 0 
278 0 
278 0 
278 0 
278 0 
278 0 
278 0 
278 0 
278 0 
278 0 
278 0 
278 0 
278 0 
278 0 
278 0 
278 0 
278 0 
278 0 
278 0 
278 0 
278 0 
278 0 
278 0 
278 0 
278 0 
278 0 
278 0 
278 0 
278 0 
278 0 
278 0 
278 0 
278 0 
278 0 
278 0 
278 0 
278 0 
278 0 
278 0 
278 0 
278 0 
278 0 
278 0 
278 0 
278 0 
278 0 
278 0 
278 0 
278 0 
278 0 
278 0 
278 0 
278 0 
278 0 
278 0 
278 0 
278 0 
278 0 
278 0 
278 0 
278 0 
278 0 
278 0 
278 0 
278 0 
278 0 
278 0 
278 0 
278 0 
278 0 
278 0 
278 0 
278 0 
278 0 
278 0 
278 0 
278 0 
278 0 
278 0 
278 0 
278 0 
278 0 
278 0 
278 0 
278 0 
278 0 
278 0 
278 0 
278 0 
278 0 
278 0 
278 0 
278 0 
278 0 
278 0 
278 0 
278 0 
278 0 
278 0 
278 0 
278 0 
278 0 
278 0 
278 0 
278 0 
278 0 
278 0 
278 0 
278 0 
278 0 
278 0 
278 0 
278 0 
278 0 
278 0 
278 0 
278 0 
278 0 
278 0 
278 0 
278 0 
278 0 
278 0 
278 0 
278 0 
278 0 
278 0 
278 0 
278 0 
278 0 
278 0 
278 0 
278 0 
278 0 
278 0 
279 0 
279 0 
279 0 
279 0 
279 0 
279 0 
279 0 
279 0 
279 0 
279 0 
279 0 
279 0 
279 0 
279 0 
279 0 
279 0 
279 0 
279 0 
279 0 
279 0 
279 0 
279 0 
279 0 
279 0 
279 0 
279 0 
279 0 
279 0 
279 0 
279 0 
279 0 
279 0 
279 0 
279 0 
279 0 
279 0 
279 0 
279 0 
279 0 
279 0 
279 0 
279 0 
279 0 
279 0 
279 0 
279 0 
279 0 
279 0 
279 0 
279 0 
279 0 
279 0 
279 0 
279 0 
279 0 
279 0 
279 0 
279 0 
279 0 
279 0 
279 0 
279 0 
279 0 
279 0 
279 0 
279 0 
279 0 
279 0 
279 0 
279 0 
279 0 
279 0 
279 0 
279 0 
279 0 
279 0 
279 0 
279 0 
279 0 
279 0 
279 0 
279 0 
279 0 
279 0 
279 0 
279 0 
279 0 
279 0 
279 0 
279 0 
279 0 
279 0 
279 0 
279 0 
279 0 
279 0 
279 0 
279 0 
279 0 
279 0 
279 0 
279 0 
279 0 
279 0 
279 0 
279 0 
279 0 
279 0 
279 0 
279 0 
279 0 
279 0 
279 0 
279 0 
279 0 
279 0 
279 0 
279 0 
279 0 
279 0 
279 0 
279 0 
279 0 
279 0 
279 0 
279 0 
279 0 
279 0 
279 0 
279 0 
279 0 
279 0 
279 0 
279 0 
279 0 
279 0 
279 0 
279 0 
279 0 
279 0 
279 0 
279 0 
279 0 
279 0 
279 0 
279 0 
279 0 
279 0 
279 0 
279 0 
279 0 
279 0 
279 0 
279 0 
279 0 
279 0 
279 0 
279 0 
279 0 
279 0 
279 0 
279 0 
279 0 
279 0 
279 0 
279 0 
279 0 
279 0 
279 0 
279 0 
279 0 
279 0 
279 0 
279 0 
279 0 
279 0 
279 0 
279 0 
279 0 
279 0 
279 0 
279 0 
279 0 
279 0 
279 0 
279 0 
279 0 
279 0 
279 0 
279 0 
279 0 
279 0 
279 0 
279 0 
279 0 
279 0 
279 0 
279 0 
279 0 
279 0 
279 0 
279 0 
279 0 
279 0 
279 0 
279 0 
279 0 
279 0 
279 0 
279 0 
279 0 
279 0 
279 0 
279 0 
279 0 
279 0 
279 0 
279 0 
279 0 
279 0 
279 0 
279 0 
279 0 
279 0 
279 0 
279 0 
279 0 
279 0 
279 0 
279 0 
279 0 
279 0 
279 0 
279 0 
279 0 
279 0 
279 0 
279 0 
279 0 
279 0 
279 0 
279 0 
279 0 
279 0 
279 0 
279 0 
279 0 
279 0 
279 0 
279 0 
279 0 
279 0 
279 0 
279 0 
279 0 
279 0 
279 0 
279 0 
279 0 
279 0 
279 0 
279 0 
279 0 
279 0 
279 0 
279 0 
279 0 
279 0 
279 0 
279 0 
279 0 
279 0 
279 0 
279 0 
279 0 
279 0 
279 0 
279 0 
279 0 
279 0 
279 0 
279 0 
279 0 
279 0 
279 0 
279 0 
279 0 
279 0 
280 0 
280 0 
280 0 
280 0 
280 0 
280 0 
280 0 
280 0 
280 0 
280 0 
280 0 
280 0 
280 0 
280 0 
280 0 
280 0 
280 0 
280 0 
280 0 
280 0 
280 0 
280 0 
280 0 
280 0 
280 0 
280 0 
280 0 
280 0 
280 0 
280 0 
280 0 
280 0 
280 0 
280 0 
280 0 
280 0 
280 0 
280 0 
280 0 
280 0 
280 0 
280 0 
280 0 
280 0 
280 0 
280 0 
280 0 
280 0 
280 0 
280 0 
280 0 
280 0 
280 0 
280 0 
280 0 
280 0 
280 0 
280 0 
280 0 
280 0 
280 0 
280 0 
280 0 
280 0 
280 0 
280 0 
280 0 
280 0 
280 0 
280 0 
280 0 
280 0 
280 0 
280 0 
280 0 
280 0 
280 0 
280 0 
280 0 
280 0 
280 0 
280 0 
280 0 
280 0 
280 0 
280 0 
280 0 
280 0 
280 0 
280 0 
280 0 
280 0 
280 0 
280 0 
280 0 
280 0 
280 0 
280 0 
280 0 
280 0 
280 0 
280 0 
280 0 
280 0 
280 0 
280 0 
280 0 
280 0 
280 0 
280 0 
280 0 
280 0 
280 0 
280 0 
280 0 
280 0 
280 0 
280 0 
280 0 
280 0 
280 0 
280 0 
280 0 
280 0 
280 0 
280 0 
280 0 
280 0 
280 0 
280 0 
280 0 
280 0 
280 0 
280 0 
280 0 
280 0 
280 0 
280 0 
280 0 
280 0 
280 0 
280 0 
280 0 
280 0 
280 0 
280 0 
280 0 
280 0 
280 0 
280 0 
280 0 
280 0 
280 0 
280 0 
280 0 
280 0 
280 0 
280 0 
280 0 
280 0 
280 0 
280 0 
280 0 
280 0 
280 0 
280 0 
280 0 
280 0 
280 0 
280 0 
280 0 
280 0 
280 0 
280 0 
280 0 
280 0 
280 0 
280 0 
280 0 
280 0 
280 0 
280 0 
280 0 
280 0 
280 0 
280 0 
280 0 
280 0 
280 0 
280 0 
280 0 
280 0 
280 0 
280 0 
280 0 
280 0 
280 0 
280 0 
280 0 
280 0 
280 0 
280 0 
280 0 
280 0 
280 0 
280 0 
280 0 
280 0 
280 0 
280 0 
280 0 
280 0 
280 0 
280 0 
280 0 
280 0 
280 0 
280 0 
280 0 
280 0 
280 0 
280 0 
280 0 
280 0 
280 0 
280 0 
280 0 
280 0 
280 0 
280 0 
280 0 
280 0 
280 0 
280 0 
280 0 
280 0 
280 0 
280 0 
280 0 
280 0 
280 0 
280 0 
280 0 
280 0 
280 0 
280 0 
280 0 
280 0 
280 0 
280 0 
280 0 
280 0 
280 0 
280 0 
280 0 
280 0 
280 0 
280 0 
280 0 
280 0 
280 0 
280 0 
280 0 
280 0 
280 0 
280 0 
280 0 
280 0 
280 0 
280 0 
280 0 
280 0 
280 0 
280 0 
280 0 
280 0 
280 0 
280 0 
280 0 
280 0 
280 0 
280 0 
280 0 
280 0 
280 0 
280 0 
280 0 
280 0 
281 0 
281 0 
281 0 
281 0 
281 0 
281 0 
281 0 
281 0 
281 0 
281 0 
281 0 
281 0 
281 0 
281 0 
281 0 
281 0 
281 0 
281 0 
281 0 
281 0 
281 0 
281 0 
281 0 
281 0 
281 0 
281 0 
281 0 
281 0 
281 0 
281 0 
281 0 
281 0 
281 0 
281 0 
281 0 
281 0 
281 0 
281 0 
281 0 
281 0 
281 0 
281 0 
281 0 
281 0 
281 0 
281 0 
281 0 
281 0 
281 0 
281 0 
281 0 
281 0 
281 0 
281 0 
281 0 
281 0 
281 0 
281 0 
281 0 
281 0 
281 0 
281 0 
281 0 
281 0 
281 0 
281 0 
281 0 
281 0 
281 0 
281 0 
281 0 
281 0 
281 0 
281 0 
281 0 
281 0 
281 0 
281 0 
281 0 
281 0 
281 0 
281 0 
281 0 
281 0 
281 0 
281 0 
281 0 
281 0 
281 0 
281 0 
281 0 
281 0 
281 0 
281 0 
281 0 
281 0 
281 0 
281 0 
281 0 
281 0 
281 0 
281 0 
281 0 
281 0 
281 0 
281 0 
281 0 
281 0 
281 0 
281 0 
281 0 
281 0 
281 0 
281 0 
281 0 
281 0 
281 0 
281 0 
281 0 
281 0 
281 0 
281 0 
281 0 
281 0 
281 0 
281 0 
281 0 
281 0 
281 0 
281 0 
281 0 
281 0 
281 0 
281 0 
281 0 
281 0 
281 0 
281 0 
281 0 
281 0 
281 0 
281 0 
281 0 
281 0 
281 0 
281 0 
281 0 
281 0 
281 0 
281 0 
281 0 
281 0 
281 0 
281 0 
281 0 
281 0 
281 0 
281 0 
281 0 
281 0 
281 0 
281 0 
281 0 
281 0 
281 0 
281 0 
281 0 
281 0 
281 0 
281 0 
281 0 
281 0 
281 0 
281 0 
281 0 
281 0 
281 0 
281 0 
281 0 
281 0 
281 0 
281 0 
281 0 
281 0 
281 0 
281 0 
281 0 
281 0 
281 0 
281 0 
281 0 
281 0 
281 0 
281 0 
281 0 
281 0 
281 0 
281 0 
281 0 
281 0 
281 0 
281 0 
281 0 
281 0 
281 0 
281 0 
281 0 
281 0 
281 0 
281 0 
281 0 
281 0 
281 0 
281 0 
281 0 
281 0 
281 0 
281 0 
281 0 
281 0 
281 0 
281 0 
281 0 
281 0 
281 0 
281 0 
281 0 
281 0 
281 0 
281 0 
281 0 
281 0 
281 0 
281 0 
281 0 
281 0 
281 0 
281 0 
281 0 
281 0 
281 0 
281 0 
281 0 
281 0 
281 0 
281 0 
281 0 
281 0 
281 0 
281 0 
281 0 
281 0 
281 0 
281 0 
281 0 
281 0 
281 0 
281 0 
281 0 
281 0 
281 0 
281 0 
281 0 
281 0 
281 0 
281 0 
281 0 
281 0 
281 0 
281 0 
281 0 
281 0 
281 0 
281 0 
281 0 
281 0 
281 0 
281 0 
281 0 
281 0 
281 0 
281 0 
281 0 
281 0 
281 0 
281 0 
281 0 
281 0 
282 0 
282 0 
282 0 
282 0 
282 0 
282 0 
282 0 
282 0 
282 0 
282 0 
282 0 
282 0 
282 0 
282 0 
282 0 
282 0 
282 0 
282 0 
282 0 
282 0 
282 0 
282 0 
282 0 
282 0 
282 0 
282 0 
282 0 
282 0 
282 0 
282 0 
282 0 
282 0 
282 0 
282 0 
282 0 
282 0 
282 0 
282 0 
282 0 
282 0 
282 0 
282 0 
282 0 
282 0 
282 0 
282 0 
282 0 
282 0 
282 0 
282 0 
282 0 
282 0 
282 0 
282 0 
282 0 
282 0 
282 0 
282 0 
282 0 
282 0 
282 0 
282 0 
282 0 
282 0 
282 0 
282 0 
282 0 
282 0 
282 0 
282 0 
282 0 
282 0 
282 0 
282 0 
282 0 
282 0 
282 0 
282 0 
282 0 
282 0 
282 0 
282 0 
282 0 
282 0 
282 0 
282 0 
282 0 
282 0 
282 0 
282 0 
282 0 
282 0 
282 0 
282 0 
282 0 
282 0 
282 0 
282 0 
282 0 
282 0 
282 0 
282 0 
282 0 
282 0 
282 0 
282 0 
282 0 
282 0 
282 0 
282 0 
282 0 
282 0 
282 0 
282 0 
282 0 
282 0 
282 0 
282 0 
282 0 
282 0 
282 0 
282 0 
282 0 
282 0 
282 0 
282 0 
282 0 
282 0 
282 0 
282 0 
282 0 
282 0 
282 0 
282 0 
282 0 
282 0 
282 0 
282 0 
282 0 
282 0 
282 0 
282 0 
282 0 
282 0 
282 0 
282 0 
282 0 
282 0 
282 0 
282 0 
282 0 
282 0 
282 0 
282 0 
282 0 
282 0 
282 0 
282 0 
282 0 
282 0 
282 0 
282 0 
282 0 
282 0 
282 0 
282 0 
282 0 
282 0 
282 0 
282 0 
282 0 
282 0 
282 0 
282 0 
282 0 
282 0 
282 0 
282 0 
282 0 
282 0 
282 0 
282 0 
282 0 
282 0 
282 0 
282 0 
282 0 
282 0 
282 0 
282 0 
282 0 
282 0 
282 0 
282 0 
282 0 
282 0 
282 0 
282 0 
282 0 
282 0 
282 0 
282 0 
282 0 
282 0 
282 0 
282 0 
282 0 
282 0 
282 0 
282 0 
282 0 
282 0 
282 0 
282 0 
282 0 
282 0 
282 0 
282 0 
282 0 
282 0 
282 0 
282 0 
282 0 
282 0 
282 0 
282 0 
282 0 
282 0 
282 0 
282 0 
282 0 
282 0 
282 0 
282 0 
282 0 
282 0 
282 0 
282 0 
282 0 
282 0 
282 0 
282 0 
282 0 
282 0 
282 0 
282 0 
282 0 
282 0 
282 0 
282 0 
282 0 
282 0 
282 0 
282 0 
282 0 
282 0 
282 0 
282 0 
282 0 
282 0 
282 0 
282 0 
282 0 
282 0 
282 0 
282 0 
282 0 
282 0 
282 0 
282 0 
282 0 
282 0 
282 0 
282 0 
282 0 
282 0 
282 0 
282 0 
282 0 
282 0 
282 0 
282 0 
282 0 
282 0 
282 0 
282 0 
282 0 
282 0 
283 0 
283 0 
283 0 
283 0 
283 0 
283 0 
283 0 
283 0 
283 0 
283 0 
283 0 
283 0 
283 0 
283 0 
283 0 
283 0 
283 0 
283 0 
283 0 
283 0 
283 0 
283 0 
283 0 
283 0 
283 0 
283 0 
283 0 
283 0 
283 0 
283 0 
283 0 
283 0 
283 0 
283 0 
283 0 
283 0 
283 0 
283 0 
283 0 
283 0 
283 0 
283 0 
283 0 
283 0 
283 0 
283 0 
283 0 
283 0 
283 0 
283 0 
283 0 
283 0 
283 0 
283 0 
283 0 
283 0 
283 0 
283 0 
283 0 
283 0 
283 0 
283 0 
283 0 
283 0 
283 0 
283 0 
283 0 
283 0 
283 0 
283 0 
283 0 
283 0 
283 0 
283 0 
283 0 
283 0 
283 0 
283 0 
283 0 
283 0 
283 0 
283 0 
283 0 
283 0 
283 0 
283 0 
283 0 
283 0 
283 0 
283 0 
283 0 
283 0 
283 0 
283 0 
283 0 
283 0 
283 0 
283 0 
283 0 
283 0 
283 0 
283 0 
283 0 
283 0 
283 0 
283 0 
283 0 
283 0 
283 0 
283 0 
283 0 
283 0 
283 0 
283 0 
283 0 
283 0 
283 0 
283 0 
283 0 
283 0 
283 0 
283 0 
283 0 
283 0 
283 0 
283 0 
283 0 
283 0 
283 0 
283 0 
283 0 
283 0 
283 0 
283 0 
283 0 
283 0 
283 0 
283 0 
283 0 
283 0 
283 0 
283 0 
283 0 
283 0 
283 0 
283 0 
283 0 
283 0 
283 0 
283 0 
283 0 
283 0 
283 0 
283 0 
283 0 
283 0 
283 0 
283 0 
283 0 
283 0 
283 0 
283 0 
283 0 
283 0 
283 0 
283 0 
283 0 
283 0 
283 0 
283 0 
283 0 
283 0 
283 0 
283 0 
283 0 
283 0 
283 0 
283 0 
283 0 
283 0 
283 0 
283 0 
283 0 
283 0 
283 0 
283 0 
283 0 
283 0 
283 0 
283 0 
283 0 
283 0 
283 0 
283 0 
283 0 
283 0 
283 0 
283 0 
283 0 
283 0 
283 0 
283 0 
283 0 
283 0 
283 0 
283 0 
283 0 
283 0 
283 0 
283 0 
283 0 
283 0 
283 0 
283 0 
283 0 
283 0 
283 0 
283 0 
283 0 
283 0 
283 0 
283 0 
283 0 
283 0 
283 0 
283 0 
283 0 
283 0 
283 0 
283 0 
283 0 
283 0 
283 0 
283 0 
283 0 
283 0 
283 0 
283 0 
283 0 
283 0 
283 0 
283 0 
283 0 
283 0 
283 0 
283 0 
283 0 
283 0 
283 0 
283 0 
283 0 
283 0 
283 0 
283 0 
283 0 
283 0 
283 0 
283 0 
283 0 
283 0 
283 0 
283 0 
283 0 
283 0 
283 0 
283 0 
283 0 
283 0 
283 0 
283 0 
283 0 
283 0 
283 0 
283 0 
283 0 
283 0 
283 0 
283 0 
283 0 
283 0 
283 0 
283 0 
283 0 
283 0 
283 0 
283 0 
283 0 
283 0 
284 0 
284 0 
284 0 
284 0 
284 0 
284 0 
284 0 
284 0 
284 0 
284 0 
284 0 
284 0 
284 0 
284 0 
284 0 
284 0 
284 0 
284 0 
284 0 
284 0 
284 0 
284 0 
284 0 
284 0 
284 0 
284 0 
284 0 
284 0 
284 0 
284 0 
284 0 
284 0 
284 0 
284 0 
284 0 
284 0 
284 0 
284 0 
284 0 
284 0 
284 0 
284 0 
284 0 
284 0 
284 0 
284 0 
284 0 
284 0 
284 0 
284 0 
284 0 
284 0 
284 0 
284 0 
284 0 
284 0 
284 0 
284 0 
284 0 
284 0 
284 0 
284 0 
284 0 
284 0 
284 0 
284 0 
284 0 
284 0 
284 0 
284 0 
284 0 
284 0 
284 0 
284 0 
284 0 
284 0 
284 0 
284 0 
284 0 
284 0 
284 0 
284 0 
284 0 
284 0 
284 0 
284 0 
284 0 
284 0 
284 0 
284 0 
284 0 
284 0 
284 0 
284 0 
284 0 
284 0 
284 0 
284 0 
284 0 
284 0 
284 0 
284 0 
284 0 
284 0 
284 0 
284 0 
284 0 
284 0 
284 0 
284 0 
284 0 
284 0 
284 0 
284 0 
284 0 
284 0 
284 0 
284 0 
284 0 
284 0 
284 0 
284 0 
284 0 
284 0 
284 0 
284 0 
284 0 
284 0 
284 0 
284 0 
284 0 
284 0 
284 0 
284 0 
284 0 
284 0 
284 0 
284 0 
284 0 
284 0 
284 0 
284 0 
284 0 
284 0 
284 0 
284 0 
284 0 
284 0 
284 0 
284 0 
284 0 
284 0 
284 0 
284 0 
284 0 
284 0 
284 0 
284 0 
284 0 
284 0 
284 0 
284 0 
284 0 
284 0 
284 0 
284 0 
284 0 
284 0 
284 0 
284 0 
284 0 
284 0 
284 0 
284 0 
284 0 
284 0 
284 0 
284 0 
284 0 
284 0 
284 0 
284 0 
284 0 
284 0 
284 0 
284 0 
284 0 
284 0 
284 0 
284 0 
284 0 
284 0 
284 0 
284 0 
284 0 
284 0 
284 0 
284 0 
284 0 
284 0 
284 0 
284 0 
284 0 
284 0 
284 0 
284 0 
284 0 
284 0 
284 0 
284 0 
284 0 
284 0 
284 0 
284 0 
284 0 
284 0 
284 0 
284 0 
284 0 
284 0 
284 0 
284 0 
284 0 
284 0 
284 0 
284 0 
284 0 
284 0 
284 0 
284 0 
284 0 
284 0 
284 0 
284 0 
284 0 
284 0 
284 0 
284 0 
284 0 
284 0 
284 0 
284 0 
284 0 
284 0 
284 0 
284 0 
284 0 
284 0 
284 0 
284 0 
284 0 
284 0 
284 0 
284 0 
284 0 
284 0 
284 0 
284 0 
284 0 
284 0 
284 0 
284 0 
284 0 
284 0 
284 0 
284 0 
284 0 
284 0 
284 0 
284 0 
284 0 
284 0 
284 0 
284 0 
284 0 
284 0 
284 0 
284 0 
284 0 
284 0 
284 0 
284 0 
284 0 
284 0 
284 0 
284 0 
284 0 
284 0 
285 0 
285 0 
285 0 
285 0 
285 0 
285 0 
285 0 
285 0 
285 0 
285 0 
285 0 
285 0 
285 0 
285 0 
285 0 
285 0 
285 0 
285 0 
285 0 
285 0 
285 0 
285 0 
285 0 
285 0 
285 0 
285 0 
285 0 
285 0 
285 0 
285 0 
285 0 
285 0 
285 0 
285 0 
285 0 
285 0 
285 0 
285 0 
285 0 
285 0 
285 0 
285 0 
285 0 
285 0 
285 0 
285 0 
285 0 
285 0 
285 0 
285 0 
285 0 
285 0 
285 0 
285 0 
285 0 
285 0 
285 0 
285 0 
285 0 
285 0 
285 0 
285 0 
285 0 
285 0 
285 0 
285 0 
285 0 
285 0 
285 0 
285 0 
285 0 
285 0 
285 0 
285 0 
285 0 
285 0 
285 0 
285 0 
285 0 
285 0 
285 0 
285 0 
285 0 
285 0 
285 0 
285 0 
285 0 
285 0 
285 0 
285 0 
285 0 
285 0 
285 0 
285 0 
285 0 
285 0 
285 0 
285 0 
285 0 
285 0 
285 0 
285 0 
285 0 
285 0 
285 0 
285 0 
285 0 
285 0 
285 0 
285 0 
285 0 
285 0 
285 0 
285 0 
285 0 
285 0 
285 0 
285 0 
285 0 
285 0 
285 0 
285 0 
285 0 
285 0 
285 0 
285 0 
285 0 
285 0 
285 0 
285 0 
285 0 
285 0 
285 0 
285 0 
285 0 
285 0 
285 0 
285 0 
285 0 
285 0 
285 0 
285 0 
285 0 
285 0 
285 0 
285 0 
285 0 
285 0 
285 0 
285 0 
285 0 
285 0 
285 0 
285 0 
285 0 
285 0 
285 0 
285 0 
285 0 
285 0 
285 0 
285 0 
285 0 
285 0 
285 0 
285 0 
285 0 
285 0 
285 0 
285 0 
285 0 
285 0 
285 0 
285 0 
285 0 
285 0 
285 0 
285 0 
285 0 
285 0 
285 0 
285 0 
285 0 
285 0 
285 0 
285 0 
285 0 
285 0 
285 0 
285 0 
285 0 
285 0 
285 0 
285 0 
285 0 
285 0 
285 0 
285 0 
285 0 
285 0 
285 0 
285 0 
285 0 
285 0 
285 0 
285 0 
285 0 
285 0 
285 0 
285 0 
285 0 
285 0 
285 0 
285 0 
285 0 
285 0 
285 0 
285 0 
285 0 
285 0 
285 0 
285 0 
285 0 
285 0 
285 0 
285 0 
285 0 
285 0 
285 0 
285 0 
285 0 
285 0 
285 0 
285 0 
285 0 
285 0 
285 0 
285 0 
285 0 
285 0 
285 0 
285 0 
285 0 
285 0 
285 0 
285 0 
285 0 
285 0 
285 0 
285 0 
285 0 
285 0 
285 0 
285 0 
285 0 
285 0 
285 0 
285 0 
285 0 
285 0 
285 0 
285 0 
285 0 
285 0 
285 0 
285 0 
285 0 
285 0 
285 0 
285 0 
285 0 
285 0 
285 0 
285 0 
285 0 
285 0 
285 0 
285 0 
285 0 
285 0 
285 0 
285 0 
285 0 
285 0 
285 0 
285 0 
285 0 
285 0 
286 0 
286 0 
286 0 
286 0 
286 0 
286 0 
286 0 
286 0 
286 0 
286 0 
286 0 
286 0 
286 0 
286 0 
286 0 
286 0 
286 0 
286 0 
286 0 
286 0 
286 0 
286 0 
286 0 
286 0 
286 0 
286 0 
286 0 
286 0 
286 0 
286 0 
286 0 
286 0 
286 0 
286 0 
286 0 
286 0 
286 0 
286 0 
286 0 
286 0 
286 0 
286 0 
286 0 
286 0 
286 0 
286 0 
286 0 
286 0 
286 0 
286 0 
286 0 
286 0 
286 0 
286 0 
286 0 
286 0 
286 0 
286 0 
286 0 
286 0 
286 0 
286 0 
286 0 
286 0 
286 0 
286 0 
286 0 
286 0 
286 0 
286 0 
286 0 
286 0 
286 0 
286 0 
286 0 
286 0 
286 0 
286 0 
286 0 
286 0 
286 0 
286 0 
286 0 
286 0 
286 0 
286 0 
286 0 
286 0 
286 0 
286 0 
286 0 
286 0 
286 0 
286 0 
286 0 
286 0 
286 0 
286 0 
286 0 
286 0 
286 0 
286 0 
286 0 
286 0 
286 0 
286 0 
286 0 
286 0 
286 0 
286 0 
286 0 
286 0 
286 0 
286 0 
286 0 
286 0 
286 0 
286 0 
286 0 
286 0 
286 0 
286 0 
286 0 
286 0 
286 0 
286 0 
286 0 
286 0 
286 0 
286 0 
286 0 
286 0 
286 0 
286 0 
286 0 
286 0 
286 0 
286 0 
286 0 
286 0 
286 0 
286 0 
286 0 
286 0 
286 0 
286 0 
286 0 
286 0 
286 0 
286 0 
286 0 
286 0 
286 0 
286 0 
286 0 
286 0 
286 0 
286 0 
286 0 
286 0 
286 0 
286 0 
286 0 
286 0 
286 0 
286 0 
286 0 
286 0 
286 0 
286 0 
286 0 
286 0 
286 0 
286 0 
286 0 
286 0 
286 0 
286 0 
286 0 
286 0 
286 0 
286 0 
286 0 
286 0 
286 0 
286 0 
286 0 
286 0 
286 0 
286 0 
286 0 
286 0 
286 0 
286 0 
286 0 
286 0 
286 0 
286 0 
286 0 
286 0 
286 0 
286 0 
286 0 
286 0 
286 0 
286 0 
286 0 
286 0 
286 0 
286 0 
286 0 
286 0 
286 0 
286 0 
286 0 
286 0 
286 0 
286 0 
286 0 
286 0 
286 0 
286 0 
286 0 
286 0 
286 0 
286 0 
286 0 
286 0 
286 0 
286 0 
286 0 
286 0 
286 0 
286 0 
286 0 
286 0 
286 0 
286 0 
286 0 
286 0 
286 0 
286 0 
286 0 
286 0 
286 0 
286 0 
286 0 
286 0 
286 0 
286 0 
286 0 
286 0 
286 0 
286 0 
286 0 
286 0 
286 0 
286 0 
286 0 
286 0 
286 0 
286 0 
286 0 
286 0 
286 0 
286 0 
286 0 
286 0 
286 0 
286 0 
286 0 
286 0 
286 0 
286 0 
286 0 
286 0 
286 0 
286 0 
286 0 
286 0 
286 0 
286 0 
286 0 
286 0 
286 0 
286 0 
286 0 
286 0 
287 0 
287 0 
287 0 
287 0 
287 0 
287 0 
287 0 
287 0 
287 0 
287 0 
287 0 
287 0 
287 0 
287 0 
287 0 
287 0 
287 0 
287 0 
287 0 
287 0 
287 0 
287 0 
287 0 
287 0 
287 0 
287 0 
287 0 
287 0 
287 0 
287 0 
287 0 
287 0 
287 0 
287 0 
287 0 
287 0 
287 0 
287 0 
287 0 
287 0 
287 0 
287 0 
287 0 
287 0 
287 0 
287 0 
287 0 
287 0 
287 0 
287 0 
287 0 
287 0 
287 0 
287 0 
287 0 
287 0 
287 0 
287 0 
287 0 
287 0 
287 0 
287 0 
287 0 
287 0 
287 0 
287 0 
287 0 
287 0 
287 0 
287 0 
287 0 
287 0 
287 0 
287 0 
287 0 
287 0 
287 0 
287 0 
287 0 
287 0 
287 0 
287 0 
287 0 
287 0 
287 0 
287 0 
287 0 
287 0 
287 0 
287 0 
287 0 
287 0 
287 0 
287 0 
287 0 
287 0 
287 0 
287 0 
287 0 
287 0 
287 0 
287 0 
287 0 
287 0 
287 0 
287 0 
287 0 
287 0 
287 0 
287 0 
287 0 
287 0 
287 0 
287 0 
287 0 
287 0 
287 0 
287 0 
287 0 
287 0 
287 0 
287 0 
287 0 
287 0 
287 0 
287 0 
287 0 
287 0 
287 0 
287 0 
287 0 
287 0 
287 0 
287 0 
287 0 
287 0 
287 0 
287 0 
287 0 
287 0 
287 0 
287 0 
287 0 
287 0 
287 0 
287 0 
287 0 
287 0 
287 0 
287 0 
287 0 
287 0 
287 0 
287 0 
287 0 
287 0 
287 0 
287 0 
287 0 
287 0 
287 0 
287 0 
287 0 
287 0 
287 0 
287 0 
287 0 
287 0 
287 0 
287 0 
287 0 
287 0 
287 0 
287 0 
287 0 
287 0 
287 0 
287 0 
287 0 
287 0 
287 0 
287 0 
287 0 
287 0 
287 0 
287 0 
287 0 
287 0 
287 0 
287 0 
287 0 
287 0 
287 0 
287 0 
287 0 
287 0 
287 0 
287 0 
287 0 
287 0 
287 0 
287 0 
287 0 
287 0 
287 0 
287 0 
287 0 
287 0 
287 0 
287 0 
287 0 
287 0 
287 0 
287 0 
287 0 
287 0 
287 0 
287 0 
287 0 
287 0 
287 0 
287 0 
287 0 
287 0 
287 0 
287 0 
287 0 
287 0 
287 0 
287 0 
287 0 
287 0 
287 0 
287 0 
287 0 
287 0 
287 0 
287 0 
287 0 
287 0 
287 0 
287 0 
287 0 
287 0 
287 0 
287 0 
287 0 
287 0 
287 0 
287 0 
287 0 
287 0 
287 0 
287 0 
287 0 
287 0 
287 0 
287 0 
287 0 
287 0 
287 0 
287 0 
287 0 
287 0 
287 0 
287 0 
287 0 
287 0 
287 0 
287 0 
287 0 
287 0 
287 0 
287 0 
287 0 
287 0 
287 0 
287 0 
287 0 
287 0 
287 0 
287 0 
287 0 
287 0 
287 0 
287 0 
287 0 
287 0 
288 0 
288 0 
288 0 
288 0 
288 0 
288 0 
288 0 
288 0 
288 0 
288 0 
288 0 
288 0 
288 0 
288 0 
288 0 
288 0 
288 0 
288 0 
288 0 
288 0 
288 0 
288 0 
288 0 
288 0 
288 0 
288 0 
288 0 
288 0 
288 0 
288 0 
288 0 
288 0 
288 0 
288 0 
288 0 
288 0 
288 0 
288 0 
288 0 
288 0 
288 0 
288 0 
288 0 
288 0 
288 0 
288 0 
288 0 
288 0 
288 0 
288 0 
288 0 
288 0 
288 0 
288 0 
288 0 
288 0 
288 0 
288 0 
288 0 
288 0 
288 0 
288 0 
288 0 
288 0 
288 0 
288 0 
288 0 
288 0 
288 0 
288 0 
288 0 
288 0 
288 0 
288 0 
288 0 
288 0 
288 0 
288 0 
288 0 
288 0 
288 0 
288 0 
288 0 
288 0 
288 0 
288 0 
288 0 
288 0 
288 0 
288 0 
288 0 
288 0 
288 0 
288 0 
288 0 
288 0 
288 0 
288 0 
288 0 
288 0 
288 0 
288 0 
288 0 
288 0 
288 0 
288 0 
288 0 
288 0 
288 0 
288 0 
288 0 
288 0 
288 0 
288 0 
288 0 
288 0 
288 0 
288 0 
288 0 
288 0 
288 0 
288 0 
288 0 
288 0 
288 0 
288 0 
288 0 
288 0 
288 0 
288 0 
288 0 
288 0 
288 0 
288 0 
288 0 
288 0 
288 0 
288 0 
288 0 
288 0 
288 0 
288 0 
288 0 
288 0 
288 0 
288 0 
288 0 
288 0 
288 0 
288 0 
288 0 
288 0 
288 0 
288 0 
288 0 
288 0 
288 0 
288 0 
288 0 
288 0 
288 0 
288 0 
288 0 
288 0 
288 0 
288 0 
288 0 
288 0 
288 0 
288 0 
288 0 
288 0 
288 0 
288 0 
288 0 
288 0 
288 0 
288 0 
288 0 
288 0 
288 0 
288 0 
288 0 
288 0 
288 0 
288 0 
288 0 
288 0 
288 0 
288 0 
288 0 
288 0 
288 0 
288 0 
288 0 
288 0 
288 0 
288 0 
288 0 
288 0 
288 0 
288 0 
288 0 
288 0 
288 0 
288 0 
288 0 
288 0 
288 0 
288 0 
288 0 
288 0 
288 0 
288 0 
288 0 
288 0 
288 0 
288 0 
288 0 
288 0 
288 0 
288 0 
288 0 
288 0 
288 0 
288 0 
288 0 
288 0 
288 0 
288 0 
288 0 
288 0 
288 0 
288 0 
288 0 
288 0 
288 0 
288 0 
288 0 
288 0 
288 0 
288 0 
288 0 
288 0 
288 0 
288 0 
288 0 
288 0 
288 0 
288 0 
288 0 
288 0 
288 0 
288 0 
288 0 
288 0 
288 0 
288 0 
288 0 
288 0 
288 0 
288 0 
288 0 
288 0 
288 0 
288 0 
288 0 
288 0 
288 0 
288 0 
288 0 
288 0 
288 0 
288 0 
288 0 
288 0 
288 0 
288 0 
288 0 
288 0 
288 0 
288 0 
288 0 
288 0 
288 0 
288 0 
288 0 
288 0 
289 0 
289 0 
289 0 
289 0 
289 0 
289 0 
289 0 
289 0 
289 0 
289 0 
289 0 
289 0 
289 0 
289 0 
289 0 
289 0 
289 0 
289 0 
289 0 
289 0 
289 0 
289 0 
289 0 
289 0 
289 0 
289 0 
289 0 
289 0 
289 0 
289 0 
289 0 
289 0 
289 0 
289 0 
289 0 
289 0 
289 0 
289 0 
289 0 
289 0 
289 0 
289 0 
289 0 
289 0 
289 0 
289 0 
289 0 
289 0 
289 0 
289 0 
289 0 
289 0 
289 0 
289 0 
289 0 
289 0 
289 0 
289 0 
289 0 
289 0 
289 0 
289 0 
289 0 
289 0 
289 0 
289 0 
289 0 
289 0 
289 0 
289 0 
289 0 
289 0 
289 0 
289 0 
289 0 
289 0 
289 0 
289 0 
289 0 
289 0 
289 0 
289 0 
289 0 
289 0 
289 0 
289 0 
289 0 
289 0 
289 0 
289 0 
289 0 
289 0 
289 0 
289 0 
289 0 
289 0 
289 0 
289 0 
289 0 
289 0 
289 0 
289 0 
289 0 
289 0 
289 0 
289 0 
289 0 
289 0 
289 0 
289 0 
289 0 
289 0 
289 0 
289 0 
289 0 
289 0 
289 0 
289 0 
289 0 
289 0 
289 0 
289 0 
289 0 
289 0 
289 0 
289 0 
289 0 
289 0 
289 0 
289 0 
289 0 
289 0 
289 0 
289 0 
289 0 
289 0 
289 0 
289 0 
289 0 
289 0 
289 0 
289 0 
289 0 
289 0 
289 0 
289 0 
289 0 
289 0 
289 0 
289 0 
289 0 
289 0 
289 0 
289 0 
289 0 
289 0 
289 0 
289 0 
289 0 
289 0 
289 0 
289 0 
289 0 
289 0 
289 0 
289 0 
289 0 
289 0 
289 0 
289 0 
289 0 
289 0 
289 0 
289 0 
289 0 
289 0 
289 0 
289 0 
289 0 
289 0 
289 0 
289 0 
289 0 
289 0 
289 0 
289 0 
289 0 
289 0 
289 0 
289 0 
289 0 
289 0 
289 0 
289 0 
289 0 
289 0 
289 0 
289 0 
289 0 
289 0 
289 0 
289 0 
289 0 
289 0 
289 0 
289 0 
289 0 
289 0 
289 0 
289 0 
289 0 
289 0 
289 0 
289 0 
289 0 
289 0 
289 0 
289 0 
289 0 
289 0 
289 0 
289 0 
289 0 
289 0 
289 0 
289 0 
289 0 
289 0 
289 0 
289 0 
289 0 
289 0 
289 0 
289 0 
289 0 
289 0 
289 0 
289 0 
289 0 
289 0 
289 0 
289 0 
289 0 
289 0 
289 0 
289 0 
289 0 
289 0 
289 0 
289 0 
289 0 
289 0 
289 0 
289 0 
289 0 
289 0 
289 0 
289 0 
289 0 
289 0 
289 0 
289 0 
289 0 
289 0 
289 0 
289 0 
289 0 
289 0 
289 0 
289 0 
289 0 
289 0 
289 0 
289 0 
289 0 
289 0 
289 0 
289 0 
289 0 
289 0 
289 0 
289 0 
289 0 
289 0 
289 0 
289 0 
289 0 
289 0 
290 0 
290 0 
290 0 
290 0 
290 0 
290 0 
290 0 
290 0 
290 0 
290 0 
290 0 
290 0 
290 0 
290 0 
290 0 
290 0 
290 0 
290 0 
290 0 
290 0 
290 0 
290 0 
290 0 
290 0 
290 0 
290 0 
290 0 
290 0 
290 0 
290 0 
290 0 
290 0 
290 0 
290 0 
290 0 
290 0 
290 0 
290 0 
290 0 
290 0 
290 0 
290 0 
290 0 
290 0 
290 0 
290 0 
290 0 
290 0 
290 0 
290 0 
290 0 
290 0 
290 0 
290 0 
290 0 
290 0 
290 0 
290 0 
290 0 
290 0 
290 0 
290 0 
290 0 
290 0 
290 0 
290 0 
290 0 
290 0 
290 0 
290 0 
290 0 
290 0 
290 0 
290 0 
290 0 
290 0 
290 0 
290 0 
290 0 
290 0 
290 0 
290 0 
290 0 
290 0 
290 0 
290 0 
290 0 
290 0 
290 0 
290 0 
290 0 
290 0 
290 0 
290 0 
290 0 
290 0 
290 0 
290 0 
290 0 
290 0 
290 0 
290 0 
290 0 
290 0 
290 0 
290 0 
290 0 
290 0 
290 0 
290 0 
290 0 
290 0 
290 0 
290 0 
290 0 
290 0 
290 0 
290 0 
290 0 
290 0 
290 0 
290 0 
290 0 
290 0 
290 0 
290 0 
290 0 
290 0 
290 0 
290 0 
290 0 
290 0 
290 0 
290 0 
290 0 
290 0 
290 0 
290 0 
290 0 
290 0 
290 0 
290 0 
290 0 
290 0 
290 0 
290 0 
290 0 
290 0 
290 0 
290 0 
290 0 
290 0 
290 0 
290 0 
290 0 
290 0 
290 0 
290 0 
290 0 
290 0 
290 0 
290 0 
290 0 
290 0 
290 0 
290 0 
290 0 
290 0 
290 0 
290 0 
290 0 
290 0 
290 0 
290 0 
290 0 
290 0 
290 0 
290 0 
290 0 
290 0 
290 0 
290 0 
290 0 
290 0 
290 0 
290 0 
290 0 
290 0 
290 0 
290 0 
290 0 
290 0 
290 0 
290 0 
290 0 
290 0 
290 0 
290 0 
290 0 
290 0 
290 0 
290 0 
290 0 
290 0 
290 0 
290 0 
290 0 
290 0 
290 0 
290 0 
290 0 
290 0 
290 0 
290 0 
290 0 
290 0 
290 0 
290 0 
290 0 
290 0 
290 0 
290 0 
290 0 
290 0 
290 0 
290 0 
290 0 
290 0 
290 0 
290 0 
290 0 
290 0 
290 0 
290 0 
290 0 
290 0 
290 0 
290 0 
290 0 
290 0 
290 0 
290 0 
290 0 
290 0 
290 0 
290 0 
290 0 
290 0 
290 0 
290 0 
290 0 
290 0 
290 0 
290 0 
290 0 
290 0 
290 0 
290 0 
290 0 
290 0 
290 0 
290 0 
290 0 
290 0 
290 0 
290 0 
290 0 
290 0 
290 0 
290 0 
290 0 
290 0 
290 0 
290 0 
290 0 
290 0 
290 0 
290 0 
290 0 
290 0 
290 0 
290 0 
290 0 
290 0 
290 0 
290 0 
290 0 
290 0 
291 0 
291 0 
291 0 
291 0 
291 0 
291 0 
291 0 
291 0 
291 0 
291 0 
291 0 
291 0 
291 0 
291 0 
291 0 
291 0 
291 0 
291 0 
291 0 
291 0 
291 0 
291 0 
291 0 
291 0 
291 0 
291 0 
291 0 
291 0 
291 0 
291 0 
291 0 
291 0 
291 0 
291 0 
291 0 
291 0 
291 0 
291 0 
291 0 
291 0 
291 0 
291 0 
291 0 
291 0 
291 0 
291 0 
291 0 
291 0 
291 0 
291 0 
291 0 
291 0 
291 0 
291 0 
291 0 
291 0 
291 0 
291 0 
291 0 
291 0 
291 0 
291 0 
291 0 
291 0 
291 0 
291 0 
291 0 
291 0 
291 0 
291 0 
291 0 
291 0 
291 0 
291 0 
291 0 
291 0 
291 0 
291 0 
291 0 
291 0 
291 0 
291 0 
291 0 
291 0 
291 0 
291 0 
291 0 
291 0 
291 0 
291 0 
291 0 
291 0 
291 0 
291 0 
291 0 
291 0 
291 0 
291 0 
291 0 
291 0 
291 0 
291 0 
291 0 
291 0 
291 0 
291 0 
291 0 
291 0 
291 0 
291 0 
291 0 
291 0 
291 0 
291 0 
291 0 
291 0 
291 0 
291 0 
291 0 
291 0 
291 0 
291 0 
291 0 
291 0 
291 0 
291 0 
291 0 
291 0 
291 0 
291 0 
291 0 
291 0 
291 0 
291 0 
291 0 
291 0 
291 0 
291 0 
291 0 
291 0 
291 0 
291 0 
291 0 
291 0 
291 0 
291 0 
291 0 
291 0 
291 0 
291 0 
291 0 
291 0 
291 0 
291 0 
291 0 
291 0 
291 0 
291 0 
291 0 
291 0 
291 0 
291 0 
291 0 
291 0 
291 0 
291 0 
291 0 
291 0 
291 0 
291 0 
291 0 
291 0 
291 0 
291 0 
291 0 
291 0 
291 0 
291 0 
291 0 
291 0 
291 0 
291 0 
291 0 
291 0 
291 0 
291 0 
291 0 
291 0 
291 0 
291 0 
291 0 
291 0 
291 0 
291 0 
291 0 
291 0 
291 0 
291 0 
291 0 
291 0 
291 0 
291 0 
291 0 
291 0 
291 0 
291 0 
291 0 
291 0 
291 0 
291 0 
291 0 
291 0 
291 0 
291 0 
291 0 
291 0 
291 0 
291 0 
291 0 
291 0 
291 0 
291 0 
291 0 
291 0 
291 0 
291 0 
291 0 
291 0 
291 0 
291 0 
291 0 
291 0 
291 0 
291 0 
291 0 
291 0 
291 0 
291 0 
291 0 
291 0 
291 0 
291 0 
291 0 
291 0 
291 0 
291 0 
291 0 
291 0 
291 0 
291 0 
291 0 
291 0 
291 0 
291 0 
291 0 
291 0 
291 0 
291 0 
291 0 
291 0 
291 0 
291 0 
291 0 
291 0 
291 0 
291 0 
291 0 
291 0 
291 0 
291 0 
291 0 
291 0 
291 0 
291 0 
291 0 
291 0 
291 0 
291 0 
291 0 
291 0 
291 0 
291 0 
291 0 
291 0 
291 0 
291 0 
291 0 
291 0 
292 0 
292 0 
292 0 
292 0 
292 0 
292 0 
292 0 
292 0 
292 0 
292 0 
292 0 
292 0 
292 0 
292 0 
292 0 
292 0 
292 0 
292 0 
292 0 
292 0 
292 0 
292 0 
292 0 
292 0 
292 0 
292 0 
292 0 
292 0 
292 0 
292 0 
292 0 
292 0 
292 0 
292 0 
292 0 
292 0 
292 0 
292 0 
292 0 
292 0 
292 0 
292 0 
292 0 
292 0 
292 0 
292 0 
292 0 
292 0 
292 0 
292 0 
292 0 
292 0 
292 0 
292 0 
292 0 
292 0 
292 0 
292 0 
292 0 
292 0 
292 0 
292 0 
292 0 
292 0 
292 0 
292 0 
292 0 
292 0 
292 0 
292 0 
292 0 
292 0 
292 0 
292 0 
292 0 
292 0 
292 0 
292 0 
292 0 
292 0 
292 0 
292 0 
292 0 
292 0 
292 0 
292 0 
292 0 
292 0 
292 0 
292 0 
292 0 
292 0 
292 0 
292 0 
292 0 
292 0 
292 0 
292 0 
292 0 
292 0 
292 0 
292 0 
292 0 
292 0 
292 0 
292 0 
292 0 
292 0 
292 0 
292 0 
292 0 
292 0 
292 0 
292 0 
292 0 
292 0 
292 0 
292 0 
292 0 
292 0 
292 0 
292 0 
292 0 
292 0 
292 0 
292 0 
292 0 
292 0 
292 0 
292 0 
292 0 
292 0 
292 0 
292 0 
292 0 
292 0 
292 0 
292 0 
292 0 
292 0 
292 0 
292 0 
292 0 
292 0 
292 0 
292 0 
292 0 
292 0 
292 0 
292 0 
292 0 
292 0 
292 0 
292 0 
292 0 
292 0 
292 0 
292 0 
292 0 
292 0 
292 0 
292 0 
292 0 
292 0 
292 0 
292 0 
292 0 
292 0 
292 0 
292 0 
292 0 
292 0 
292 0 
292 0 
292 0 
292 0 
292 0 
292 0 
292 0 
292 0 
292 0 
292 0 
292 0 
292 0 
292 0 
292 0 
292 0 
292 0 
292 0 
292 0 
292 0 
292 0 
292 0 
292 0 
292 0 
292 0 
292 0 
292 0 
292 0 
292 0 
292 0 
292 0 
292 0 
292 0 
292 0 
292 0 
292 0 
292 0 
292 0 
292 0 
292 0 
292 0 
292 0 
292 0 
292 0 
292 0 
292 0 
292 0 
292 0 
292 0 
292 0 
292 0 
292 0 
292 0 
292 0 
292 0 
292 0 
292 0 
292 0 
292 0 
292 0 
292 0 
292 0 
292 0 
292 0 
292 0 
292 0 
292 0 
292 0 
292 0 
292 0 
292 0 
292 0 
292 0 
292 0 
292 0 
292 0 
292 0 
292 0 
292 0 
292 0 
292 0 
292 0 
292 0 
292 0 
292 0 
292 0 
292 0 
292 0 
292 0 
292 0 
292 0 
292 0 
292 0 
292 0 
292 0 
292 0 
292 0 
292 0 
292 0 
292 0 
292 0 
292 0 
292 0 
292 0 
292 0 
292 0 
292 0 
292 0 
292 0 
292 0 
292 0 
292 0 
292 0 
292 0 
292 0 
292 0 
292 0 
293 0 
293 0 
293 0 
293 0 
293 0 
293 0 
293 0 
293 0 
293 0 
293 0 
293 0 
293 0 
293 0 
293 0 
293 0 
293 0 
293 0 
293 0 
293 0 
293 0 
293 0 
293 0 
293 0 
293 0 
293 0 
293 0 
293 0 
293 0 
293 0 
293 0 
293 0 
293 0 
293 0 
293 0 
293 0 
293 0 
293 0 
293 0 
293 0 
293 0 
293 0 
293 0 
293 0 
293 0 
293 0 
293 0 
293 0 
293 0 
293 0 
293 0 
293 0 
293 0 
293 0 
293 0 
293 0 
293 0 
293 0 
293 0 
293 0 
293 0 
293 0 
293 0 
293 0 
293 0 
293 0 
293 0 
293 0 
293 0 
293 0 
293 0 
293 0 
293 0 
293 0 
293 0 
293 0 
293 0 
293 0 
293 0 
293 0 
293 0 
293 0 
293 0 
293 0 
293 0 
293 0 
293 0 
293 0 
293 0 
293 0 
293 0 
293 0 
293 0 
293 0 
293 0 
293 0 
293 0 
293 0 
293 0 
293 0 
293 0 
293 0 
293 0 
293 0 
293 0 
293 0 
293 0 
293 0 
293 0 
293 0 
293 0 
293 0 
293 0 
293 0 
293 0 
293 0 
293 0 
293 0 
293 0 
293 0 
293 0 
293 0 
293 0 
293 0 
293 0 
293 0 
293 0 
293 0 
293 0 
293 0 
293 0 
293 0 
293 0 
293 0 
293 0 
293 0 
293 0 
293 0 
293 0 
293 0 
293 0 
293 0 
293 0 
293 0 
293 0 
293 0 
293 0 
293 0 
293 0 
293 0 
293 0 
293 0 
293 0 
293 0 
293 0 
293 0 
293 0 
293 0 
293 0 
293 0 
293 0 
293 0 
293 0 
293 0 
293 0 
293 0 
293 0 
293 0 
293 0 
293 0 
293 0 
293 0 
293 0 
293 0 
293 0 
293 0 
293 0 
293 0 
293 0 
293 0 
293 0 
293 0 
293 0 
293 0 
293 0 
293 0 
293 0 
293 0 
293 0 
293 0 
293 0 
293 0 
293 0 
293 0 
293 0 
293 0 
293 0 
293 0 
293 0 
293 0 
293 0 
293 0 
293 0 
293 0 
293 0 
293 0 
293 0 
293 0 
293 0 
293 0 
293 0 
293 0 
293 0 
293 0 
293 0 
293 0 
293 0 
293 0 
293 0 
293 0 
293 0 
293 0 
293 0 
293 0 
293 0 
293 0 
293 0 
293 0 
293 0 
293 0 
293 0 
293 0 
293 0 
293 0 
293 0 
293 0 
293 0 
293 0 
293 0 
293 0 
293 0 
293 0 
293 0 
293 0 
293 0 
293 0 
293 0 
293 0 
293 0 
293 0 
293 0 
293 0 
293 0 
293 0 
293 0 
293 0 
293 0 
293 0 
293 0 
293 0 
293 0 
293 0 
293 0 
293 0 
293 0 
293 0 
293 0 
293 0 
293 0 
293 0 
293 0 
293 0 
293 0 
293 0 
293 0 
293 0 
293 0 
293 0 
293 0 
293 0 
293 0 
293 0 
293 0 
293 0 
293 0 
293 0 
293 0 
293 0 
293 0 
294 0 
294 0 
294 0 
294 0 
294 0 
294 0 
294 0 
294 0 
294 0 
294 0 
294 0 
294 0 
294 0 
294 0 
294 0 
294 0 
294 0 
294 0 
294 0 
294 0 
294 0 
294 0 
294 0 
294 0 
294 0 
294 0 
294 0 
294 0 
294 0 
294 0 
294 0 
294 0 
294 0 
294 0 
294 0 
294 0 
294 0 
294 0 
294 0 
294 0 
294 0 
294 0 
294 0 
294 0 
294 0 
294 0 
294 0 
294 0 
294 0 
294 0 
294 0 
294 0 
294 0 
294 0 
294 0 
294 0 
294 0 
294 0 
294 0 
294 0 
294 0 
294 0 
294 0 
294 0 
294 0 
294 0 
294 0 
294 0 
294 0 
294 0 
294 0 
294 0 
294 0 
294 0 
294 0 
294 0 
294 0 
294 0 
294 0 
294 0 
294 0 
294 0 
294 0 
294 0 
294 0 
294 0 
294 0 
294 0 
294 0 
294 0 
294 0 
294 0 
294 0 
294 0 
294 0 
294 0 
294 0 
294 0 
294 0 
294 0 
294 0 
294 0 
294 0 
294 0 
294 0 
294 0 
294 0 
294 0 
294 0 
294 0 
294 0 
294 0 
294 0 
294 0 
294 0 
294 0 
294 0 
294 0 
294 0 
294 0 
294 0 
294 0 
294 0 
294 0 
294 0 
294 0 
294 0 
294 0 
294 0 
294 0 
294 0 
294 0 
294 0 
294 0 
294 0 
294 0 
294 0 
294 0 
294 0 
294 0 
294 0 
294 0 
294 0 
294 0 
294 0 
294 0 
294 0 
294 0 
294 0 
294 0 
294 0 
294 0 
294 0 
294 0 
294 0 
294 0 
294 0 
294 0 
294 0 
294 0 
294 0 
294 0 
294 0 
294 0 
294 0 
294 0 
294 0 
294 0 
294 0 
294 0 
294 0 
294 0 
294 0 
294 0 
294 0 
294 0 
294 0 
294 0 
294 0 
294 0 
294 0 
294 0 
294 0 
294 0 
294 0 
294 0 
294 0 
294 0 
294 0 
294 0 
294 0 
294 0 
294 0 
294 0 
294 0 
294 0 
294 0 
294 0 
294 0 
294 0 
294 0 
294 0 
294 0 
294 0 
294 0 
294 0 
294 0 
294 0 
294 0 
294 0 
294 0 
294 0 
294 0 
294 0 
294 0 
294 0 
294 0 
294 0 
294 0 
294 0 
294 0 
294 0 
294 0 
294 0 
294 0 
294 0 
294 0 
294 0 
294 0 
294 0 
294 0 
294 0 
294 0 
294 0 
294 0 
294 0 
294 0 
294 0 
294 0 
294 0 
294 0 
294 0 
294 0 
294 0 
294 0 
294 0 
294 0 
294 0 
294 0 
294 0 
294 0 
294 0 
294 0 
294 0 
294 0 
294 0 
294 0 
294 0 
294 0 
294 0 
294 0 
294 0 
294 0 
294 0 
294 0 
294 0 
294 0 
294 0 
294 0 
294 0 
294 0 
294 0 
294 0 
294 0 
294 0 
294 0 
294 0 
294 0 
294 0 
294 0 
294 0 
294 0 
294 0 
294 0 
294 0 
294 0 
294 0 
294 0 
295 0 
295 0 
295 0 
295 0 
295 0 
295 0 
295 0 
295 0 
295 0 
295 0 
295 0 
295 0 
295 0 
295 0 
295 0 
295 0 
295 0 
295 0 
295 0 
295 0 
295 0 
295 0 
295 0 
295 0 
295 0 
295 0 
295 0 
295 0 
295 0 
295 0 
295 0 
295 0 
295 0 
295 0 
295 0 
295 0 
295 0 
295 0 
295 0 
295 0 
295 0 
295 0 
295 0 
295 0 
295 0 
295 0 
295 0 
295 0 
295 0 
295 0 
295 0 
295 0 
295 0 
295 0 
295 0 
295 0 
295 0 
295 0 
295 0 
295 0 
295 0 
295 0 
295 0 
295 0 
295 0 
295 0 
295 0 
295 0 
295 0 
295 0 
295 0 
295 0 
295 0 
295 0 
295 0 
295 0 
295 0 
295 0 
295 0 
295 0 
295 0 
295 0 
295 0 
295 0 
295 0 
295 0 
295 0 
295 0 
295 0 
295 0 
295 0 
295 0 
295 0 
295 0 
295 0 
295 0 
295 0 
295 0 
295 0 
295 0 
295 0 
295 0 
295 0 
295 0 
295 0 
295 0 
295 0 
295 0 
295 0 
295 0 
295 0 
295 0 
295 0 
295 0 
295 0 
295 0 
295 0 
295 0 
295 0 
295 0 
295 0 
295 0 
295 0 
295 0 
295 0 
295 0 
295 0 
295 0 
295 0 
295 0 
295 0 
295 0 
295 0 
295 0 
295 0 
295 0 
295 0 
295 0 
295 0 
295 0 
295 0 
295 0 
295 0 
295 0 
295 0 
295 0 
295 0 
295 0 
295 0 
295 0 
295 0 
295 0 
295 0 
295 0 
295 0 
295 0 
295 0 
295 0 
295 0 
295 0 
295 0 
295 0 
295 0 
295 0 
295 0 
295 0 
295 0 
295 0 
295 0 
295 0 
295 0 
295 0 
295 0 
295 0 
295 0 
295 0 
295 0 
295 0 
295 0 
295 0 
295 0 
295 0 
295 0 
295 0 
295 0 
295 0 
295 0 
295 0 
295 0 
295 0 
295 0 
295 0 
295 0 
295 0 
295 0 
295 0 
295 0 
295 0 
295 0 
295 0 
295 0 
295 0 
295 0 
295 0 
295 0 
295 0 
295 0 
295 0 
295 0 
295 0 
295 0 
295 0 
295 0 
295 0 
295 0 
295 0 
295 0 
295 0 
295 0 
295 0 
295 0 
295 0 
295 0 
295 0 
295 0 
295 0 
295 0 
295 0 
295 0 
295 0 
295 0 
295 0 
295 0 
295 0 
295 0 
295 0 
295 0 
295 0 
295 0 
295 0 
295 0 
295 0 
295 0 
295 0 
295 0 
295 0 
295 0 
295 0 
295 0 
295 0 
295 0 
295 0 
295 0 
295 0 
295 0 
295 0 
295 0 
295 0 
295 0 
295 0 
295 0 
295 0 
295 0 
295 0 
295 0 
295 0 
295 0 
295 0 
295 0 
295 0 
295 0 
295 0 
295 0 
295 0 
295 0 
295 0 
295 0 
295 0 
295 0 
295 0 
295 0 
295 0 
295 0 
295 0 
295 0 
295 0 
295 0 
295 0 
296 0 
296 0 
296 0 
296 0 
296 0 
296 0 
296 0 
296 0 
296 0 
296 0 
296 0 
296 0 
296 0 
296 0 
296 0 
296 0 
296 0 
296 0 
296 0 
296 0 
296 0 
296 0 
296 0 
296 0 
296 0 
296 0 
296 0 
296 0 
296 0 
296 0 
296 0 
296 0 
296 0 
296 0 
296 0 
296 0 
296 0 
296 0 
296 0 
296 0 
296 0 
296 0 
296 0 
296 0 
296 0 
296 0 
296 0 
296 0 
296 0 
296 0 
296 0 
296 0 
296 0 
296 0 
296 0 
296 0 
296 0 
296 0 
296 0 
296 0 
296 0 
296 0 
296 0 
296 0 
296 0 
296 0 
296 0 
296 0 
296 0 
296 0 
296 0 
296 0 
296 0 
296 0 
296 0 
296 0 
296 0 
296 0 
296 0 
296 0 
296 0 
296 0 
296 0 
296 0 
296 0 
296 0 
296 0 
296 0 
296 0 
296 0 
296 0 
296 0 
296 0 
296 0 
296 0 
296 0 
296 0 
296 0 
296 0 
296 0 
296 0 
296 0 
296 0 
296 0 
296 0 
296 0 
296 0 
296 0 
296 0 
296 0 
296 0 
296 0 
296 0 
296 0 
296 0 
296 0 
296 0 
296 0 
296 0 
296 0 
296 0 
296 0 
296 0 
296 0 
296 0 
296 0 
296 0 
296 0 
296 0 
296 0 
296 0 
296 0 
296 0 
296 0 
296 0 
296 0 
296 0 
296 0 
296 0 
296 0 
296 0 
296 0 
296 0 
296 0 
296 0 
296 0 
296 0 
296 0 
296 0 
296 0 
296 0 
296 0 
296 0 
296 0 
296 0 
296 0 
296 0 
296 0 
296 0 
296 0 
296 0 
296 0 
296 0 
296 0 
296 0 
296 0 
296 0 
296 0 
296 0 
296 0 
296 0 
296 0 
296 0 
296 0 
296 0 
296 0 
296 0 
296 0 
296 0 
296 0 
296 0 
296 0 
296 0 
296 0 
296 0 
296 0 
296 0 
296 0 
296 0 
296 0 
296 0 
296 0 
296 0 
296 0 
296 0 
296 0 
296 0 
296 0 
296 0 
296 0 
296 0 
296 0 
296 0 
296 0 
296 0 
296 0 
296 0 
296 0 
296 0 
296 0 
296 0 
296 0 
296 0 
296 0 
296 0 
296 0 
296 0 
296 0 
296 0 
296 0 
296 0 
296 0 
296 0 
296 0 
296 0 
296 0 
296 0 
296 0 
296 0 
296 0 
296 0 
296 0 
296 0 
296 0 
296 0 
296 0 
296 0 
296 0 
296 0 
296 0 
296 0 
296 0 
296 0 
296 0 
296 0 
296 0 
296 0 
296 0 
296 0 
296 0 
296 0 
296 0 
296 0 
296 0 
296 0 
296 0 
296 0 
296 0 
296 0 
296 0 
296 0 
296 0 
296 0 
296 0 
296 0 
296 0 
296 0 
296 0 
296 0 
296 0 
296 0 
296 0 
296 0 
296 0 
296 0 
296 0 
296 0 
296 0 
296 0 
296 0 
296 0 
296 0 
296 0 
296 0 
296 0 
296 0 
296 0 
296 0 
297 0 
297 0 
297 0 
297 0 
297 0 
297 0 
297 0 
297 0 
297 0 
297 0 
297 0 
297 0 
297 0 
297 0 
297 0 
297 0 
297 0 
297 0 
297 0 
297 0 
297 0 
297 0 
297 0 
297 0 
297 0 
297 0 
297 0 
297 0 
297 0 
297 0 
297 0 
297 0 
297 0 
297 0 
297 0 
297 0 
297 0 
297 0 
297 0 
297 0 
297 0 
297 0 
297 0 
297 0 
297 0 
297 0 
297 0 
297 0 
297 0 
297 0 
297 0 
297 0 
297 0 
297 0 
297 0 
297 0 
297 0 
297 0 
297 0 
297 0 
297 0 
297 0 
297 0 
297 0 
297 0 
297 0 
297 0 
297 0 
297 0 
297 0 
297 0 
297 0 
297 0 
297 0 
297 0 
297 0 
297 0 
297 0 
297 0 
297 0 
297 0 
297 0 
297 0 
297 0 
297 0 
297 0 
297 0 
297 0 
297 0 
297 0 
297 0 
297 0 
297 0 
297 0 
297 0 
297 0 
297 0 
297 0 
297 0 
297 0 
297 0 
297 0 
297 0 
297 0 
297 0 
297 0 
297 0 
297 0 
297 0 
297 0 
297 0 
297 0 
297 0 
297 0 
297 0 
297 0 
297 0 
297 0 
297 0 
297 0 
297 0 
297 0 
297 0 
297 0 
297 0 
297 0 
297 0 
297 0 
297 0 
297 0 
297 0 
297 0 
297 0 
297 0 
297 0 
297 0 
297 0 
297 0 
297 0 
297 0 
297 0 
297 0 
297 0 
297 0 
297 0 
297 0 
297 0 
297 0 
297 0 
297 0 
297 0 
297 0 
297 0 
297 0 
297 0 
297 0 
297 0 
297 0 
297 0 
297 0 
297 0 
297 0 
297 0 
297 0 
297 0 
297 0 
297 0 
297 0 
297 0 
297 0 
297 0 
297 0 
297 0 
297 0 
297 0 
297 0 
297 0 
297 0 
297 0 
297 0 
297 0 
297 0 
297 0 
297 0 
297 0 
297 0 
297 0 
297 0 
297 0 
297 0 
297 0 
297 0 
297 0 
297 0 
297 0 
297 0 
297 0 
297 0 
297 0 
297 0 
297 0 
297 0 
297 0 
297 0 
297 0 
297 0 
297 0 
297 0 
297 0 
297 0 
297 0 
297 0 
297 0 
297 0 
297 0 
297 0 
297 0 
297 0 
297 0 
297 0 
297 0 
297 0 
297 0 
297 0 
297 0 
297 0 
297 0 
297 0 
297 0 
297 0 
297 0 
297 0 
297 0 
297 0 
297 0 
297 0 
297 0 
297 0 
297 0 
297 0 
297 0 
297 0 
297 0 
297 0 
297 0 
297 0 
297 0 
297 0 
297 0 
297 0 
297 0 
297 0 
297 0 
297 0 
297 0 
297 0 
297 0 
297 0 
297 0 
297 0 
297 0 
297 0 
297 0 
297 0 
297 0 
297 0 
297 0 
297 0 
297 0 
297 0 
297 0 
297 0 
297 0 
297 0 
297 0 
297 0 
297 0 
297 0 
297 0 
297 0 
297 0 
297 0 
297 0 
297 0 
297 0 
297 0 
297 0 
297 0 
298 0 
298 0 
298 0 
298 0 
298 0 
298 0 
298 0 
298 0 
298 0 
298 0 
298 0 
298 0 
298 0 
298 0 
298 0 
298 0 
298 0 
298 0 
298 0 
298 0 
298 0 
298 0 
298 0 
298 0 
298 0 
298 0 
298 0 
298 0 
298 0 
298 0 
298 0 
298 0 
298 0 
298 0 
298 0 
298 0 
298 0 
298 0 
298 0 
298 0 
298 0 
298 0 
298 0 
298 0 
298 0 
298 0 
298 0 
298 0 
298 0 
298 0 
298 0 
298 0 
298 0 
298 0 
298 0 
298 0 
298 0 
298 0 
298 0 
298 0 
298 0 
298 0 
298 0 
298 0 
298 0 
298 0 
298 0 
298 0 
298 0 
298 0 
298 0 
298 0 
298 0 
298 0 
298 0 
298 0 
298 0 
298 0 
298 0 
298 0 
298 0 
298 0 
298 0 
298 0 
298 0 
298 0 
298 0 
298 0 
298 0 
298 0 
298 0 
298 0 
298 0 
298 0 
298 0 
298 0 
298 0 
298 0 
298 0 
298 0 
298 0 
298 0 
298 0 
298 0 
298 0 
298 0 
298 0 
298 0 
298 0 
298 0 
298 0 
298 0 
298 0 
298 0 
298 0 
298 0 
298 0 
298 0 
298 0 
298 0 
298 0 
298 0 
298 0 
298 0 
298 0 
298 0 
298 0 
298 0 
298 0 
298 0 
298 0 
298 0 
298 0 
298 0 
298 0 
298 0 
298 0 
298 0 
298 0 
298 0 
298 0 
298 0 
298 0 
298 0 
298 0 
298 0 
298 0 
298 0 
298 0 
298 0 
298 0 
298 0 
298 0 
298 0 
298 0 
298 0 
298 0 
298 0 
298 0 
298 0 
298 0 
298 0 
298 0 
298 0 
298 0 
298 0 
298 0 
298 0 
298 0 
298 0 
298 0 
298 0 
298 0 
298 0 
298 0 
298 0 
298 0 
298 0 
298 0 
298 0 
298 0 
298 0 
298 0 
298 0 
298 0 
298 0 
298 0 
298 0 
298 0 
298 0 
298 0 
298 0 
298 0 
298 0 
298 0 
298 0 
298 0 
298 0 
298 0 
298 0 
298 0 
298 0 
298 0 
298 0 
298 0 
298 0 
298 0 
298 0 
298 0 
298 0 
298 0 
298 0 
298 0 
298 0 
298 0 
298 0 
298 0 
298 0 
298 0 
298 0 
298 0 
298 0 
298 0 
298 0 
298 0 
298 0 
298 0 
298 0 
298 0 
298 0 
298 0 
298 0 
298 0 
298 0 
298 0 
298 0 
298 0 
298 0 
298 0 
298 0 
298 0 
298 0 
298 0 
298 0 
298 0 
298 0 
298 0 
298 0 
298 0 
298 0 
298 0 
298 0 
298 0 
298 0 
298 0 
298 0 
298 0 
298 0 
298 0 
298 0 
298 0 
298 0 
298 0 
298 0 
298 0 
298 0 
298 0 
298 0 
298 0 
298 0 
298 0 
298 0 
298 0 
298 0 
298 0 
298 0 
298 0 
298 0 
298 0 
298 0 
298 0 
298 0 
298 0 
298 0 
298 0 
298 0 
298 0 
298 0 
299 0 
299 0 
299 0 
299 0 
299 0 
299 0 
299 0 
299 0 
299 0 
299 0 
299 0 
299 0 
299 0 
299 0 
299 0 
299 0 
299 0 
299 0 
299 0 
299 0 
299 0 
299 0 
299 0 
299 0 
299 0 
299 0 
299 0 
299 0 
299 0 
299 0 
299 0 
299 0 
299 0 
299 0 
299 0 
299 0 
299 0 
299 0 
299 0 
299 0 
299 0 
299 0 
299 0 
299 0 
299 0 
299 0 
299 0 
299 0 
299 0 
299 0 
299 0 
299 0 
299 0 
299 0 
299 0 
299 0 
299 0 
299 0 
299 0 
299 0 
299 0 
299 0 
299 0 
299 0 
299 0 
299 0 
299 0 
299 0 
299 0 
299 0 
299 0 
299 0 
299 0 
299 0 
299 0 
299 0 
299 0 
299 0 
299 0 
299 0 
299 0 
299 0 
299 0 
299 0 
299 0 
299 0 
299 0 
299 0 
299 0 
299 0 
299 0 
299 0 
299 0 
299 0 
299 0 
299 0 
299 0 
299 0 
299 0 
299 0 
299 0 
299 0 
299 0 
299 0 
299 0 
299 0 
299 0 
299 0 
299 0 
299 0 
299 0 
299 0 
299 0 
299 0 
299 0 
299 0 
299 0 
299 0 
299 0 
299 0 
299 0 
299 0 
299 0 
299 0 
299 0 
299 0 
299 0 
299 0 
299 0 
299 0 
299 0 
299 0 
299 0 
299 0 
299 0 
299 0 
299 0 
299 0 
299 0 
299 0 
299 0 
299 0 
299 0 
299 0 
299 0 
299 0 
299 0 
299 0 
299 0 
299 0 
299 0 
299 0 
299 0 
299 0 
299 0 
299 0 
299 0 
299 0 
299 0 
299 0 
299 0 
299 0 
299 0 
299 0 
299 0 
299 0 
299 0 
299 0 
299 0 
299 0 
299 0 
299 0 
299 0 
299 0 
299 0 
299 0 
299 0 
299 0 
299 0 
299 0 
299 0 
299 0 
299 0 
299 0 
299 0 
299 0 
299 0 
299 0 
299 0 
299 0 
299 0 
299 0 
299 0 
299 0 
299 0 
299 0 
299 0 
299 0 
299 0 
299 0 
299 0 
299 0 
299 0 
299 0 
299 0 
299 0 
299 0 
299 0 
299 0 
299 0 
299 0 
299 0 
299 0 
299 0 
299 0 
299 0 
299 0 
299 0 
299 0 
299 0 
299 0 
299 0 
299 0 
299 0 
299 0 
299 0 
299 0 
299 0 
299 0 
299 0 
299 0 
299 0 
299 0 
299 0 
299 0 
299 0 
299 0 
299 0 
299 0 
299 0 
299 0 
299 0 
299 0 
299 0 
299 0 
299 0 
299 0 
299 0 
299 0 
299 0 
299 0 
299 0 
299 0 
299 0 
299 0 
299 0 
299 0 
299 0 
299 0 
299 0 
299 0 
299 0 
299 0 
299 0 
299 0 
299 0 
299 0 
299 0 
299 0 
299 0 
299 0 
299 0 
299 0 
299 0 
299 0 
299 0 
299 0 
299 0 
299 0 
299 0 
299 0 
299 0 
299 0 
299 0 
299 0 
299 0 
299 0 
299 0 
300 0 
300 0 
300 0 
300 0 
300 0 
300 0 
300 0 
300 0 
300 0 
300 0 
300 0 
300 0 
300 0 
300 0 
300 0 
300 0 
300 0 
300 0 
300 0 
300 0 
300 0 
300 0 
300 0 
300 0 
300 0 
300 0 
300 0 
300 0 
300 0 
300 0 
300 0 
300 0 
300 0 
300 0 
300 0 
300 0 
300 0 
300 0 
300 0 
300 0 
300 0 
300 0 
300 0 
300 0 
300 0 
300 0 
300 0 
300 0 
300 0 
300 0 
300 0 
300 0 
300 0 
300 0 
300 0 
300 0 
300 0 
300 0 
300 0 
300 0 
300 0 
300 0 
300 0 
300 0 
300 0 
300 0 
300 0 
300 0 
300 0 
300 0 
300 0 
300 0 
300 0 
300 0 
300 0 
300 0 
300 0 
300 0 
300 0 
300 0 
300 0 
300 0 
300 0 
300 0 
300 0 
300 0 
300 0 
300 0 
300 0 
300 0 
300 0 
300 0 
300 0 
300 0 
300 0 
300 0 
300 0 
300 0 
300 0 
300 0 
300 0 
300 0 
300 0 
300 0 
300 0 
300 0 
300 0 
300 0 
300 0 
300 0 
300 0 
300 0 
300 0 
300 0 
300 0 
300 0 
300 0 
300 0 
300 0 
300 0 
300 0 
300 0 
300 0 
300 0 
300 0 
300 0 
300 0 
300 0 
300 0 
300 0 
300 0 
300 0 
300 0 
300 0 
300 0 
300 0 
300 0 
300 0 
300 0 
300 0 
300 0 
300 0 
300 0 
300 0 
300 0 
300 0 
300 0 
300 0 
300 0 
300 0 
300 0 
300 0 
300 0 
300 0 
300 0 
300 0 
300 0 
300 0 
300 0 
300 0 
300 0 
300 0 
300 0 
300 0 
300 0 
300 0 
300 0 
300 0 
300 0 
300 0 
300 0 
300 0 
300 0 
300 0 
300 0 
300 0 
300 0 
300 0 
300 0 
300 0 
300 0 
300 0 
300 0 
300 0 
300 0 
300 0 
300 0 
300 0 
300 0 
300 0 
300 0 
300 0 
300 0 
300 0 
300 0 
300 0 
300 0 
300 0 
300 0 
300 0 
300 0 
300 0 
300 0 
300 0 
300 0 
300 0 
300 0 
300 0 
300 0 
300 0 
300 0 
300 0 
300 0 
300 0 
300 0 
300 0 
300 0 
300 0 
300 0 
300 0 
300 0 
300 0 
300 0 
300 0 
300 0 
300 0 
300 0 
300 0 
300 0 
300 0 
300 0 
300 0 
300 0 
300 0 
300 0 
300 0 
300 0 
300 0 
300 0 
300 0 
300 0 
300 0 
300 0 
300 0 
300 0 
300 0 
300 0 
300 0 
300 0 
300 0 
300 0 
300 0 
300 0 
300 0 
300 0 
300 0 
300 0 
300 0 
300 0 
300 0 
300 0 
300 0 
300 0 
300 0 
300 0 
300 0 
300 0 
300 0 
300 0 
300 0 
300 0 
300 0 
300 0 
300 0 
300 0 
300 0 
300 0 
300 0 
300 0 
300 0 
300 0 
300 0 
300 0 
300 0 
300 0 
300 0 
300 0 
300 0 
301 0 
301 0 
301 0 
301 0 
301 0 
301 0 
301 0 
301 0 
301 0 
301 0 
301 0 
301 0 
301 0 
301 0 
301 0 
301 0 
301 0 
301 0 
301 0 
301 0 
301 0 
301 0 
301 0 
301 0 
301 0 
301 0 
301 0 
301 0 
301 0 
301 0 
301 0 
301 0 
301 0 
301 0 
301 0 
301 0 
301 0 
301 0 
301 0 
301 0 
301 0 
301 0 
301 0 
301 0 
301 0 
301 0 
301 0 
301 0 
301 0 
301 0 
301 0 
301 0 
301 0 
301 0 
301 0 
301 0 
301 0 
301 0 
301 0 
301 0 
301 0 
301 0 
301 0 
301 0 
301 0 
301 0 
301 0 
301 0 
301 0 
301 0 
301 0 
301 0 
301 0 
301 0 
301 0 
301 0 
301 0 
301 0 
301 0 
301 0 
301 0 
301 0 
301 0 
301 0 
301 0 
301 0 
301 0 
301 0 
301 0 
301 0 
301 0 
301 0 
301 0 
301 0 
301 0 
301 0 
301 0 
301 0 
301 0 
301 0 
301 0 
301 0 
301 0 
301 0 
301 0 
301 0 
301 0 
301 0 
301 0 
301 0 
301 0 
301 0 
301 0 
301 0 
301 0 
301 0 
301 0 
301 0 
301 0 
301 0 
301 0 
301 0 
301 0 
301 0 
301 0 
301 0 
301 0 
301 0 
301 0 
301 0 
301 0 
301 0 
301 0 
301 0 
301 0 
301 0 
301 0 
301 0 
301 0 
301 0 
301 0 
301 0 
301 0 
301 0 
301 0 
301 0 
301 0 
301 0 
301 0 
301 0 
301 0 
301 0 
301 0 
301 0 
301 0 
301 0 
301 0 
301 0 
301 0 
301 0 
301 0 
301 0 
301 0 
301 0 
301 0 
301 0 
301 0 
301 0 
301 0 
301 0 
301 0 
301 0 
301 0 
301 0 
301 0 
301 0 
301 0 
301 0 
301 0 
301 0 
301 0 
301 0 
301 0 
301 0 
301 0 
301 0 
301 0 
301 0 
301 0 
301 0 
301 0 
301 0 
301 0 
301 0 
301 0 
301 0 
301 0 
301 0 
301 0 
301 0 
301 0 
301 0 
301 0 
301 0 
301 0 
301 0 
301 0 
301 0 
301 0 
301 0 
301 0 
301 0 
301 0 
301 0 
301 0 
301 0 
301 0 
301 0 
301 0 
301 0 
301 0 
301 0 
301 0 
301 0 
301 0 
301 0 
301 0 
301 0 
301 0 
301 0 
301 0 
301 0 
301 0 
301 0 
301 0 
301 0 
301 0 
301 0 
301 0 
301 0 
301 0 
301 0 
301 0 
301 0 
301 0 
301 0 
301 0 
301 0 
301 0 
301 0 
301 0 
301 0 
301 0 
301 0 
301 0 
301 0 
301 0 
301 0 
301 0 
301 0 
301 0 
301 0 
301 0 
301 0 
301 0 
301 0 
301 0 
301 0 
301 0 
301 0 
301 0 
301 0 
301 0 
301 0 
301 0 
301 0 
301 0 
301 0 
301 0 
301 0 
301 0 
301 0 
301 0 
301 0 
301 0 
301 0 
301 0 
301 0 
302 0 
302 0 
302 0 
302 0 
302 0 
302 0 
302 0 
302 0 
302 0 
302 0 
302 0 
302 0 
302 0 
302 0 
302 0 
302 0 
302 0 
302 0 
302 0 
302 0 
302 0 
302 0 
302 0 
302 0 
302 0 
302 0 
302 0 
302 0 
302 0 
302 0 
302 0 
302 0 
302 0 
302 0 
302 0 
302 0 
302 0 
302 0 
302 0 
302 0 
302 0 
302 0 
302 0 
302 0 
302 0 
302 0 
302 0 
302 0 
302 0 
302 0 
302 0 
302 0 
302 0 
302 0 
302 0 
302 0 
302 0 
302 0 
302 0 
302 0 
302 0 
302 0 
302 0 
302 0 
302 0 
302 0 
302 0 
302 0 
302 0 
302 0 
302 0 
302 0 
302 0 
302 0 
302 0 
302 0 
302 0 
302 0 
302 0 
302 0 
302 0 
302 0 
302 0 
302 0 
302 0 
302 0 
302 0 
302 0 
302 0 
302 0 
302 0 
302 0 
302 0 
302 0 
302 0 
302 0 
302 0 
302 0 
302 0 
302 0 
302 0 
302 0 
302 0 
302 0 
302 0 
302 0 
302 0 
302 0 
302 0 
302 0 
302 0 
302 0 
302 0 
302 0 
302 0 
302 0 
302 0 
302 0 
302 0 
302 0 
302 0 
302 0 
302 0 
302 0 
302 0 
302 0 
302 0 
302 0 
302 0 
302 0 
302 0 
302 0 
302 0 
302 0 
302 0 
302 0 
302 0 
302 0 
302 0 
302 0 
302 0 
302 0 
302 0 
302 0 
302 0 
302 0 
302 0 
302 0 
302 0 
302 0 
302 0 
302 0 
302 0 
302 0 
302 0 
302 0 
302 0 
302 0 
302 0 
302 0 
302 0 
302 0 
302 0 
302 0 
302 0 
302 0 
302 0 
302 0 
302 0 
302 0 
302 0 
302 0 
302 0 
302 0 
302 0 
302 0 
302 0 
302 0 
302 0 
302 0 
302 0 
302 0 
302 0 
302 0 
302 0 
302 0 
302 0 
302 0 
302 0 
302 0 
302 0 
302 0 
302 0 
302 0 
302 0 
302 0 
302 0 
302 0 
302 0 
302 0 
302 0 
302 0 
302 0 
302 0 
302 0 
302 0 
302 0 
302 0 
302 0 
302 0 
302 0 
302 0 
302 0 
302 0 
302 0 
302 0 
302 0 
302 0 
302 0 
302 0 
302 0 
302 0 
302 0 
302 0 
302 0 
302 0 
302 0 
302 0 
302 0 
302 0 
302 0 
302 0 
302 0 
302 0 
302 0 
302 0 
302 0 
302 0 
302 0 
302 0 
302 0 
302 0 
302 0 
302 0 
302 0 
302 0 
302 0 
302 0 
302 0 
302 0 
302 0 
302 0 
302 0 
302 0 
302 0 
302 0 
302 0 
302 0 
302 0 
302 0 
302 0 
302 0 
302 0 
302 0 
302 0 
302 0 
302 0 
302 0 
302 0 
302 0 
302 0 
302 0 
302 0 
302 0 
302 0 
302 0 
302 0 
302 0 
302 0 
302 0 
302 0 
302 0 
302 0 
302 0 
302 0 
302 0 
302 0 
302 0 
303 0 
303 0 
303 0 
303 0 
303 0 
303 0 
303 0 
303 0 
303 0 
303 0 
303 0 
303 0 
303 0 
303 0 
303 0 
303 0 
303 0 
303 0 
303 0 
303 0 
303 0 
303 0 
303 0 
303 0 
303 0 
303 0 
303 0 
303 0 
303 0 
303 0 
303 0 
303 0 
303 0 
303 0 
303 0 
303 0 
303 0 
303 0 
303 0 
303 0 
303 0 
303 0 
303 0 
303 0 
303 0 
303 0 
303 0 
303 0 
303 0 
303 0 
303 0 
303 0 
303 0 
303 0 
303 0 
303 0 
303 0 
303 0 
303 0 
303 0 
303 0 
303 0 
303 0 
303 0 
303 0 
303 0 
303 0 
303 0 
303 0 
303 0 
303 0 
303 0 
303 0 
303 0 
303 0 
303 0 
303 0 
303 0 
303 0 
303 0 
303 0 
303 0 
303 0 
303 0 
303 0 
303 0 
303 0 
303 0 
303 0 
303 0 
303 0 
303 0 
303 0 
303 0 
303 0 
303 0 
303 0 
303 0 
303 0 
303 0 
303 0 
303 0 
303 0 
303 0 
303 0 
303 0 
303 0 
303 0 
303 0 
303 0 
303 0 
303 0 
303 0 
303 0 
303 0 
303 0 
303 0 
303 0 
303 0 
303 0 
303 0 
303 0 
303 0 
303 0 
303 0 
303 0 
303 0 
303 0 
303 0 
303 0 
303 0 
303 0 
303 0 
303 0 
303 0 
303 0 
303 0 
303 0 
303 0 
303 0 
303 0 
303 0 
303 0 
303 0 
303 0 
303 0 
303 0 
303 0 
303 0 
303 0 
303 0 
303 0 
303 0 
303 0 
303 0 
303 0 
303 0 
303 0 
303 0 
303 0 
303 0 
303 0 
303 0 
303 0 
303 0 
303 0 
303 0 
303 0 
303 0 
303 0 
303 0 
303 0 
303 0 
303 0 
303 0 
303 0 
303 0 
303 0 
303 0 
303 0 
303 0 
303 0 
303 0 
303 0 
303 0 
303 0 
303 0 
303 0 
303 0 
303 0 
303 0 
303 0 
303 0 
303 0 
303 0 
303 0 
303 0 
303 0 
303 0 
303 0 
303 0 
303 0 
303 0 
303 0 
303 0 
303 0 
303 0 
303 0 
303 0 
303 0 
303 0 
303 0 
303 0 
303 0 
303 0 
303 0 
303 0 
303 0 
303 0 
303 0 
303 0 
303 0 
303 0 
303 0 
303 0 
303 0 
303 0 
303 0 
303 0 
303 0 
303 0 
303 0 
303 0 
303 0 
303 0 
303 0 
303 0 
303 0 
303 0 
303 0 
303 0 
303 0 
303 0 
303 0 
303 0 
303 0 
303 0 
303 0 
303 0 
303 0 
303 0 
303 0 
303 0 
303 0 
303 0 
303 0 
303 0 
303 0 
303 0 
303 0 
303 0 
303 0 
303 0 
303 0 
303 0 
303 0 
303 0 
303 0 
303 0 
303 0 
303 0 
303 0 
303 0 
303 0 
303 0 
303 0 
303 0 
303 0 
303 0 
303 0 
303 0 
303 0 
303 0 
303 0 
303 0 
303 0 
303 0 
303 0 
304 0 
304 0 
304 0 
304 0 
304 0 
304 0 
304 0 
304 0 
304 0 
304 0 
304 0 
304 0 
304 0 
304 0 
304 0 
304 0 
304 0 
304 0 
304 0 
304 0 
304 0 
304 0 
304 0 
304 0 
304 0 
304 0 
304 0 
304 0 
304 0 
304 0 
304 0 
304 0 
304 0 
304 0 
304 0 
304 0 
304 0 
304 0 
304 0 
304 0 
304 0 
304 0 
304 0 
304 0 
304 0 
304 0 
304 0 
304 0 
304 0 
304 0 
304 0 
304 0 
304 0 
304 0 
304 0 
304 0 
304 0 
304 0 
304 0 
304 0 
304 0 
304 0 
304 0 
304 0 
304 0 
304 0 
304 0 
304 0 
304 0 
304 0 
304 0 
304 0 
304 0 
304 0 
304 0 
304 0 
304 0 
304 0 
304 0 
304 0 
304 0 
304 0 
304 0 
304 0 
304 0 
304 0 
304 0 
304 0 
304 0 
304 0 
304 0 
304 0 
304 0 
304 0 
304 0 
304 0 
304 0 
304 0 
304 0 
304 0 
304 0 
304 0 
304 0 
304 0 
304 0 
304 0 
304 0 
304 0 
304 0 
304 0 
304 0 
304 0 
304 0 
304 0 
304 0 
304 0 
304 0 
304 0 
304 0 
304 0 
304 0 
304 0 
304 0 
304 0 
304 0 
304 0 
304 0 
304 0 
304 0 
304 0 
304 0 
304 0 
304 0 
304 0 
304 0 
304 0 
304 0 
304 0 
304 0 
304 0 
304 0 
304 0 
304 0 
304 0 
304 0 
304 0 
304 0 
304 0 
304 0 
304 0 
304 0 
304 0 
304 0 
304 0 
304 0 
304 0 
304 0 
304 0 
304 0 
304 0 
304 0 
304 0 
304 0 
304 0 
304 0 
304 0 
304 0 
304 0 
304 0 
304 0 
304 0 
304 0 
304 0 
304 0 
304 0 
304 0 
304 0 
304 0 
304 0 
304 0 
304 0 
304 0 
304 0 
304 0 
304 0 
304 0 
304 0 
304 0 
304 0 
304 0 
304 0 
304 0 
304 0 
304 0 
304 0 
304 0 
304 0 
304 0 
304 0 
304 0 
304 0 
304 0 
304 0 
304 0 
304 0 
304 0 
304 0 
304 0 
304 0 
304 0 
304 0 
304 0 
304 0 
304 0 
304 0 
304 0 
304 0 
304 0 
304 0 
304 0 
304 0 
304 0 
304 0 
304 0 
304 0 
304 0 
304 0 
304 0 
304 0 
304 0 
304 0 
304 0 
304 0 
304 0 
304 0 
304 0 
304 0 
304 0 
304 0 
304 0 
304 0 
304 0 
304 0 
304 0 
304 0 
304 0 
304 0 
304 0 
304 0 
304 0 
304 0 
304 0 
304 0 
304 0 
304 0 
304 0 
304 0 
304 0 
304 0 
304 0 
304 0 
304 0 
304 0 
304 0 
304 0 
304 0 
304 0 
304 0 
304 0 
304 0 
304 0 
304 0 
304 0 
304 0 
304 0 
304 0 
304 0 
304 0 
304 0 
304 0 
304 0 
304 0 
304 0 
304 0 
304 0 
304 0 
304 0 
304 0 
305 0 
609 0 
609 0 
609 0 
609 0 
609 0 
609 0 
609 0 
609 0 
609 0 
609 0 
609 0 
609 0 
609 0 
609 0 
609 0 
609 0 
609 0 
609 0 
609 0 
609 0 
609 0 
609 0 
609 0 
609 0 
609 0 
609 0 
609 0 
609 0 
609 0 
609 0 
609 0 
609 0 
609 0 
609 0 
609 0 
609 0 
609 0 
609 0 
609 0 
609 0 
609 0 
609 0 
609 0 
609 0 
609 0 
609 0 
609 0 
609 0 
609 0 
609 0 
609 0 
609 0 
609 0 
609 0 
609 0 
609 0 
609 0 
609 0 
609 0 
609 0 
609 0 
609 0 
609 0 
609 0 
609 0 
609 0 
609 0 
609 0 
609 0 
609 0 
609 0 
609 0 
609 0 
609 0 
609 0 
609 0 
609 0 
609 0 
609 0 
609 0 
609 0 
609 0 
609 0 
609 0 
609 0 
609 0 
609 0 
609 0 
609 0 
609 0 
609 0 
609 0 
609 0 
609 0 
609 0 
609 0 
609 0 
609 0 
609 0 
609 0 
609 0 
609 0 
609 0 
609 0 
609 0 
609 0 
609 0 
609 0 
609 0 
609 0 
609 5.64 
609 7.21 
609 8.11 
609 7.56 
609 6.92 
609 5.87 
609 4.76 
609 4.83 
609 5.55 
609 4.86 
609 4.7 
609 5.15 
609 5.08 
609 4.62 
609 5.2 
609 6.16 
609 7.68 
609 16.87 
609 13.22 
609 11.28 
609 8.75 
609 10.01 
609 28.97 
609 30.32 
609 13.86 
609 15.68 
609 10.92 
609 18.57 
609 23.03 
609 9.94 
609 10.26 
609 10.24 
609 11.11 
609 10.16 
609 10.59 
609 10.02 
609 25.85 
609 12.82 
609 17.28 
609 16.76 
609 20.04 
609 24.76 
609 16.59 
609 19.77 
609 24.36 
609 12.78 
609 33.41 
609 33.57 
609 10.97 
609 12.15 
609 10.14 
609 10.99 
609 12.0 
609 33.56 
609 31.46 
609 30.73 
609 10.4 
609 31.77 
609 30.56 
609 30.62 
609 32.18 
609 32.52 
609 33.17 
609 26.3 
609 30.61 
609 29.36 
609 28.51 
609 27.98 
609 27.64 
609 27.51 
609 27.47 
609 27.19 
609 26.87 
609 26.57 
609 25.95 
609 25.58 
609 25.18 
609 25.13 
609 24.43 
609 24.09 
609 23.87 
609 23.0 
609 22.23 
609 21.94 
609 21.54 
609 20.94 
609 20.26 
609 19.96 
609 19.59 
609 18.52 
609 17.8 
609 16.91 
609 16.43 
609 15.8 
609 15.18 
609 14.21 
609 13.54 
609 12.85 
609 12.29 
609 11.45 
609 11.05 
609 10.19 
609 9.67 
609 9.05 
609 8.11 
609 5.62 
609 7.21 
609 6.72 
609 6.92 
609 5.98 
609 6.64 
609 5.4 
609 2.03 
609 2.36 
609 1.69 
609 1.51 
609 1.02 
609 0.9 
609 0.62 
609 0.35 
609 0.1 
609 0.08 
609 0 
609 0 
609 0 
609 0 
609 0 
609 0 
609 0 
609 0 
609 0 
609 0 
609 0 
609 0 
609 0 
609 0 
609 0 
609 0 
609 0 
609 0 
609 0 
609 0 
609 0 
609 0 
609 0 
609 0 
609 0 
609 0 
609 0 
609 0 
609 0 
609 0 
609 0 
609 0 
609 0 
609 0 
609 0 
609 0 
609 0 
609 0 
609 0 
609 0 
609 0 
609 0 
609 0 
609 0 
609 0 
609 0 
609 0 
609 0 
609 0 
609 0 
609 0 
609 0 
609 0 
609 0 
609 0 
610 0 
610 0 
610 0 
610 0 
610 0 
610 0 
610 0 
610 0 
610 0 
610 0 
610 0 
610 0 
610 0 
610 0 
610 0 
610 0 
610 0 
610 0 
610 0 
610 0 
610 0 
610 0 
610 0 
610 0 
610 0 
610 0 
610 0 
610 0 
610 0 
610 0 
610 0 
610 0 
610 0 
610 0 
610 0 
610 0 
610 0 
610 0 
610 0 
610 0 
610 0 
610 0 
610 0 
610 0 
610 0 
610 0 
610 0 
610 0 
610 0 
610 0 
610 0 
610 0 
610 0 
610 0 
610 0 
610 0 
610 0 
610 0 
610 0 
610 0 
610 0 
610 0 
610 0 
610 0 
610 0 
610 0 
610 0 
610 0 
610 0 
610 0 
610 0 
610 0 
610 0 
610 0 
610 0 
610 0 
610 0 
610 0 
610 0 
610 0 
610 0 
610 0 
610 0 
610 0.06 
610 0.26 
610 0.32 
610 0.38 
610 0.58 
610 0.83 
610 1.0 
610 1.25 
610 1.42 
610 1.37 
610 1.45 
610 1.93 
610 2.58 
610 2.84 
610 2.84 
610 2.73 
610 3.2 
610 3.74 
610 4.04 
610 3.69 
610 4.41 
610 4.6 
610 4.77 
610 5.03 
610 5.27 
610 5.65 
610 5.18 
610 6.27 
610 7.1 
610 7.74 
610 8.12 
610 11.38 
610 10.25 
610 7.64 
610 7.47 
610 7.36 
610 7.17 
610 7.38 
610 7.7 
610 9.57 
610 11.24 
610 12.86 
610 18.59 
610 19.85 
610 8.15 
610 6.68 
610 6.01 
610 6.62 
610 7.41 
610 11.36 
610 8.63 
610 8.03 
610 7.77 
610 9.14 
610 10.7 
610 9.33 
610 10.57 
610 33.52 
610 33.24 
610 31.93 
610 8.5 
610 18.28 
610 13.61 
610 9.99 
610 33.45 
610 8.43 
610 8.63 
610 11.02 
610 9.78 
610 9.17 
610 9.98 
610 11.56 
610 11.11 
610 9.97 
610 14.57 
610 7.94 
610 9.31 
610 7.66 
610 29.35 
610 19.45 
610 6.44 
610 7.49 
610 8.06 
610 8.17 
610 9.21 
610 10.54 
610 33.37 
610 13.09 
610 9.82 
610 12.36 
610 8.23 
610 8.16 
610 8.06 
610 8.95 
610 21.94 
610 20.01 
610 18.02 
610 6.16 
610 30.32 
610 6.28 
610 11.69 
610 29.78 
610 25.98 
610 24.91 
610 24.75 
610 25.37 
610 6.76 
610 9.2 
610 19.26 
610 24.3 
610 23.15 
610 22.3 
610 20.98 
610 20.09 
610 19.61 
610 19.26 
610 18.53 
610 19.63 
610 17.74 
610 11.93 
610 9.46 
610 11.22 
610 18.17 
610 5.75 
610 4.51 
610 4.01 
610 4.04 
610 5.92 
610 5.4 
610 5.55 
610 6.97 
610 4.06 
610 2.24 
610 2.47 
610 2.73 
610 2.9 
610 2.87 
610 1.33 
610 0.57 
610 0.38 
610 0.12 
610 0.42 
610 0.42 
610 0.14 
610 0.03 
610 0 
610 0 
610 0 
610 0 
610 0 
610 0 
610 0 
610 0 
610 0 
610 0 
610 0 
610 0 
610 0 
610 0 
610 0 
610 0 
610 0 
610 0 
610 0 
610 0 
610 0 
610 0 
610 0 
610 0 
610 0 
610 0 
610 0 
610 0 
610 0 
610 0 
610 0 
610 0 
610 0 
610 0 
610 0 
610 0 
610 0 
610 0 
610 0 
610 0 
610 0 
610 0 
610 0 
610 0 
610 0 
610 0 
610 0 
610 0 
610 0 
610 0 
610 0 
610 0 
610 0 
610 0 
610 0 
610 0 
610 0 
610 0 
610 0 
610 0 
611 0 
611 0 
611 0 
611 0 
611 0 
611 0 
611 0 
611 0 
611 0 
611 0 
611 0 
611 0 
611 0 
611 0 
611 0 
611 0 
611 0 
611 0 
611 0 
611 0 
611 0 
611 0 
611 0 
611 0 
611 0 
611 0 
611 0 
611 0 
611 0 
611 0 
611 0 
611 0 
611 0 
611 0 
611 0 
611 0 
611 0 
611 0 
611 0 
611 0 
611 0 
611 0 
611 0 
611 0 
611 0 
611 0 
611 0 
611 0 
611 0 
611 0 
611 0 
611 0 
611 0 
611 0 
611 0 
611 0 
611 0 
611 0 
611 0 
611 0 
611 0 
611 0 
611 0 
611 0 
611 0 
611 0 
611 0 
611 0 
611 0 
611 0 
611 0 
611 0 
611 0 
611 0 
611 0 
611 0 
611 0 
611 0 
611 0 
611 0 
611 0 
611 0 
611 0 
611 0 
611 0.01 
611 0.07 
611 0.14 
611 0.28 
611 0.73 
611 0.6 
611 0.63 
611 0.76 
611 1.46 
611 3.27 
611 2.59 
611 3.07 
611 2.87 
611 2.76 
611 2.01 
611 3.32 
611 3.89 
611 7.25 
611 10.54 
611 11.24 
611 4.19 
611 11.1 
611 7.55 
611 15.34 
611 15.17 
611 15.64 
611 16.63 
611 16.74 
611 16.43 
611 16.81 
611 16.91 
611 17.38 
611 17.86 
611 18.5 
611 19.04 
611 19.73 
611 21.27 
611 21.91 
611 21.08 
611 23.26 
611 25.9 
611 13.78 
611 23.39 
611 13.23 
611 31.46 
611 9.63 
611 16.7 
611 32.41 
611 12.47 
611 11.88 
611 10.19 
611 9.28 
611 25.93 
611 32.55 
611 32.53 
611 13.93 
611 11.61 
611 11.23 
611 32.01 
611 12.52 
611 12.18 
611 12.45 
611 10.67 
611 11.09 
611 10.29 
611 8.04 
611 30.71 
611 31.0 
611 13.41 
611 33.53 
611 33.27 
611 27.16 
611 33.56 
611 32.95 
611 31.7 
611 32.82 
611 9.62 
611 9.88 
611 9.61 
611 25.91 
611 23.55 
611 33.49 
611 11.16 
611 10.73 
611 9.53 
611 33.39 
611 10.69 
611 32.89 
611 20.59 
611 28.42 
611 27.95 
611 27.52 
611 27.26 
611 26.97 
611 26.99 
611 26.59 
611 26.13 
611 25.78 
611 25.43 
611 24.97 
611 24.91 
611 24.32 
611 24.31 
611 23.81 
611 23.57 
611 22.92 
611 22.46 
611 22.17 
611 21.66 
611 21.15 
611 20.71 
611 19.97 
611 19.59 
611 19.4 
611 18.62 
611 18.2 
611 17.27 
611 16.81 
611 16.25 
611 15.6 
611 15.11 
611 14.34 
611 13.86 
611 13.1 
611 12.25 
611 11.8 
611 11.0 
611 10.24 
611 9.59 
611 8.96 
611 8.29 
611 7.36 
611 6.72 
611 6.05 
611 5.31 
611 4.69 
611 4.12 
611 3.53 
611 3.32 
611 2.53 
611 2.01 
611 1.58 
611 0.78 
611 0.46 
611 0.39 
611 0.34 
611 0.18 
611 0.16 
611 0.09 
611 0.07 
611 0 
611 0 
611 0 
611 0 
611 0 
611 0 
611 0 
611 0 
611 0 
611 0 
611 0 
611 0 
611 0 
611 0 
611 0 
611 0 
611 0 
611 0 
611 0 
611 0 
611 0 
611 0 
611 0 
611 0 
611 0 
611 0 
611 0 
611 0 
611 0 
611 0 
611 0 
611 0 
611 0 
611 0 
611 0 
611 0 
611 0 
611 0 
611 0 
611 0 
611 0 
611 0 
611 0 
611 0 
611 0 
611 0 
611 0 
611 0 
611 0 
611 0 
611 0 
611 0 
611 0 
611 0 
612 0 
612 0 
612 0 
612 0 
612 0 
612 0 
612 0 
612 0 
612 0 
612 0 
612 0 
612 0 
612 0 
612 0 
612 0 
612 0 
612 0 
612 0 
612 0 
612 0 
612 0 
612 0 
612 0 
612 0 
612 0 
612 0 
612 0 
612 0 
612 0 
612 0 
612 0 
612 0 
612 0 
612 0 
612 0 
612 0 
612 0 
612 0 
612 0 
612 0 
612 0 
612 0 
612 0 
612 0 
612 0 
612 0 
612 0 
612 0 
612 0 
612 0 
612 0 
612 0 
612 0 
612 0 
612 0 
612 0 
612 0 
612 0 
612 0 
612 0 
612 0 
612 0 
612 0 
612 0 
612 0 
612 0 
612 0 
612 0 
612 0 
612 0 
612 0 
612 0 
612 0 
612 0 
612 0 
612 0 
612 0 
612 0 
612 0 
612 0 
612 0 
612 0 
612 0 
612 0 
612 0 
612 0 
612 0 
612 0 
612 0 
612 0 
612 0 
612 0 
612 0 
612 0 
612 0 
612 0 
612 0 
612 0 
612 0 
612 0 
612 0 
612 0 
612 0 
612 0 
612 0 
612 0 
612 0 
612 0 
612 0 
612 0 
612 0 
612 0 
612 0 
612 0 
612 0 
612 0 
612 0 
612 0 
612 0 
612 0 
612 0 
612 0 
612 0 
612 0 
612 0 
612 0 
612 0 
612 0 
612 0 
612 23.71 
612 24.03 
612 24.64 
612 24.82 
612 25.27 
612 25.72 
612 25.88 
612 26.3 
612 26.4 
612 26.52 
612 27.02 
612 27.11 
612 27.19 
612 27.58 
612 27.48 
612 27.85 
612 28.02 
612 27.98 
612 28.23 
612 28.06 
612 28.24 
612 28.45 
612 28.54 
612 28.52 
612 28.5 
612 28.62 
612 28.56 
612 28.58 
612 28.63 
612 28.72 
612 28.53 
612 28.38 
612 28.43 
612 28.32 
612 28.2 
612 28.34 
612 28.24 
612 28.11 
612 27.77 
612 27.75 
612 27.59 
612 27.49 
612 27.58 
612 27.41 
612 26.98 
612 27.06 
612 26.85 
612 26.45 
612 25.88 
612 25.91 
612 25.82 
612 25.46 
612 25.1 
612 25.0 
612 24.39 
612 24.09 
612 23.75 
612 23.68 
612 23.36 
612 22.62 
612 22.48 
612 22.03 
612 21.57 
612 21.01 
612 20.49 
612 20.37 
612 19.93 
612 19.41 
612 18.59 
612 17.7 
612 17.32 
612 16.68 
612 16.37 
612 15.88 
612 15.01 
612 14.59 
612 13.91 
612 13.16 
612 12.61 
612 11.83 
612 11.33 
612 10.83 
612 10.02 
612 9.22 
612 8.62 
612 8.12 
612 7.22 
612 6.47 
612 5.94 
612 5.17 
612 4.54 
612 3.97 
612 3.47 
612 2.91 
612 2.3 
612 1.78 
612 1.28 
612 0.38 
612 0.32 
612 0.23 
612 0.19 
612 0.21 
612 0.14 
612 0.04 
612 0.05 
612 0 
612 0 
612 0 
612 0 
612 0 
612 0 
612 0 
612 0 
612 0 
612 0 
612 0 
612 0 
612 0 
612 0 
612 0 
612 0 
612 0 
612 0 
612 0 
612 0 
612 0 
612 0 
612 0 
612 0 
612 0 
612 0 
612 0 
612 0 
612 0 
612 0 
612 0 
612 0 
612 0 
612 0 
612 0 
612 0 
612 0 
612 0 
612 0 
612 0 
612 0 
612 0 
612 0 
612 0 
612 0 
612 0 
612 0 
612 0 
612 0 
612 0 
612 0 
612 0 
612 0 
612 0 
613 0 
613 0 
613 0 
613 0 
613 0 
613 0 
613 0 
613 0 
613 0 
613 0 
613 0 
613 0 
613 0 
613 0 
613 0 
613 0 
613 0 
613 0 
613 0 
613 0 
613 0 
613 0 
613 0 
613 0 
613 0 
613 0 
613 0 
613 0 
613 0 
613 0 
613 0 
613 0 
613 0 
613 0 
613 0 
613 0 
613 0 
613 0 
613 0 
613 0 
613 0 
613 0 
613 0 
613 0 
613 0 
613 0 
613 0 
613 0 
613 0 
613 0 
613 0 
613 0 
613 0 
613 0 
613 0 
613 0 
613 0 
613 0 
613 0 
613 0 
613 0 
613 0 
613 0 
613 0 
613 0 
613 0 
613 0 
613 0 
613 0 
613 0 
613 0 
613 0 
613 0 
613 0 
613 0 
613 0 
613 0 
613 0 
613 0 
613 0 
613 0 
613 0 
613 0 
613 0 
613 0 
613 0 
613 0 
613 0 
613 0 
613 0 
613 0 
613 0 
613 0 
613 0 
613 0 
613 0 
613 0 
613 0 
613 0 
613 0 
613 0 
613 0 
613 0 
613 0 
613 0 
613 0 
613 0 
613 0 
613 0 
613 0 
613 0 
613 0 
613 0 
613 0 
613 0 
613 0 
613 0 
613 0 
613 0 
613 0 
613 0 
613 0 
613 0 
613 0 
613 0 
613 0 
613 22.22 
613 22.88 
613 23.57 
613 24.14 
613 24.06 
613 24.5 
613 24.78 
613 24.85 
613 25.34 
613 25.85 
613 25.96 
613 26.02 
613 26.33 
613 26.55 
613 26.81 
613 27.13 
613 27.39 
613 27.57 
613 27.6 
613 27.92 
613 27.85 
613 28.14 
613 28.33 
613 28.38 
613 28.19 
613 28.67 
613 28.7 
613 28.58 
613 28.46 
613 28.47 
613 28.74 
613 28.64 
613 28.67 
613 28.72 
613 28.4 
613 28.45 
613 28.49 
613 28.45 
613 28.47 
613 28.2 
613 28.05 
613 28.18 
613 28.17 
613 27.99 
613 27.81 
613 27.71 
613 27.29 
613 27.03 
613 26.86 
613 26.65 
613 26.2 
613 26.07 
613 25.88 
613 25.41 
613 25.08 
613 24.96 
613 24.77 
613 24.17 
613 23.77 
613 23.51 
613 23.42 
613 22.83 
613 22.51 
613 22.28 
613 21.69 
613 21.29 
613 20.91 
613 20.49 
613 20.11 
613 19.47 
613 19.12 
613 18.5 
613 18.11 
613 17.19 
613 16.84 
613 16.43 
613 15.55 
613 15.23 
613 14.7 
613 14.14 
613 13.38 
613 12.61 
613 11.95 
613 11.24 
613 10.56 
613 10.07 
613 9.46 
613 8.5 
613 7.9 
613 7.34 
613 6.52 
613 5.96 
613 5.06 
613 4.57 
613 3.92 
613 3.32 
613 2.78 
613 2.35 
613 1.82 
613 0.57 
613 0.38 
613 0.33 
613 0.3 
613 0.19 
613 0.18 
613 0.05 
613 0.05 
613 0 
613 0 
613 0 
613 0 
613 0 
613 0 
613 0 
613 0 
613 0 
613 0 
613 0 
613 0 
613 0 
613 0 
613 0 
613 0 
613 0 
613 0 
613 0 
613 0 
613 0 
613 0 
613 0 
613 0 
613 0 
613 0 
613 0 
613 0 
613 0 
613 0 
613 0 
613 0 
613 0 
613 0 
613 0 
613 0 
613 0 
613 0 
613 0 
613 0 
613 0 
613 0 
613 0 
613 0 
613 0 
613 0 
613 0 
613 0 
613 0 
613 0 
613 0 
613 0 
613 0 
613 0 
613 0 
614 0 
614 0 
614 0 
614 0 
614 0 
614 0 
614 0 
614 0 
614 0 
614 0 
614 0 
614 0 
614 0 
614 0 
614 0 
614 0 
614 0 
614 0 
614 0 
614 0 
614 0 
614 0 
614 0 
614 0 
614 0 
614 0 
614 0 
614 0 
614 0 
614 0 
614 0 
614 0 
614 0 
614 0 
614 0 
614 0 
614 0 
614 0 
614 0 
614 0 
614 0 
614 0 
614 0 
614 0 
614 0 
614 0 
614 0 
614 0 
614 0 
614 0 
614 0 
614 0 
614 0 
614 0 
614 0 
614 0 
614 0 
614 0 
614 0 
614 0 
614 0 
614 0 
614 0 
614 0 
614 0 
614 0 
614 0 
614 0 
614 0 
614 0 
614 0 
614 0 
614 0 
614 0 
614 0 
614 0 
614 0 
614 0 
614 0 
614 0 
614 0 
614 0 
614 0 
614 0 
614 0 
614 0 
614 0 
614 0 
614 0 
614 0 
614 0 
614 0 
614 0 
614 0 
614 0 
614 0 
614 0 
614 0 
614 0 
614 0 
614 0 
614 0 
614 0 
614 0 
614 0 
614 0 
614 0 
614 0 
614 0 
614 0 
614 0 
614 0 
614 0 
614 0 
614 0 
614 0 
614 0 
614 0 
614 0 
614 0 
614 0 
614 0 
614 0 
614 0 
614 0 
614 0 
614 0 
614 0 
614 0 
614 0 
614 0 
614 0 
614 0 
614 27.21 
614 26.16 
614 26.0 
614 26.15 
614 26.3 
614 26.6 
614 26.99 
614 26.96 
614 27.24 
614 27.57 
614 27.66 
614 27.85 
614 28.02 
614 27.69 
614 28.07 
614 28.08 
614 28.29 
614 28.28 
614 28.3 
614 28.51 
614 28.45 
614 28.62 
614 28.54 
614 28.17 
614 28.31 
614 28.46 
614 28.49 
614 28.3 
614 28.26 
614 28.1 
614 28.13 
614 27.71 
614 27.96 
614 27.75 
614 27.78 
614 27.61 
614 27.65 
614 27.4 
614 27.34 
614 27.14 
614 26.69 
614 26.84 
614 26.78 
614 26.57 
614 26.29 
614 26.2 
614 26.0 
614 25.49 
614 25.3 
614 24.62 
614 24.75 
614 24.13 
614 24.19 
614 23.54 
614 23.12 
614 22.58 
614 22.21 
614 21.87 
614 21.42 
614 21.04 
614 20.58 
614 20.28 
614 19.94 
614 19.21 
614 18.61 
614 18.25 
614 17.55 
614 17.17 
614 16.39 
614 15.73 
614 15.13 
614 14.78 
614 13.98 
614 13.4 
614 12.72 
614 12.03 
614 11.34 
614 10.73 
614 10.02 
614 9.42 
614 8.63 
614 7.93 
614 7.15 
614 6.6 
614 5.88 
614 5.29 
614 4.51 
614 3.71 
614 3.25 
614 2.76 
614 2.27 
614 1.82 
614 0.33 
614 0.28 
614 0.31 
614 0.27 
614 0.16 
614 0.1 
614 0.1 
614 0.07 
614 0 
614 0 
614 0 
614 0 
614 0 
614 0 
614 0 
614 0 
614 0 
614 0 
614 0 
614 0 
614 0 
614 0 
614 0 
614 0 
614 0 
614 0 
614 0 
614 0 
614 0 
614 0 
614 0 
614 0 
614 0 
614 0 
614 0 
614 0 
614 0 
614 0 
614 0 
614 0 
614 0 
614 0 
614 0 
614 0 
614 0 
614 0 
614 0 
614 0 
614 0 
614 0 
614 0 
614 0 
614 0 
614 0 
614 0 
614 0 
614 0 
614 0 
614 0 
614 0 
614 0 
614 0 
614 0 
615 0 
615 0 
615 0 
615 0 
615 0 
615 0 
615 0 
615 0 
615 0 
615 0 
615 0 
615 0 
615 0 
615 0 
615 0 
615 0 
615 0 
615 0 
615 0 
615 0 
615 0 
615 0 
615 0 
615 0 
615 0 
615 0 
615 0 
615 0 
615 0 
615 0 
615 0 
615 0 
615 0 
615 0 
615 0 
615 0 
615 0 
615 0 
615 0 
615 0 
615 0 
615 0 
615 0 
615 0 
615 0 
615 0 
615 0 
615 0 
615 0 
615 0 
615 0 
615 0 
615 0 
615 0 
615 0 
615 0 
615 0 
615 0 
615 0 
615 0 
615 0 
615 0 
615 0 
615 0 
615 0 
615 0 
615 0 
615 0 
615 0 
615 0 
615 0 
615 0 
615 0 
615 0 
615 0 
615 0 
615 0 
615 0 
615 0 
615 0 
615 0 
615 0 
615 0 
615 0 
615 0 
615 0 
615 0 
615 0 
615 0 
615 0 
615 0 
615 0 
615 0 
615 0 
615 0 
615 0 
615 0 
615 0 
615 0 
615 0 
615 0 
615 0 
615 0 
615 0 
615 0 
615 0 
615 0 
615 0 
615 0 
615 0 
615 0 
615 0 
615 0 
615 0 
615 0 
615 0 
615 0 
615 0 
615 0 
615 0 
615 0 
615 0 
615 0 
615 0 
615 0 
615 0 
615 0 
615 0 
615 0 
615 0 
615 0 
615 24.12 
615 24.8 
615 25.3 
615 25.33 
615 25.79 
615 26.09 
615 26.23 
615 26.77 
615 26.88 
615 27.21 
615 27.24 
615 27.41 
615 27.68 
615 27.88 
615 27.93 
615 28.2 
615 28.44 
615 28.45 
615 28.94 
615 28.86 
615 28.72 
615 29.14 
615 29.06 
615 29.0 
615 29.05 
615 28.94 
615 29.15 
615 29.12 
615 29.24 
615 29.16 
615 28.84 
615 28.8 
615 28.63 
615 28.48 
615 28.76 
615 28.39 
615 28.52 
615 28.08 
615 27.88 
615 27.74 
615 27.71 
615 27.33 
615 27.16 
615 27.02 
615 26.86 
615 26.59 
615 26.09 
615 26.01 
615 25.7 
615 25.41 
615 25.07 
615 24.72 
615 24.44 
615 24.32 
615 23.71 
615 23.5 
615 22.84 
615 22.67 
615 22.03 
615 21.95 
615 21.44 
615 20.96 
615 20.25 
615 20.16 
615 19.14 
615 19.0 
615 18.43 
615 18.09 
615 17.32 
615 16.69 
615 16.13 
615 15.52 
615 14.92 
615 14.39 
615 13.87 
615 13.06 
615 12.28 
615 11.77 
615 11.38 
615 10.63 
615 9.96 
615 9.21 
615 8.6 
615 7.65 
615 7.26 
615 6.39 
615 5.64 
615 5.07 
615 4.51 
615 3.84 
615 3.15 
615 2.66 
615 2.21 
615 1.3 
615 0.34 
615 0.31 
615 0.18 
615 0.21 
615 0.21 
615 0.08 
615 0.02 
615 0.02 
615 0 
615 0 
615 0 
615 0 
615 0 
615 0 
615 0 
615 0 
615 0 
615 0 
615 0 
615 0 
615 0 
615 0 
615 0 
615 0 
615 0 
615 0 
615 0 
615 0 
615 0 
615 0 
615 0 
615 0 
615 0 
615 0 
615 0 
615 0 
615 0 
615 0 
615 0 
615 0 
615 0 
615 0 
615 0 
615 0 
615 0 
615 0 
615 0 
615 0 
615 0 
615 0 
615 0 
615 0 
615 0 
615 0 
615 0 
615 0 
615 0 
615 0 
615 0 
615 0 
615 0 
615 0 
615 0 
616 0 
616 0 
616 0 
616 0 
616 0 
616 0 
616 0 
616 0 
616 0 
616 0 
616 0 
616 0 
616 0 
616 0 
616 0 
616 0 
616 0 
616 0 
616 0 
616 0 
616 0 
616 0 
616 0 
616 0 
616 0 
616 0 
616 0 
616 0 
616 0 
616 0 
616 0 
616 0 
616 0 
616 0 
616 0 
616 0 
616 0 
616 0 
616 0 
616 0 
616 0 
616 0 
616 0 
616 0 
616 0 
616 0 
616 0 
616 0 
616 0 
616 0 
616 0 
616 0 
616 0 
616 0 
616 0 
616 0 
616 0 
616 0 
616 0 
616 0 
616 0 
616 0 
616 0 
616 0 
616 0 
616 0 
616 0 
616 0 
616 0 
616 0 
616 0 
616 0 
616 0 
616 0 
616 0 
616 0 
616 0 
616 0 
616 0 
616 0 
616 0 
616 0 
616 0 
616 0 
616 0 
616 0 
616 0 
616 0 
616 0 
616 0 
616 0 
616 0 
616 0 
616 0 
616 0 
616 0 
616 0 
616 0 
616 0 
616 0 
616 0 
616 0 
616 0 
616 0 
616 0 
616 0 
616 0 
616 0 
616 0 
616 0 
616 0 
616 0 
616 0 
616 0 
616 0 
616 0 
616 17.68 
616 18.73 
616 18.96 
616 19.54 
616 20.09 
616 20.47 
616 20.84 
616 21.29 
616 21.91 
616 22.48 
616 22.97 
616 23.07 
616 23.56 
616 23.97 
616 24.18 
616 24.58 
616 24.88 
616 25.23 
616 25.4 
616 25.85 
616 25.87 
616 26.51 
616 26.54 
616 26.59 
616 26.95 
616 27.46 
616 27.28 
616 27.78 
616 27.82 
616 28.05 
616 28.33 
616 28.02 
616 28.01 
616 28.15 
616 28.14 
616 28.18 
616 28.59 
616 28.55 
616 28.51 
616 28.44 
616 28.45 
616 28.62 
616 28.48 
616 28.48 
616 28.51 
616 28.67 
616 28.43 
616 28.28 
616 28.3 
616 28.28 
616 28.22 
616 28.13 
616 27.81 
616 27.74 
616 27.47 
616 27.27 
616 27.13 
616 27.22 
616 26.83 
616 26.56 
616 26.32 
616 26.51 
616 26.01 
616 26.01 
616 25.6 
616 25.18 
616 24.94 
616 24.7 
616 24.13 
616 23.95 
616 23.5 
616 22.95 
616 22.76 
616 22.14 
616 21.76 
616 21.45 
616 20.8 
616 20.18 
616 20.28 
616 19.41 
616 19.26 
616 18.4 
616 17.76 
616 17.15 
616 16.83 
616 15.94 
616 15.51 
616 14.89 
616 14.33 
616 13.63 
616 12.96 
616 12.38 
616 11.69 
616 10.84 
616 10.63 
616 10.07 
616 9.26 
616 8.48 
616 7.79 
616 7.07 
616 6.4 
616 5.85 
616 5.02 
616 4.27 
616 3.9 
616 2.95 
616 2.62 
616 2.11 
616 0.52 
616 0.27 
616 0.23 
616 0.2 
616 0.19 
616 0.11 
616 0.15 
616 0.02 
616 0 
616 0 
616 0 
616 0 
616 0 
616 0 
616 0 
616 0 
616 0 
616 0 
616 0 
616 0 
616 0 
616 0 
616 0 
616 0 
616 0 
616 0 
616 0 
616 0 
616 0 
616 0 
616 0 
616 0 
616 0 
616 0 
616 0 
616 0 
616 0 
616 0 
616 0 
616 0 
616 0 
616 0 
616 0 
616 0 
616 0 
616 0 
616 0 
616 0 
616 0 
616 0 
616 0 
616 0 
616 0 
616 0 
616 0 
616 0 
616 0 
616 0 
616 0 
616 0 
616 0 
616 0 
616 0 
616 0 
617 0 
617 0 
617 0 
617 0 
617 0 
617 0 
617 0 
617 0 
617 0 
617 0 
617 0 
617 0 
617 0 
617 0 
617 0 
617 0 
617 0 
617 0 
617 0 
617 0 
617 0 
617 0 
617 0 
617 0 
617 0 
617 0 
617 0 
617 0 
617 0 
617 0 
617 0 
617 0 
617 0 
617 0 
617 0 
617 0 
617 0 
617 0 
617 0 
617 0 
617 0 
617 0 
617 0 
617 0 
617 0 
617 0 
617 0 
617 0 
617 0 
617 0 
617 0 
617 0 
617 0 
617 0 
617 0 
617 0 
617 0 
617 0 
617 0 
617 0 
617 0 
617 0 
617 0 
617 0 
617 0 
617 0 
617 0 
617 0 
617 0 
617 0 
617 0 
617 0 
617 0 
617 0 
617 0 
617 0 
617 0 
617 0 
617 0 
617 0 
617 0 
617 0 
617 0 
617 0 
617 0 
617 0 
617 0 
617 0 
617 0 
617 0 
617 0 
617 0 
617 0 
617 0 
617 0 
617 0 
617 0 
617 0 
617 0 
617 0 
617 0 
617 0 
617 0 
617 0 
617 0 
617 10.87 
617 11.68 
617 12.49 
617 13.22 
617 13.77 
617 14.29 
617 15.03 
617 15.65 
617 16.25 
617 16.93 
617 17.61 
617 18.12 
617 18.54 
617 19.41 
617 19.74 
617 20.16 
617 20.63 
617 21.36 
617 21.5 
617 22.17 
617 22.49 
617 23.04 
617 23.29 
617 23.92 
617 24.04 
617 24.5 
617 24.77 
617 25.07 
617 25.29 
617 25.69 
617 25.95 
617 26.07 
617 26.38 
617 26.59 
617 26.93 
617 26.75 
617 27.2 
617 27.21 
617 27.36 
617 27.39 
617 27.75 
617 27.7 
617 28.03 
617 27.93 
617 28.19 
617 28.21 
617 28.47 
617 28.35 
617 28.64 
617 28.32 
617 28.41 
617 28.41 
617 28.4 
617 28.39 
617 28.29 
617 28.44 
617 28.27 
617 28.07 
617 28.14 
617 27.77 
617 28.13 
617 27.82 
617 27.64 
617 27.51 
617 27.3 
617 27.13 
617 26.93 
617 26.72 
617 26.56 
617 26.11 
617 26.32 
617 26.0 
617 25.81 
617 25.26 
617 25.23 
617 25.0 
617 24.89 
617 24.31 
617 24.1 
617 23.49 
617 23.22 
617 22.97 
617 22.66 
617 22.21 
617 21.82 
617 21.46 
617 20.91 
617 20.6 
617 20.04 
617 19.67 
617 19.25 
617 18.74 
617 18.34 
617 17.68 
617 17.3 
617 16.66 
617 16.14 
617 15.55 
617 15.14 
617 14.47 
617 13.65 
617 12.9 
617 12.53 
617 11.73 
617 11.21 
617 10.37 
617 9.77 
617 9.14 
617 8.41 
617 7.67 
617 7.0 
617 6.3 
617 5.76 
617 4.87 
617 4.32 
617 3.72 
617 3.07 
617 2.63 
617 2.06 
617 0.33 
617 0.25 
617 0.22 
617 0.22 
617 0.14 
617 0.1 
617 0.03 
617 0.05 
617 0 
617 0 
617 0 
617 0 
617 0 
617 0 
617 0 
617 0 
617 0 
617 0 
617 0 
617 0 
617 0 
617 0 
617 0 
617 0 
617 0 
617 0 
617 0 
617 0 
617 0 
617 0 
617 0 
617 0 
617 0 
617 0 
617 0 
617 0 
617 0 
617 0 
617 0 
617 0 
617 0 
617 0 
617 0 
617 0 
617 0 
617 0 
617 0 
617 0 
617 0 
617 0 
617 0 
617 0 
617 0 
617 0 
617 0 
617 0 
617 0 
617 0 
617 0 
617 0 
617 0 
617 0 
617 0 
617 0 
618 0 
618 0 
618 0 
618 0 
618 0 
618 0 
618 0 
618 0 
618 0 
618 0 
618 0 
618 0 
618 0 
618 0 
618 0 
618 0 
618 0 
618 0 
618 0 
618 0 
618 0 
618 0 
618 0 
618 0 
618 0 
618 0 
618 0 
618 0 
618 0 
618 0 
618 0 
618 0 
618 0 
618 0 
618 0 
618 0 
618 0 
618 0 
618 0 
618 0 
618 0 
618 0 
618 0 
618 0 
618 0 
618 0 
618 0 
618 0 
618 0 
618 0 
618 0 
618 0 
618 0 
618 0 
618 0 
618 0 
618 0 
618 0 
618 0 
618 0 
618 0 
618 0 
618 0 
618 0 
618 0 
618 0 
618 0 
618 0 
618 0 
618 0 
618 0 
618 0 
618 0 
618 0 
618 0 
618 0 
618 0 
618 0 
618 0 
618 0 
618 0 
618 0 
618 0 
618 0 
618 0 
618 0 
618 0 
618 0 
618 0 
618 0 
618 0 
618 0 
618 0 
618 0 
618 0 
618 0 
618 0 
618 0 
618 0 
618 0 
618 0 
618 0 
618 0 
618 0 
618 0 
618 0 
618 0 
618 0 
618 0 
618 0 
618 0 
618 0 
618 8.71 
618 11.26 
618 7.74 
618 18.35 
618 18.64 
618 19.28 
618 19.79 
618 20.25 
618 20.82 
618 21.23 
618 21.69 
618 22.45 
618 22.58 
618 23.15 
618 23.36 
618 23.83 
618 24.07 
618 24.32 
618 24.99 
618 25.26 
618 25.56 
618 25.8 
618 25.96 
618 26.41 
618 26.51 
618 26.99 
618 27.27 
618 27.35 
618 27.51 
618 27.89 
618 27.74 
618 28.13 
618 28.06 
618 28.38 
618 28.37 
618 28.43 
618 28.51 
618 28.82 
618 28.98 
618 28.66 
618 28.91 
618 28.78 
618 28.97 
618 29.08 
618 28.94 
618 28.82 
618 28.96 
618 28.92 
618 28.86 
618 28.65 
618 28.59 
618 28.57 
618 28.44 
618 28.29 
618 28.38 
618 28.09 
618 28.02 
618 28.05 
618 27.72 
618 27.53 
618 27.44 
618 27.5 
618 27.15 
618 26.76 
618 26.44 
618 26.26 
618 26.03 
618 25.61 
618 25.3 
618 24.94 
618 24.78 
618 24.32 
618 23.89 
618 23.64 
618 23.4 
618 22.86 
618 22.4 
618 22.27 
618 21.45 
618 21.14 
618 20.71 
618 20.17 
618 19.63 
618 18.95 
618 18.62 
618 18.11 
618 17.76 
618 16.79 
618 16.36 
618 15.98 
618 15.16 
618 14.89 
618 13.89 
618 13.6 
618 12.73 
618 12.34 
618 11.55 
618 10.85 
618 10.41 
618 9.78 
618 8.78 
618 8.22 
618 7.4 
618 6.75 
618 5.95 
618 5.24 
618 4.88 
618 4.11 
618 3.24 
618 2.9 
618 2.39 
618 1.27 
618 0.33 
618 0.27 
618 0.19 
618 0.18 
618 0.12 
618 0.1 
618 0.05 
618 0 
618 0 
618 0 
618 0 
618 0 
618 0 
618 0 
618 0 
618 0 
618 0 
618 0 
618 0 
618 0 
618 0 
618 0 
618 0 
618 0 
618 0 
618 0 
618 0 
618 0 
618 0 
618 0 
618 0 
618 0 
618 0 
618 0 
618 0 
618 0 
618 0 
618 0 
618 0 
618 0 
618 0 
618 0 
618 0 
618 0 
618 0 
618 0 
618 0 
618 0 
618 0 
618 0 
618 0 
618 0 
618 0 
618 0 
618 0 
618 0 
618 0 
618 0 
618 0 
618 0 
618 0 
618 0 
618 0 
618 0 
619 0 
619 0 
619 0 
619 0 
619 0 
619 0 
619 0 
619 0 
619 0 
619 0 
619 0 
619 0 
619 0 
619 0 
619 0 
619 0 
619 0 
619 0 
619 0 
619 0 
619 0 
619 0 
619 0 
619 0 
619 0 
619 0 
619 0 
619 0 
619 0 
619 0 
619 0 
619 0 
619 0 
619 0 
619 0 
619 0 
619 0 
619 0 
619 0 
619 0 
619 0 
619 0 
619 0 
619 0 
619 0 
619 0 
619 0 
619 0 
619 0 
619 0 
619 0 
619 0 
619 0 
619 0 
619 0 
619 0 
619 0 
619 0 
619 0 
619 0 
619 0 
619 0 
619 0 
619 0 
619 0 
619 0 
619 0 
619 0 
619 0 
619 0 
619 0 
619 0 
619 0 
619 0 
619 0 
619 0 
619 0 
619 0 
619 0 
619 0 
619 0 
619 0 
619 0 
619 0 
619 0 
619 0 
619 0 
619 0 
619 0 
619 0 
619 0 
619 0 
619 0 
619 0 
619 0 
619 0 
619 0 
619 0 
619 0 
619 0 
619 0 
619 0 
619 0 
619 0 
619 0 
619 0 
619 0 
619 0 
619 0 
619 0 
619 0 
619 0 
619 0 
619 0 
619 0 
619 0 
619 0 
619 0 
619 0 
619 0 
619 0 
619 0 
619 0 
619 0 
619 0 
619 0 
619 0 
619 0 
619 0 
619 0 
619 23.51 
619 24.13 
619 24.59 
619 24.54 
619 25.02 
619 25.39 
619 25.46 
619 25.85 
619 26.12 
619 26.65 
619 26.6 
619 27.09 
619 27.23 
619 27.12 
619 27.69 
619 27.76 
619 27.75 
619 27.87 
619 28.0 
619 28.16 
619 28.27 
619 28.33 
619 28.36 
619 28.37 
619 28.3 
619 28.1 
619 28.16 
619 28.21 
619 28.25 
619 28.04 
619 28.21 
619 28.02 
619 28.05 
619 27.88 
619 28.06 
619 27.99 
619 27.67 
619 27.52 
619 27.34 
619 27.22 
619 26.94 
619 26.94 
619 26.8 
619 26.72 
619 26.45 
619 25.97 
619 25.96 
619 25.8 
619 25.22 
619 25.2 
619 25.05 
619 24.38 
619 24.25 
619 23.79 
619 23.65 
619 23.12 
619 22.77 
619 22.57 
619 22.3 
619 21.86 
619 21.45 
619 20.92 
619 20.41 
619 19.91 
619 19.47 
619 18.91 
619 18.46 
619 18.2 
619 17.45 
619 16.86 
619 16.56 
619 15.84 
619 15.06 
619 14.47 
619 13.79 
619 13.06 
619 12.59 
619 11.94 
619 11.2 
619 10.61 
619 9.84 
619 9.13 
619 8.62 
619 7.84 
619 7.02 
619 6.38 
619 5.85 
619 5.02 
619 4.52 
619 3.64 
619 3.33 
619 2.81 
619 2.27 
619 0.79 
619 0.33 
619 0.27 
619 0.26 
619 0.16 
619 0.11 
619 0.05 
619 0.08 
619 0 
619 0 
619 0 
619 0 
619 0 
619 0 
619 0 
619 0 
619 0 
619 0 
619 0 
619 0 
619 0 
619 0 
619 0 
619 0 
619 0 
619 0 
619 0 
619 0 
619 0 
619 0 
619 0 
619 0 
619 0 
619 0 
619 0 
619 0 
619 0 
619 0 
619 0 
619 0 
619 0 
619 0 
619 0 
619 0 
619 0 
619 0 
619 0 
619 0 
619 0 
619 0 
619 0 
619 0 
619 0 
619 0 
619 0 
619 0 
619 0 
619 0 
619 0 
619 0 
619 0 
619 0 
619 0 
619 0 
619 0 
620 0 
620 0 
620 0 
620 0 
620 0 
620 0 
620 0 
620 0 
620 0 
620 0 
620 0 
620 0 
620 0 
620 0 
620 0 
620 0 
620 0 
620 0 
620 0 
620 0 
620 0 
620 0 
620 0 
620 0 
620 0 
620 0 
620 0 
620 0 
620 0 
620 0 
620 0 
620 0 
620 0 
620 0 
620 0 
620 0 
620 0 
620 0 
620 0 
620 0 
620 0 
620 0 
620 0 
620 0 
620 0 
620 0 
620 0 
620 0 
620 0 
620 0 
620 0 
620 0 
620 0 
620 0 
620 0 
620 0 
620 0 
620 0 
620 0 
620 0 
620 0 
620 0 
620 0 
620 0 
620 0 
620 0 
620 0 
620 0 
620 0 
620 0 
620 0 
620 0 
620 0 
620 0 
620 0 
620 0 
620 0 
620 0 
620 0 
620 0 
620 0 
620 0 
620 0 
620 0 
620 0 
620 0 
620 0 
620 0 
620 0 
620 0 
620 0 
620 0 
620 0 
620 0 
620 0 
620 0 
620 0 
620 1.16 
620 1.31 
620 1.58 
620 1.71 
620 1.79 
620 2.06 
620 2.18 
620 2.34 
620 2.74 
620 2.83 
620 3.23 
620 3.61 
620 4.17 
620 4.18 
620 4.56 
620 4.43 
620 4.7 
620 5.39 
620 5.81 
620 5.22 
620 6.32 
620 6.67 
620 7.22 
620 7.98 
620 8.75 
620 10.95 
620 11.81 
620 13.04 
620 15.2 
620 18.92 
620 25.2 
620 20.26 
620 24.18 
620 24.3 
620 24.35 
620 24.86 
620 25.21 
620 25.5 
620 25.81 
620 25.92 
620 26.17 
620 26.73 
620 26.74 
620 26.9 
620 27.35 
620 27.56 
620 27.58 
620 27.84 
620 27.7 
620 27.91 
620 27.82 
620 27.9 
620 28.13 
620 28.17 
620 28.2 
620 28.27 
620 28.22 
620 28.28 
620 28.42 
620 28.33 
620 28.15 
620 28.15 
620 28.33 
620 28.25 
620 28.29 
620 28.22 
620 28.12 
620 27.89 
620 27.52 
620 27.62 
620 27.47 
620 27.48 
620 27.42 
620 27.33 
620 27.13 
620 26.8 
620 26.83 
620 26.47 
620 26.35 
620 26.15 
620 25.99 
620 25.77 
620 25.1 
620 24.85 
620 24.54 
620 24.03 
620 23.8 
620 23.2 
620 23.19 
620 22.55 
620 22.15 
620 21.96 
620 21.64 
620 21.06 
620 20.45 
620 20.16 
620 19.84 
620 19.14 
620 18.69 
620 18.21 
620 17.46 
620 16.83 
620 16.72 
620 15.94 
620 15.28 
620 14.77 
620 14.15 
620 13.49 
620 12.66 
620 12.13 
620 11.44 
620 10.79 
620 10.29 
620 9.64 
620 8.83 
620 8.25 
620 7.57 
620 6.86 
620 6.17 
620 5.65 
620 4.84 
620 4.28 
620 3.79 
620 3.01 
620 2.51 
620 2.12 
620 0.5 
620 0.4 
620 0.31 
620 0.29 
620 0.22 
620 0.12 
620 0.12 
620 0.01 
620 0 
620 0 
620 0 
620 0 
620 0 
620 0 
620 0 
620 0 
620 0 
620 0 
620 0 
620 0 
620 0 
620 0 
620 0 
620 0 
620 0 
620 0 
620 0 
620 0 
620 0 
620 0 
620 0 
620 0 
620 0 
620 0 
620 0 
620 0 
620 0 
620 0 
620 0 
620 0 
620 0 
620 0 
620 0 
620 0 
620 0 
620 0 
620 0 
620 0 
620 0 
620 0 
620 0 
620 0 
620 0 
620 0 
620 0 
620 0 
620 0 
620 0 
620 0 
620 0 
620 0 
620 0 
620 0 
620 0 
620 0 
621 0 
621 0 
621 0 
621 0 
621 0 
621 0 
621 0 
621 0 
621 0 
621 0 
621 0 
621 0 
621 0 
621 0 
621 0 
621 0 
621 0 
621 0 
621 0 
621 0 
621 0 
621 0 
621 0 
621 0 
621 0 
621 0 
621 0 
621 0 
621 0 
621 0 
621 0 
621 0 
621 0 
621 0 
621 0 
621 0 
621 0 
621 0 
621 0 
621 0 
621 0 
621 0 
621 0 
621 0 
621 0 
621 0 
621 0 
621 0 
621 0 
621 0 
621 0 
621 0 
621 0 
621 0 
621 0 
621 0 
621 0 
621 0 
621 0 
621 0 
621 0 
621 0 
621 0 
621 0 
621 0 
621 0 
621 0 
621 0 
621 0 
621 0 
621 0 
621 0 
621 0 
621 0 
621 0 
621 0 
621 0 
621 0 
621 0 
621 0 
621 0 
621 0 
621 0 
621 0 
621 0 
621 0 
621 0 
621 0 
621 0 
621 0 
621 0 
621 0 
621 0 
621 0 
621 0 
621 0 
621 0 
621 0 
621 0 
621 0 
621 0 
621 0 
621 0 
621 0 
621 0 
621 0 
621 0 
621 0 
621 0 
621 0 
621 0 
621 0 
621 0 
621 0 
621 0 
621 0 
621 0 
621 0 
621 0 
621 0 
621 0 
621 0 
621 0 
621 0 
621 0 
621 0 
621 0 
621 0 
621 0 
621 0 
621 0 
621 0 
621 0 
621 0 
621 0 
621 24.81 
621 25.21 
621 25.68 
621 25.9 
621 26.06 
621 26.43 
621 26.31 
621 26.66 
621 26.81 
621 27.1 
621 27.22 
621 27.36 
621 27.42 
621 27.34 
621 27.75 
621 27.55 
621 27.68 
621 27.61 
621 27.78 
621 27.63 
621 27.98 
621 27.81 
621 27.6 
621 27.75 
621 27.76 
621 27.8 
621 27.51 
621 27.54 
621 27.36 
621 27.46 
621 27.51 
621 27.04 
621 27.09 
621 27.02 
621 26.73 
621 26.55 
621 26.34 
621 26.07 
621 25.87 
621 25.71 
621 25.52 
621 24.81 
621 25.03 
621 24.75 
621 24.51 
621 24.19 
621 24.07 
621 23.79 
621 23.18 
621 22.84 
621 22.3 
621 22.05 
621 22.0 
621 21.25 
621 21.04 
621 20.4 
621 19.97 
621 19.65 
621 19.08 
621 18.76 
621 18.3 
621 17.6 
621 17.18 
621 16.5 
621 16.01 
621 15.35 
621 14.8 
621 14.13 
621 13.72 
621 13.06 
621 12.41 
621 11.96 
621 11.2 
621 10.42 
621 9.73 
621 9.25 
621 8.3 
621 7.75 
621 7.25 
621 6.6 
621 5.81 
621 5.2 
621 4.52 
621 3.84 
621 3.33 
621 2.89 
621 2.48 
621 1.8 
621 0.54 
621 0.44 
621 0.38 
621 0.34 
621 0.24 
621 0.12 
621 0.11 
621 0.05 
621 0 
621 0 
621 0 
621 0 
621 0 
621 0 
621 0 
621 0 
621 0 
621 0 
621 0 
621 0 
621 0 
621 0 
621 0 
621 0 
621 0 
621 0 
621 0 
621 0 
621 0 
621 0 
621 0 
621 0 
621 0 
621 0 
621 0 
621 0 
621 0 
621 0 
621 0 
621 0 
621 0 
621 0 
621 0 
621 0 
621 0 
621 0 
621 0 
621 0 
621 0 
621 0 
621 0 
621 0 
621 0 
621 0 
621 0 
621 0 
621 0 
621 0 
621 0 
621 0 
621 0 
621 0 
621 0 
621 0 
621 0 
622 0 
622 0 
622 0 
622 0 
622 0 
622 0 
622 0 
622 0 
622 0 
622 0 
622 0 
622 0 
622 0 
622 0 
622 0 
622 0 
622 0 
622 0 
622 0 
622 0 
622 0 
622 0 
622 0 
622 0 
622 0 
622 0 
622 0 
622 0 
622 0 
622 0 
622 0 
622 0 
622 0 
622 0 
622 0 
622 0 
622 0 
622 0 
622 0 
622 0 
622 0 
622 0 
622 0 
622 0 
622 0 
622 0 
622 0 
622 0 
622 0 
622 0 
622 0 
622 0 
622 0 
622 0 
622 0 
622 0 
622 0 
622 0 
622 0 
622 0 
622 0 
622 0 
622 0 
622 0 
622 0 
622 0 
622 0 
622 0 
622 0 
622 0 
622 0 
622 0 
622 0 
622 0 
622 0 
622 0 
622 0 
622 0 
622 0 
622 0 
622 0 
622 0 
622 0 
622 0 
622 0 
622 0 
622 0 
622 0 
622 0 
622 0 
622 0 
622 0 
622 0 
622 0 
622 0 
622 0 
622 0 
622 0 
622 0 
622 0 
622 0 
622 0 
622 0 
622 0 
622 0 
622 0 
622 0 
622 0 
622 0 
622 0 
622 0 
622 0 
622 0 
622 0 
622 0 
622 0 
622 0 
622 0 
622 0 
622 0 
622 0 
622 0 
622 0 
622 8.64 
622 10.3 
622 11.13 
622 12.22 
622 11.92 
622 17.45 
622 24.28 
622 24.39 
622 24.9 
622 24.71 
622 24.62 
622 24.76 
622 25.13 
622 25.26 
622 25.54 
622 25.78 
622 26.11 
622 26.23 
622 26.57 
622 26.42 
622 26.88 
622 27.01 
622 26.95 
622 27.21 
622 27.26 
622 27.34 
622 27.68 
622 27.73 
622 27.61 
622 27.58 
622 27.83 
622 27.77 
622 27.87 
622 28.05 
622 27.9 
622 27.74 
622 27.65 
622 27.85 
622 27.56 
622 27.62 
622 27.59 
622 27.47 
622 27.28 
622 27.45 
622 26.96 
622 26.98 
622 26.7 
622 26.72 
622 26.27 
622 26.3 
622 26.34 
622 25.91 
622 25.58 
622 25.32 
622 25.12 
622 25.34 
622 24.91 
622 24.34 
622 23.9 
622 23.76 
622 23.27 
622 23.18 
622 22.73 
622 22.57 
622 21.92 
622 21.51 
622 21.13 
622 20.73 
622 20.29 
622 19.77 
622 19.42 
622 18.69 
622 18.34 
622 17.6 
622 17.34 
622 16.68 
622 16.02 
622 15.57 
622 14.95 
622 14.27 
622 13.69 
622 13.12 
622 12.67 
622 11.8 
622 11.19 
622 10.5 
622 9.96 
622 9.25 
622 8.71 
622 8.02 
622 7.2 
622 6.56 
622 5.76 
622 5.05 
622 4.54 
622 4.05 
622 3.54 
622 2.96 
622 2.48 
622 0.79 
622 0.43 
622 0.43 
622 0.31 
622 0.28 
622 0.21 
622 0.12 
622 0.03 
622 0.01 
622 0 
622 0 
622 0 
622 0 
622 0 
622 0 
622 0 
622 0 
622 0 
622 0 
622 0 
622 0 
622 0 
622 0 
622 0 
622 0 
622 0 
622 0 
622 0 
622 0 
622 0 
622 0 
622 0 
622 0 
622 0 
622 0 
622 0 
622 0 
622 0 
622 0 
622 0 
622 0 
622 0 
622 0 
622 0 
622 0 
622 0 
622 0 
622 0 
622 0 
622 0 
622 0 
622 0 
622 0 
622 0 
622 0 
622 0 
622 0 
622 0 
622 0 
622 0 
622 0 
622 0 
622 0 
622 0 
622 0 
622 0 
623 0 
623 0 
623 0 
623 0 
623 0 
623 0 
623 0 
623 0 
623 0 
623 0 
623 0 
623 0 
623 0 
623 0 
623 0 
623 0 
623 0 
623 0 
623 0 
623 0 
623 0 
623 0 
623 0 
623 0 
623 0 
623 0 
623 0 
623 0 
623 0 
623 0 
623 0 
623 0 
623 0 
623 0 
623 0 
623 0 
623 0 
623 0 
623 0 
623 0 
623 0 
623 0 
623 0 
623 0 
623 0 
623 0 
623 0 
623 0 
623 0 
623 0 
623 0 
623 0 
623 0 
623 0 
623 0 
623 0 
623 0 
623 0 
623 0 
623 0 
623 0 
623 0 
623 0 
623 0 
623 0 
623 0 
623 0 
623 0 
623 0 
623 0 
623 0 
623 0 
623 0 
623 0 
623 0 
623 0 
623 0 
623 0 
623 0 
623 0 
623 0 
623 0 
623 0 
623 0 
623 0 
623 0 
623 0 
623 0 
623 0 
623 0 
623 0 
623 0 
623 0 
623 0 
623 0 
623 0 
623 0 
623 0 
623 0 
623 0 
623 0 
623 0 
623 0 
623 0 
623 0 
623 0 
623 0 
623 0 
623 0 
623 0 
623 0 
623 0 
623 0 
623 0 
623 0 
623 0 
623 0 
623 0 
623 0 
623 0 
623 18.98 
623 19.74 
623 20.29 
623 20.65 
623 20.98 
623 21.62 
623 21.91 
623 22.58 
623 22.78 
623 23.01 
623 23.44 
623 23.74 
623 24.26 
623 24.33 
623 24.44 
623 24.79 
623 25.17 
623 25.5 
623 25.72 
623 25.72 
623 26.2 
623 26.03 
623 26.31 
623 26.38 
623 26.63 
623 26.89 
623 26.83 
623 27.05 
623 27.38 
623 27.57 
623 27.64 
623 27.78 
623 27.79 
623 27.85 
623 27.72 
623 27.83 
623 27.7 
623 27.93 
623 27.7 
623 27.7 
623 27.65 
623 27.58 
623 27.86 
623 27.73 
623 27.33 
623 27.58 
623 27.45 
623 27.34 
623 26.85 
623 27.07 
623 26.99 
623 26.65 
623 26.56 
623 26.33 
623 26.06 
623 25.85 
623 25.54 
623 25.42 
623 25.37 
623 24.67 
623 24.11 
623 24.15 
623 23.73 
623 23.51 
623 23.04 
623 22.65 
623 22.45 
623 21.68 
623 21.41 
623 21.07 
623 20.51 
623 20.17 
623 19.57 
623 18.97 
623 18.49 
623 17.99 
623 17.52 
623 17.09 
623 16.4 
623 15.95 
623 15.39 
623 14.8 
623 14.21 
623 13.45 
623 13.07 
623 12.17 
623 11.76 
623 11.02 
623 10.57 
623 9.65 
623 8.98 
623 8.27 
623 7.75 
623 6.78 
623 6.37 
623 5.51 
623 4.8 
623 4.43 
623 3.66 
623 3.39 
623 2.82 
623 2.21 
623 0.47 
623 0.44 
623 0.34 
623 0.35 
623 0.19 
623 0.12 
623 0.1 
623 0.01 
623 0 
623 0 
623 0 
623 0 
623 0 
623 0 
623 0 
623 0 
623 0 
623 0 
623 0 
623 0 
623 0 
623 0 
623 0 
623 0 
623 0 
623 0 
623 0 
623 0 
623 0 
623 0 
623 0 
623 0 
623 0 
623 0 
623 0 
623 0 
623 0 
623 0 
623 0 
623 0 
623 0 
623 0 
623 0 
623 0 
623 0 
623 0 
623 0 
623 0 
623 0 
623 0 
623 0 
623 0 
623 0 
623 0 
623 0 
623 0 
623 0 
623 0 
623 0 
623 0 
623 0 
623 0 
623 0 
623 0 
623 0 
623 0 
624 0 
624 0 
624 0 
624 0 
624 0 
624 0 
624 0 
624 0 
624 0 
624 0 
624 0 
624 0 
624 0 
624 0 
624 0 
624 0 
624 0 
624 0 
624 0 
624 0 
624 0 
624 0 
624 0 
624 0 
624 0 
624 0 
624 0 
624 0 
624 0 
624 0 
624 0 
624 0 
624 0 
624 0 
624 0 
624 0 
624 0 
624 0 
624 0 
624 0 
624 0 
624 0 
624 0 
624 0 
624 0 
624 0 
624 0 
624 0 
624 0 
624 0 
624 0 
624 0 
624 0 
624 0 
624 0 
624 0 
624 0 
624 0 
624 0 
624 0 
624 0 
624 0 
624 0 
624 0 
624 0 
624 0 
624 0 
624 0 
624 0 
624 0 
624 0 
624 0 
624 0 
624 0 
624 0 
624 0 
624 0 
624 0 
624 0 
624 0 
624 0 
624 0 
624 0 
624 0 
624 0 
624 0 
624 0 
624 0 
624 0 
624 0.17 
624 0.41 
624 0.26 
624 0.6 
624 0.57 
624 0.91 
624 0.91 
624 1.48 
624 1.59 
624 2.05 
624 1.92 
624 2.12 
624 3.73 
624 1.88 
624 3.7 
624 2.81 
624 5.07 
624 4.48 
624 4.6 
624 4.65 
624 5.87 
624 6.89 
624 8.64 
624 8.5 
624 9.44 
624 8.36 
624 7.66 
624 10.29 
624 7.83 
624 12.28 
624 9.67 
624 14.39 
624 19.27 
624 7.03 
624 5.04 
624 17.33 
624 9.49 
624 22.65 
624 4.08 
624 19.4 
624 23.57 
624 9.99 
624 24.01 
624 24.74 
624 24.73 
624 24.86 
624 25.83 
624 26.1 
624 27.51 
624 18.51 
624 30.78 
624 30.15 
624 27.46 
624 24.86 
624 29.22 
624 29.09 
624 13.3 
624 28.94 
624 29.09 
624 28.5 
624 28.07 
624 27.74 
624 28.09 
624 28.15 
624 28.75 
624 28.61 
624 28.1 
624 27.97 
624 28.18 
624 27.59 
624 27.62 
624 27.28 
624 27.33 
624 27.22 
624 27.18 
624 26.99 
624 26.77 
624 26.82 
624 26.58 
624 26.4 
624 26.29 
624 26.12 
624 25.77 
624 25.83 
624 25.4 
624 25.26 
624 24.86 
624 24.51 
624 24.74 
624 24.45 
624 24.33 
624 23.92 
624 23.73 
624 23.31 
624 23.03 
624 22.37 
624 22.24 
624 21.83 
624 21.59 
624 21.1 
624 20.74 
624 20.14 
624 19.78 
624 19.4 
624 19.07 
624 18.5 
624 17.96 
624 17.47 
624 16.92 
624 16.37 
624 15.74 
624 15.13 
624 14.39 
624 13.77 
624 13.13 
624 12.58 
624 12.06 
624 11.29 
624 10.51 
624 10.05 
624 9.32 
624 8.62 
624 8.06 
624 7.33 
624 6.69 
624 6.09 
624 5.3 
624 4.64 
624 4.01 
624 3.46 
624 2.96 
624 2.49 
624 1.93 
624 0.63 
624 0.52 
624 0.44 
624 0.32 
624 0.28 
624 0.2 
624 0.06 
624 0 
624 0 
624 0 
624 0 
624 0 
624 0 
624 0 
624 0 
624 0 
624 0 
624 0 
624 0 
624 0 
624 0 
624 0 
624 0 
624 0 
624 0 
624 0 
624 0 
624 0 
624 0 
624 0 
624 0 
624 0 
624 0 
624 0 
624 0 
624 0 
624 0 
624 0 
624 0 
624 0 
624 0 
624 0 
624 0 
624 0 
624 0 
624 0 
624 0 
624 0 
624 0 
624 0 
624 0 
624 0 
624 0 
624 0 
624 0 
624 0 
624 0 
624 0 
624 0 
624 0 
624 0 
624 0 
624 0 
624 0 
624 0 
624 0 
625 0 
625 0 
625 0 
625 0 
625 0 
625 0 
625 0 
625 0 
625 0 
625 0 
625 0 
625 0 
625 0 
625 0 
625 0 
625 0 
625 0 
625 0 
625 0 
625 0 
625 0 
625 0 
625 0 
625 0 
625 0 
625 0 
625 0 
625 0 
625 0 
625 0 
625 0 
625 0 
625 0 
625 0 
625 0 
625 0 
625 0 
625 0 
625 0 
625 0 
625 0 
625 0 
625 0 
625 0 
625 0 
625 0 
625 0 
625 0 
625 0 
625 0 
625 0 
625 0 
625 0 
625 0 
625 0 
625 0 
625 0 
625 0 
625 0 
625 0 
625 0 
625 0 
625 0 
625 0 
625 0 
625 0 
625 0 
625 0 
625 0 
625 0 
625 0 
625 0 
625 0 
625 0 
625 0 
625 0 
625 0 
625 0 
625 0 
625 0 
625 0 
625 0 
625 0 
625 0 
625 0 
625 0 
625 0 
625 0.09 
625 0.2 
625 0.24 
625 0.32 
625 0.23 
625 0.3 
625 0.53 
625 0.47 
625 1.01 
625 1.12 
625 1.53 
625 2.54 
625 1.42 
625 3.12 
625 3.74 
625 3.44 
625 3.56 
625 4.11 
625 3.48 
625 3.35 
625 4.54 
625 4.95 
625 5.12 
625 5.38 
625 5.89 
625 6.57 
625 6.99 
625 6.84 
625 7.59 
625 6.75 
625 8.17 
625 7.35 
625 8.93 
625 9.84 
625 9.68 
625 12.11 
625 16.41 
625 25.61 
625 23.86 
625 24.03 
625 23.9 
625 24.15 
625 24.5 
625 24.16 
625 24.05 
625 24.28 
625 24.9 
625 24.96 
625 25.36 
625 25.64 
625 25.91 
625 26.22 
625 26.16 
625 26.6 
625 26.49 
625 26.71 
625 26.98 
625 27.26 
625 27.18 
625 27.4 
625 27.56 
625 27.6 
625 27.66 
625 27.95 
625 27.74 
625 27.94 
625 27.87 
625 28.0 
625 27.83 
625 28.07 
625 27.8 
625 27.57 
625 27.88 
625 27.93 
625 27.66 
625 27.67 
625 27.56 
625 27.31 
625 27.16 
625 26.96 
625 27.08 
625 26.82 
625 26.6 
625 26.71 
625 26.54 
625 26.2 
625 26.04 
625 25.53 
625 25.53 
625 25.39 
625 25.07 
625 24.86 
625 24.59 
625 24.33 
625 24.02 
625 23.6 
625 23.27 
625 23.1 
625 22.8 
625 22.26 
625 21.78 
625 21.55 
625 20.16 
625 17.45 
625 19.04 
625 19.55 
625 19.15 
625 18.49 
625 17.95 
625 17.5 
625 16.95 
625 16.35 
625 15.76 
625 15.28 
625 14.65 
625 13.03 
625 13.63 
625 12.87 
625 12.18 
625 11.57 
625 11.01 
625 9.59 
625 9.54 
625 8.29 
625 8.1 
625 6.84 
625 5.7 
625 6.05 
625 5.47 
625 4.89 
625 3.95 
625 3.63 
625 3.4 
625 2.62 
625 1.31 
625 0.7 
625 0.58 
625 0.51 
625 0.38 
625 0.33 
625 0.17 
625 0.07 
625 0.06 
625 0 
625 0 
625 0 
625 0 
625 0 
625 0 
625 0 
625 0 
625 0 
625 0 
625 0 
625 0 
625 0 
625 0 
625 0 
625 0 
625 0 
625 0 
625 0 
625 0 
625 0 
625 0 
625 0 
625 0 
625 0 
625 0 
625 0 
625 0 
625 0 
625 0 
625 0 
625 0 
625 0 
625 0 
625 0 
625 0 
625 0 
625 0 
625 0 
625 0 
625 0 
625 0 
625 0 
625 0 
625 0 
625 0 
625 0 
625 0 
625 0 
625 0 
625 0 
625 0 
625 0 
625 0 
625 0 
625 0 
625 0 
625 0 
626 0 
626 0 
626 0 
626 0 
626 0 
626 0 
626 0 
626 0 
626 0 
626 0 
626 0 
626 0 
626 0 
626 0 
626 0 
626 0 
626 0 
626 0 
626 0 
626 0 
626 0 
626 0 
626 0 
626 0 
626 0 
626 0 
626 0 
626 0 
626 0 
626 0 
626 0 
626 0 
626 0 
626 0 
626 0 
626 0 
626 0 
626 0 
626 0 
626 0 
626 0 
626 0 
626 0 
626 0 
626 0 
626 0 
626 0 
626 0 
626 0 
626 0 
626 0 
626 0 
626 0 
626 0 
626 0 
626 0 
626 0 
626 0 
626 0 
626 0 
626 0 
626 0 
626 0 
626 0 
626 0 
626 0 
626 0 
626 0 
626 0 
626 0 
626 0 
626 0 
626 0 
626 0 
626 0 
626 0 
626 0 
626 0 
626 0 
626 0 
626 0 
626 0 
626 0 
626 0 
626 0 
626 0 
626 0 
626 0 
626 0 
626 0 
626 0 
626 0 
626 0 
626 0 
626 0 
626 0 
626 0 
626 0 
626 0 
626 0 
626 0 
626 0 
626 0 
626 0 
626 0 
626 0 
626 0 
626 0 
626 0 
626 0 
626 0 
626 0 
626 0 
626 0 
626 0 
626 0 
626 0 
626 0 
626 0 
626 0 
626 0 
626 0 
626 0 
626 0 
626 0 
626 0 
626 0 
626 21.66 
626 22.07 
626 22.56 
626 22.84 
626 23.14 
626 23.46 
626 23.89 
626 23.98 
626 24.25 
626 24.8 
626 25.01 
626 25.0 
626 25.21 
626 25.24 
626 25.56 
626 25.87 
626 26.14 
626 26.24 
626 26.34 
626 26.62 
626 26.69 
626 26.95 
626 26.8 
626 26.77 
626 26.8 
626 27.07 
626 27.11 
626 27.03 
626 27.28 
626 27.33 
626 27.24 
626 27.21 
626 27.12 
626 26.94 
626 26.91 
626 27.03 
626 26.71 
626 26.42 
626 26.34 
626 26.63 
626 26.59 
626 26.38 
626 26.46 
626 26.46 
626 26.29 
626 26.28 
626 25.95 
626 25.58 
626 25.38 
626 25.26 
626 24.89 
626 24.55 
626 24.7 
626 24.11 
626 23.92 
626 23.43 
626 23.0 
626 22.69 
626 22.4 
626 21.88 
626 21.42 
626 21.34 
626 20.85 
626 20.24 
626 19.89 
626 19.21 
626 18.81 
626 18.24 
626 17.78 
626 17.34 
626 16.71 
626 16.01 
626 15.49 
626 14.94 
626 14.25 
626 13.65 
626 13.17 
626 12.5 
626 11.74 
626 11.1 
626 10.56 
626 9.87 
626 9.24 
626 8.6 
626 7.82 
626 7.13 
626 6.46 
626 5.89 
626 5.25 
626 4.57 
626 3.85 
626 3.34 
626 2.76 
626 2.31 
626 0.57 
626 0.53 
626 0.45 
626 0.31 
626 0.3 
626 0.19 
626 0.07 
626 0.06 
626 0 
626 0 
626 0 
626 0 
626 0 
626 0 
626 0 
626 0 
626 0 
626 0 
626 0 
626 0 
626 0 
626 0 
626 0 
626 0 
626 0 
626 0 
626 0 
626 0 
626 0 
626 0 
626 0 
626 0 
626 0 
626 0 
626 0 
626 0 
626 0 
626 0 
626 0 
626 0 
626 0 
626 0 
626 0 
626 0 
626 0 
626 0 
626 0 
626 0 
626 0 
626 0 
626 0 
626 0 
626 0 
626 0 
626 0 
626 0 
626 0 
626 0 
626 0 
626 0 
626 0 
626 0 
626 0 
626 0 
626 0 
626 0 
626 0 
627 0 
627 0 
627 0 
627 0 
627 0 
627 0 
627 0 
627 0 
627 0 
627 0 
627 0 
627 0 
627 0 
627 0 
627 0 
627 0 
627 0 
627 0 
627 0 
627 0 
627 0 
627 0 
627 0 
627 0 
627 0 
627 0 
627 0 
627 0 
627 0 
627 0 
627 0 
627 0 
627 0 
627 0 
627 0 
627 0 
627 0 
627 0 
627 0 
627 0 
627 0 
627 0 
627 0 
627 0 
627 0 
627 0 
627 0 
627 0 
627 0 
627 0 
627 0 
627 0 
627 0 
627 0 
627 0 
627 0 
627 0 
627 0 
627 0 
627 0 
627 0 
627 0 
627 0 
627 0 
627 0 
627 0 
627 0 
627 0 
627 0 
627 0 
627 0 
627 0 
627 0 
627 0 
627 0 
627 0 
627 0 
627 0 
627 0 
627 0 
627 0 
627 0 
627 0 
627 0 
627 0 
627 0 
627 0 
627 0 
627 0 
627 0 
627 0 
627 0 
627 0 
627 0 
627 0 
627 0 
627 0 
627 0 
627 0 
627 0 
627 0 
627 0 
627 0 
627 0 
627 0 
627 0 
627 0 
627 10.73 
627 11.45 
627 12.15 
627 12.8 
627 13.55 
627 14.25 
627 14.72 
627 15.4 
627 16.0 
627 16.6 
627 17.13 
627 17.55 
627 17.99 
627 18.54 
627 19.15 
627 19.74 
627 20.0 
627 20.78 
627 21.0 
627 21.5 
627 21.76 
627 22.21 
627 22.59 
627 22.91 
627 23.16 
627 23.42 
627 24.07 
627 24.34 
627 24.49 
627 24.97 
627 25.46 
627 25.52 
627 25.62 
627 25.81 
627 25.97 
627 26.31 
627 26.27 
627 26.51 
627 26.64 
627 26.9 
627 26.74 
627 26.93 
627 27.03 
627 27.09 
627 27.08 
627 27.16 
627 27.06 
627 27.43 
627 27.45 
627 27.05 
627 27.36 
627 27.15 
627 27.14 
627 27.28 
627 27.24 
627 26.97 
627 26.71 
627 26.73 
627 26.8 
627 26.43 
627 26.17 
627 26.08 
627 25.87 
627 25.9 
627 25.59 
627 25.33 
627 24.97 
627 24.84 
627 24.28 
627 24.08 
627 23.92 
627 23.33 
627 23.4 
627 22.87 
627 22.36 
627 21.89 
627 21.4 
627 21.26 
627 20.87 
627 20.71 
627 20.16 
627 19.8 
627 18.97 
627 18.95 
627 18.42 
627 17.92 
627 17.62 
627 17.1 
627 16.42 
627 16.12 
627 15.77 
627 15.0 
627 14.25 
627 13.7 
627 13.26 
627 12.51 
627 12.13 
627 11.27 
627 10.65 
627 10.02 
627 9.37 
627 8.81 
627 8.25 
627 7.3 
627 6.76 
627 6.11 
627 5.24 
627 4.79 
627 4.2 
627 3.91 
627 3.41 
627 2.84 
627 2.38 
627 1.77 
627 0.88 
627 0.72 
627 0.63 
627 0.45 
627 0.35 
627 0.18 
627 0.11 
627 0 
627 0.03 
627 0 
627 0 
627 0 
627 0 
627 0 
627 0 
627 0 
627 0 
627 0 
627 0 
627 0 
627 0 
627 0 
627 0 
627 0 
627 0 
627 0 
627 0 
627 0 
627 0 
627 0 
627 0 
627 0 
627 0 
627 0 
627 0 
627 0 
627 0 
627 0 
627 0 
627 0 
627 0 
627 0 
627 0 
627 0 
627 0 
627 0 
627 0 
627 0 
627 0 
627 0 
627 0 
627 0 
627 0 
627 0 
627 0 
627 0 
627 0 
627 0 
627 0 
627 0 
627 0 
627 0 
627 0 
627 0 
627 0 
627 0 
627 0 
628 0 
628 0 
628 0 
628 0 
628 0 
628 0 
628 0 
628 0 
628 0 
628 0 
628 0 
628 0 
628 0 
628 0 
628 0 
628 0 
628 0 
628 0 
628 0 
628 0 
628 0 
628 0 
628 0 
628 0 
628 0 
628 0 
628 0 
628 0 
628 0 
628 0 
628 0 
628 0 
628 0 
628 0 
628 0 
628 0 
628 0 
628 0 
628 0 
628 0 
628 0 
628 0 
628 0 
628 0 
628 0 
628 0 
628 0 
628 0 
628 0 
628 0 
628 0 
628 0 
628 0 
628 0 
628 0 
628 0 
628 0 
628 0 
628 0 
628 0 
628 0 
628 0 
628 0 
628 0 
628 0 
628 0 
628 0 
628 0 
628 0 
628 0 
628 0 
628 0 
628 0 
628 0 
628 0 
628 0 
628 0 
628 0 
628 0 
628 0 
628 0 
628 0 
628 0 
628 0 
628 0 
628 0 
628 0 
628 0 
628 0 
628 0 
628 0 
628 0 
628 0 
628 0 
628 0 
628 0 
628 0 
628 0 
628 0 
628 0 
628 0 
628 0 
628 0 
628 0 
628 0 
628 0 
628 0 
628 0 
628 0 
628 0 
628 0 
628 1.94 
628 2.24 
628 2.32 
628 2.62 
628 2.81 
628 2.74 
628 2.65 
628 2.88 
628 2.96 
628 3.14 
628 3.55 
628 4.36 
628 4.27 
628 4.4 
628 4.68 
628 4.69 
628 4.99 
628 5.68 
628 6.67 
628 8.42 
628 9.13 
628 11.39 
628 10.94 
628 12.2 
628 13.34 
628 17.78 
628 21.18 
628 16.63 
628 24.43 
628 25.99 
628 25.97 
628 26.18 
628 26.12 
628 26.42 
628 26.46 
628 26.97 
628 26.58 
628 26.66 
628 26.73 
628 26.63 
628 26.65 
628 26.97 
628 26.92 
628 27.05 
628 26.98 
628 26.72 
628 26.83 
628 26.97 
628 26.58 
628 26.78 
628 26.72 
628 26.64 
628 26.45 
628 26.35 
628 25.93 
628 26.3 
628 26.08 
628 25.61 
628 26.16 
628 26.01 
628 25.71 
628 25.25 
628 25.4 
628 25.05 
628 24.88 
628 24.38 
628 24.45 
628 24.15 
628 23.55 
628 23.08 
628 22.98 
628 23.0 
628 22.42 
628 22.01 
628 21.61 
628 21.06 
628 20.73 
628 20.18 
628 19.93 
628 19.53 
628 19.23 
628 18.97 
628 18.39 
628 17.48 
628 16.78 
628 16.33 
628 15.75 
628 15.02 
628 14.19 
628 13.79 
628 13.19 
628 12.58 
628 11.9 
628 11.36 
628 10.95 
628 10.32 
628 9.65 
628 8.86 
628 8.27 
628 7.36 
628 6.91 
628 6.24 
628 5.58 
628 4.98 
628 4.29 
628 3.76 
628 3.27 
628 2.83 
628 2.24 
628 1.26 
628 0.78 
628 0.7 
628 0.56 
628 0.44 
628 0.39 
628 0.22 
628 0.1 
628 0 
628 0 
628 0 
628 0 
628 0 
628 0 
628 0 
628 0 
628 0 
628 0 
628 0 
628 0 
628 0 
628 0 
628 0 
628 0 
628 0 
628 0 
628 0 
628 0 
628 0 
628 0 
628 0 
628 0 
628 0 
628 0 
628 0 
628 0 
628 0 
628 0 
628 0 
628 0 
628 0 
628 0 
628 0 
628 0 
628 0 
628 0 
628 0 
628 0 
628 0 
628 0 
628 0 
628 0 
628 0 
628 0 
628 0 
628 0 
628 0 
628 0 
628 0 
628 0 
628 0 
628 0 
628 0 
628 0 
628 0 
628 0 
628 0 
628 0 
629 0 
629 0 
629 0 
629 0 
629 0 
629 0 
629 0 
629 0 
629 0 
629 0 
629 0 
629 0 
629 0 
629 0 
629 0 
629 0 
629 0 
629 0 
629 0 
629 0 
629 0 
629 0 
629 0 
629 0 
629 0 
629 0 
629 0 
629 0 
629 0 
629 0 
629 0 
629 0 
629 0 
629 0 
629 0 
629 0 
629 0 
629 0 
629 0 
629 0 
629 0 
629 0 
629 0 
629 0 
629 0 
629 0 
629 0 
629 0 
629 0 
629 0 
629 0 
629 0 
629 0 
629 0 
629 0 
629 0 
629 0 
629 0 
629 0 
629 0 
629 0 
629 0 
629 0 
629 0 
629 0 
629 0 
629 0 
629 0 
629 0 
629 0 
629 0 
629 0 
629 0 
629 0 
629 0 
629 0 
629 0 
629 0 
629 0 
629 0 
629 0 
629 0 
629 0 
629 0 
629 0 
629 0 
629 0 
629 0 
629 0 
629 0 
629 0 
629 0 
629 0 
629 0 
629 0 
629 0 
629 0 
629 0 
629 0 
629 0 
629 0 
629 0 
629 0 
629 0 
629 0 
629 0 
629 0 
629 0 
629 0 
629 0 
629 0 
629 0 
629 0 
629 0 
629 0 
629 0 
629 0 
629 0 
629 0 
629 0 
629 0 
629 0 
629 0 
629 0 
629 0 
629 0 
629 0 
629 0 
629 0 
629 0 
629 0 
629 0 
629 0 
629 0 
629 23.98 
629 24.88 
629 24.88 
629 25.4 
629 25.61 
629 25.6 
629 26.12 
629 26.39 
629 26.37 
629 26.37 
629 26.56 
629 26.65 
629 26.82 
629 27.08 
629 27.14 
629 27.32 
629 27.21 
629 27.63 
629 27.63 
629 27.13 
629 27.6 
629 27.34 
629 27.04 
629 27.16 
629 27.44 
629 27.21 
629 27.07 
629 27.18 
629 26.93 
629 27.14 
629 27.15 
629 26.89 
629 27.01 
629 26.44 
629 26.48 
629 26.05 
629 26.21 
629 25.74 
629 25.91 
629 25.52 
629 25.11 
629 25.1 
629 25.13 
629 24.68 
629 24.48 
629 24.01 
629 23.69 
629 23.43 
629 22.95 
629 22.83 
629 22.48 
629 22.26 
629 21.8 
629 21.51 
629 21.15 
629 20.5 
629 19.9 
629 19.76 
629 19.44 
629 18.38 
629 17.97 
629 17.71 
629 17.12 
629 16.42 
629 16.04 
629 15.46 
629 14.75 
629 14.19 
629 13.63 
629 12.78 
629 12.31 
629 11.49 
629 10.87 
629 9.97 
629 9.6 
629 9.04 
629 8.05 
629 7.65 
629 6.87 
629 6.27 
629 5.56 
629 4.92 
629 4.19 
629 3.78 
629 3.2 
629 2.67 
629 0.82 
629 0.7 
629 0.58 
629 0.45 
629 0.41 
629 0.26 
629 0.15 
629 0.1 
629 0.01 
629 0 
629 0 
629 0 
629 0 
629 0 
629 0 
629 0 
629 0 
629 0 
629 0 
629 0 
629 0 
629 0 
629 0 
629 0 
629 0 
629 0 
629 0 
629 0 
629 0 
629 0 
629 0 
629 0 
629 0 
629 0 
629 0 
629 0 
629 0 
629 0 
629 0 
629 0 
629 0 
629 0 
629 0 
629 0 
629 0 
629 0 
629 0 
629 0 
629 0 
629 0 
629 0 
629 0 
629 0 
629 0 
629 0 
629 0 
629 0 
629 0 
629 0 
629 0 
629 0 
629 0 
629 0 
629 0 
629 0 
629 0 
629 0 
629 0 
630 0 
630 0 
630 0 
630 0 
630 0 
630 0 
630 0 
630 0 
630 0 
630 0 
630 0 
630 0 
630 0 
630 0 
630 0 
630 0 
630 0 
630 0 
630 0 
630 0 
630 0 
630 0 
630 0 
630 0 
630 0 
630 0 
630 0 
630 0 
630 0 
630 0 
630 0 
630 0 
630 0 
630 0 
630 0 
630 0 
630 0 
630 0 
630 0 
630 0 
630 0 
630 0 
630 0 
630 0 
630 0 
630 0 
630 0 
630 0 
630 0 
630 0 
630 0 
630 0 
630 0 
630 0 
630 0 
630 0 
630 0 
630 0 
630 0 
630 0 
630 0 
630 0 
630 0 
630 0 
630 0 
630 0 
630 0 
630 0 
630 0 
630 0 
630 0 
630 0 
630 0 
630 0 
630 0 
630 0 
630 0 
630 0 
630 0 
630 0 
630 0 
630 0 
630 0 
630 0 
630 0 
630 0 
630 0 
630 0 
630 0 
630 0 
630 0 
630 0 
630 0 
630 0 
630 0 
630 0 
630 0 
630 0 
630 0 
630 0 
630 0 
630 0 
630 0 
630 0 
630 0 
630 0 
630 0 
630 0 
630 0 
630 0 
630 0 
630 0 
630 0 
630 0 
630 0 
630 0 
630 0 
630 0 
630 0 
630 0 
630 0 
630 0 
630 0 
630 0 
630 0 
630 0 
630 0 
630 0 
630 0 
630 0 
630 0 
630 0 
630 0 
630 0 
630 0 
630 0 
630 0 
630 0 
630 0 
630 0 
630 25.18 
630 25.58 
630 25.98 
630 26.64 
630 26.46 
630 26.56 
630 27.11 
630 27.06 
630 27.24 
630 27.03 
630 27.26 
630 27.36 
630 27.71 
630 27.28 
630 27.58 
630 27.39 
630 27.38 
630 27.8 
630 27.83 
630 27.1 
630 27.24 
630 27.77 
630 27.45 
630 27.13 
630 26.84 
630 27.11 
630 27.38 
630 27.07 
630 27.15 
630 26.77 
630 26.42 
630 26.32 
630 25.9 
630 25.8 
630 25.77 
630 25.11 
630 25.22 
630 24.41 
630 24.14 
630 23.85 
630 23.68 
630 23.19 
630 22.85 
630 22.18 
630 22.42 
630 21.94 
630 21.27 
630 20.94 
630 20.22 
630 19.87 
630 19.26 
630 18.69 
630 18.53 
630 17.72 
630 17.12 
630 16.67 
630 16.26 
630 15.88 
630 15.22 
630 14.65 
630 13.58 
630 13.21 
630 12.58 
630 12.1 
630 11.43 
630 10.81 
630 9.97 
630 9.52 
630 8.84 
630 8.23 
630 7.66 
630 6.99 
630 6.36 
630 5.88 
630 5.04 
630 4.37 
630 3.74 
630 3.34 
630 2.87 
630 2.2 
630 0.7 
630 0.59 
630 0.47 
630 0.47 
630 0.34 
630 0.18 
630 0.15 
630 0.03 
630 0 
630 0 
630 0 
630 0 
630 0 
630 0 
630 0 
630 0 
630 0 
630 0 
630 0 
630 0 
630 0 
630 0 
630 0 
630 0 
630 0 
630 0 
630 0 
630 0 
630 0 
630 0 
630 0 
630 0 
630 0 
630 0 
630 0 
630 0 
630 0 
630 0 
630 0 
630 0 
630 0 
630 0 
630 0 
630 0 
630 0 
630 0 
630 0 
630 0 
630 0 
630 0 
630 0 
630 0 
630 0 
630 0 
630 0 
630 0 
630 0 
630 0 
630 0 
630 0 
630 0 
630 0 
630 0 
630 0 
630 0 
630 0 
630 0 
630 0 
631 0 
631 0 
631 0 
631 0 
631 0 
631 0 
631 0 
631 0 
631 0 
631 0 
631 0 
631 0 
631 0 
631 0 
631 0 
631 0 
631 0 
631 0 
631 0 
631 0 
631 0 
631 0 
631 0 
631 0 
631 0 
631 0 
631 0 
631 0 
631 0 
631 0 
631 0 
631 0 
631 0 
631 0 
631 0 
631 0 
631 0 
631 0 
631 0 
631 0 
631 0 
631 0 
631 0 
631 0 
631 0 
631 0 
631 0 
631 0 
631 0 
631 0 
631 0 
631 0 
631 0 
631 0 
631 0 
631 0 
631 0 
631 0 
631 0 
631 0 
631 0 
631 0 
631 0 
631 0 
631 0 
631 0 
631 0 
631 0 
631 0 
631 0 
631 0 
631 0 
631 0 
631 0 
631 0 
631 0 
631 0 
631 0 
631 0 
631 0 
631 0 
631 0 
631 0 
631 0 
631 0 
631 0 
631 0 
631 0 
631 0 
631 0 
631 0 
631 0 
631 0 
631 0 
631 0 
631 0 
631 0 
631 0 
631 0 
631 0 
631 0 
631 0 
631 0 
631 0 
631 0 
631 0 
631 0 
631 0 
631 0 
631 0 
631 0 
631 0 
631 0 
631 0 
631 0 
631 0 
631 0 
631 0 
631 0 
631 0 
631 0 
631 0 
631 0 
631 0 
631 0 
631 0 
631 0 
631 0 
631 0 
631 0 
631 0 
631 0 
631 0 
631 0 
631 0 
631 0 
631 0 
631 0 
631 0 
631 0 
631 0 
631 25.95 
631 26.44 
631 26.68 
631 27.03 
631 27.23 
631 26.84 
631 27.03 
631 27.23 
631 27.16 
631 27.32 
631 27.71 
631 27.53 
631 27.72 
631 27.86 
631 27.89 
631 27.8 
631 27.91 
631 27.36 
631 27.74 
631 27.39 
631 27.32 
631 27.15 
631 27.12 
631 27.23 
631 26.93 
631 26.8 
631 26.74 
631 26.6 
631 26.62 
631 26.01 
631 25.98 
631 25.66 
631 25.58 
631 25.29 
631 24.87 
631 24.68 
631 24.3 
631 24.32 
631 23.93 
631 23.58 
631 23.25 
631 22.93 
631 22.53 
631 22.45 
631 21.92 
631 21.68 
631 21.27 
631 20.29 
631 20.04 
631 19.24 
631 18.71 
631 18.62 
631 18.05 
631 17.9 
631 17.37 
631 16.81 
631 16.19 
631 15.45 
631 14.88 
631 14.46 
631 13.55 
631 13.18 
631 12.36 
631 11.72 
631 11.14 
631 10.38 
631 9.86 
631 9.08 
631 8.39 
631 7.94 
631 7.05 
631 6.52 
631 5.83 
631 5.05 
631 4.52 
631 3.91 
631 3.15 
631 2.77 
631 1.09 
631 0.56 
631 0.44 
631 0.26 
631 0.22 
631 0.06 
631 0 
631 0 
631 0 
631 0 
631 0 
631 0 
631 0 
631 0 
631 0 
631 0 
631 0 
631 0 
631 0 
631 0 
631 0 
631 0 
631 0 
631 0 
631 0 
631 0 
631 0 
631 0 
631 0 
631 0 
631 0 
631 0 
631 0 
631 0 
631 0 
631 0 
631 0 
631 0 
631 0 
631 0 
631 0 
631 0 
631 0 
631 0 
631 0 
631 0 
631 0 
631 0 
631 0 
631 0 
631 0 
631 0 
631 0 
631 0 
631 0 
631 0 
631 0 
631 0 
631 0 
631 0 
631 0 
631 0 
631 0 
631 0 
631 0 
631 0 
631 0 
631 0 
631 0 
632 0 
632 0 
632 0 
632 0 
632 0 
632 0 
632 0 
632 0 
632 0 
632 0 
632 0 
632 0 
632 0 
632 0 
632 0 
632 0 
632 0 
632 0 
632 0 
632 0 
632 0 
632 0 
632 0 
632 0 
632 0 
632 0 
632 0 
632 0 
632 0 
632 0 
632 0 
632 0 
632 0 
632 0 
632 0 
632 0 
632 0 
632 0 
632 0 
632 0 
632 0 
632 0 
632 0 
632 0 
632 0 
632 0 
632 0 
632 0 
632 0 
632 0 
632 0 
632 0 
632 0 
632 0 
632 0 
632 0 
632 0 
632 0 
632 0 
632 0 
632 0 
632 0 
632 0 
632 0 
632 0 
632 0 
632 0 
632 0 
632 0 
632 0 
632 0 
632 0 
632 0 
632 0 
632 0 
632 0 
632 0 
632 0 
632 0 
632 0 
632 0 
632 0 
632 0 
632 0 
632 0 
632 0 
632 0 
632 0 
632 0 
632 0 
632 0 
632 0 
632 0 
632 0 
632 0 
632 0 
632 0 
632 0 
632 0 
632 0 
632 0 
632 0 
632 0 
632 0 
632 0 
632 0 
632 0 
632 0 
632 0 
632 0 
632 0 
632 0 
632 0 
632 0 
632 0 
632 0 
632 0 
632 0 
632 0 
632 0 
632 0 
632 0 
632 0 
632 0 
632 0 
632 0 
632 0 
632 0 
632 0 
632 0 
632 0 
632 0 
632 0 
632 0 
632 0 
632 0 
632 0 
632 0 
632 0 
632 0 
632 0 
632 0 
632 0 
632 26.71 
632 26.92 
632 27.35 
632 27.59 
632 27.71 
632 27.68 
632 27.65 
632 27.69 
632 27.87 
632 28.11 
632 27.81 
632 27.81 
632 27.85 
632 27.99 
632 27.91 
632 28.39 
632 28.35 
632 28.21 
632 28.05 
632 27.91 
632 28.17 
632 28.11 
632 27.99 
632 27.79 
632 27.74 
632 27.85 
632 28.09 
632 27.73 
632 27.04 
632 26.73 
632 27.13 
632 26.03 
632 27.81 
632 24.77 
632 20.15 
632 22.24 
632 23.98 
632 25.54 
632 25.31 
632 24.64 
632 24.07 
632 23.81 
632 23.72 
632 23.83 
632 22.93 
632 16.75 
632 16.6 
632 19.28 
632 21.0 
632 8.56 
632 19.46 
632 18.37 
632 17.99 
632 17.52 
632 16.83 
632 16.23 
632 15.45 
632 14.9 
632 14.09 
632 13.32 
632 12.76 
632 11.53 
632 11.67 
632 10.56 
632 10.34 
632 9.69 
632 8.74 
632 8.2 
632 7.59 
632 6.79 
632 6.26 
632 5.36 
632 4.87 
632 4.13 
632 3.41 
632 2.88 
632 0.4 
632 0.34 
632 0.34 
632 0.22 
632 0.15 
632 0.11 
632 0.07 
632 0 
632 0 
632 0 
632 0 
632 0 
632 0 
632 0 
632 0 
632 0 
632 0 
632 0 
632 0 
632 0 
632 0 
632 0 
632 0 
632 0 
632 0 
632 0 
632 0 
632 0 
632 0 
632 0 
632 0 
632 0 
632 0 
632 0 
632 0 
632 0 
632 0 
632 0 
632 0 
632 0 
632 0 
632 0 
632 0 
632 0 
632 0 
632 0 
632 0 
632 0 
632 0 
632 0 
632 0 
632 0 
632 0 
632 0 
632 0 
632 0 
632 0 
632 0 
632 0 
632 0 
632 0 
632 0 
632 0 
632 0 
632 0 
632 0 
632 0 
632 0 
632 0 
633 0 
633 0 
633 0 
633 0 
633 0 
633 0 
633 0 
633 0 
633 0 
633 0 
633 0 
633 0 
633 0 
633 0 
633 0 
633 0 
633 0 
633 0 
633 0 
633 0 
633 0 
633 0 
633 0 
633 0 
633 0 
633 0 
633 0 
633 0 
633 0 
633 0 
633 0 
633 0 
633 0 
633 0 
633 0 
633 0 
633 0 
633 0 
633 0 
633 0 
633 0 
633 0 
633 0 
633 0 
633 0 
633 0 
633 0 
633 0 
633 0 
633 0 
633 0 
633 0 
633 0 
633 0 
633 0 
633 0 
633 0 
633 0 
633 0 
633 0 
633 0 
633 0 
633 0 
633 0 
633 0 
633 0 
633 0 
633 0 
633 0 
633 0 
633 0 
633 0 
633 0 
633 0 
633 0 
633 0 
633 0 
633 0 
633 0 
633 0 
633 0 
633 0 
633 0 
633 0 
633 0 
633 0 
633 0 
633 0 
633 0 
633 0.52 
633 0.81 
633 0.63 
633 0.93 
633 1.01 
633 1.61 
633 2.0 
633 2.15 
633 2.37 
633 3.92 
633 2.22 
633 2.94 
633 3.04 
633 3.17 
633 3.99 
633 3.67 
633 4.33 
633 5.29 
633 7.14 
633 6.57 
633 7.03 
633 7.31 
633 8.42 
633 8.03 
633 7.3 
633 7.17 
633 7.04 
633 8.39 
633 8.94 
633 8.64 
633 8.25 
633 9.25 
633 17.22 
633 20.1 
633 26.98 
633 24.65 
633 23.73 
633 24.65 
633 26.81 
633 29.03 
633 26.59 
633 29.73 
633 29.45 
633 28.18 
633 28.39 
633 29.58 
633 28.43 
633 26.12 
633 24.01 
633 31.04 
633 30.62 
633 11.91 
633 8.54 
633 7.8 
633 7.62 
633 10.65 
633 9.31 
633 8.24 
633 9.09 
633 10.47 
633 7.93 
633 7.36 
633 7.26 
633 9.03 
633 12.0 
633 9.17 
633 8.93 
633 33.35 
633 8.16 
633 9.77 
633 7.19 
633 6.38 
633 33.43 
633 9.82 
633 9.89 
633 11.28 
633 9.04 
633 33.37 
633 30.41 
633 8.85 
633 9.2 
633 11.32 
633 10.47 
633 11.87 
633 8.51 
633 8.62 
633 8.85 
633 31.87 
633 8.26 
633 9.62 
633 6.07 
633 9.07 
633 29.52 
633 7.89 
633 5.0 
633 7.92 
633 5.74 
633 6.84 
633 10.41 
633 5.9 
633 5.98 
633 8.25 
633 8.33 
633 7.22 
633 5.62 
633 6.46 
633 5.45 
633 6.7 
633 5.35 
633 5.36 
633 4.14 
633 5.48 
633 4.01 
633 4.31 
633 4.25 
633 4.37 
633 4.52 
633 4.6 
633 4.0 
633 3.7 
633 3.67 
633 3.54 
633 3.6 
633 3.76 
633 3.7 
633 3.46 
633 2.8 
633 1.94 
633 1.21 
633 1.15 
633 0.53 
633 0.25 
633 0.5 
633 0.27 
633 0.1 
633 0.06 
633 0.06 
633 0 
633 0 
633 0 
633 0 
633 0 
633 0 
633 0 
633 0 
633 0 
633 0 
633 0 
633 0 
633 0 
633 0 
633 0 
633 0 
633 0 
633 0 
633 0 
633 0 
633 0 
633 0 
633 0 
633 0 
633 0 
633 0 
633 0 
633 0 
633 0 
633 0 
633 0 
633 0 
633 0 
633 0 
633 0 
633 0 
633 0 
633 0 
633 0 
633 0 
633 0 
633 0 
633 0 
633 0 
633 0 
633 0 
633 0 
633 0 
633 0 
633 0 
633 0 
633 0 
633 0 
633 0 
633 0 
633 0 
633 0 
633 0 
633 0 
633 0 
633 0 
633 0 
634 0 
634 0 
634 0 
634 0 
634 0 
634 0 
634 0 
634 0 
634 0 
634 0 
634 0 
634 0 
634 0 
634 0 
634 0 
634 0 
634 0 
634 0 
634 0 
634 0 
634 0 
634 0 
634 0 
634 0 
634 0 
634 0 
634 0 
634 0 
634 0 
634 0 
634 0 
634 0 
634 0 
634 0 
634 0 
634 0 
634 0 
634 0 
634 0 
634 0 
634 0 
634 0 
634 0 
634 0 
634 0 
634 0 
634 0 
634 0 
634 0 
634 0 
634 0 
634 0 
634 0 
634 0 
634 0 
634 0 
634 0 
634 0 
634 0 
634 0 
634 0 
634 0 
634 0 
634 0 
634 0 
634 0 
634 0 
634 0 
634 0 
634 0 
634 0 
634 0 
634 0 
634 0 
634 0 
634 0 
634 0 
634 0 
634 0 
634 0 
634 0 
634 0 
634 0 
634 0 
634 0 
634 0 
634 0 
634 0 
634 0 
634 0 
634 0 
634 0 
634 0 
634 0 
634 0 
634 0 
634 0 
634 0 
634 0 
634 0 
634 0 
634 0 
634 0 
634 0 
634 0 
634 0 
634 0 
634 0 
634 0 
634 0 
634 0 
634 0 
634 0 
634 0 
634 0 
634 0 
634 0 
634 0 
634 0 
634 0 
634 0 
634 0 
634 0 
634 0 
634 0 
634 0 
634 0 
634 0 
634 0 
634 0 
634 0 
634 0 
634 0 
634 0 
634 0 
634 0 
634 0 
634 0 
634 0 
634 0 
634 0 
634 0 
634 0 
634 0 
634 0 
634 0 
634 0 
634 0 
634 0 
634 0 
634 0 
634 9.39 
634 33.5 
634 33.33 
634 7.43 
634 33.33 
634 10.55 
634 9.39 
634 7.32 
634 21.03 
634 33.44 
634 31.39 
634 20.67 
634 30.66 
634 29.88 
634 28.3 
634 4.01 
634 12.26 
634 23.49 
634 12.79 
634 24.03 
634 28.43 
634 28.36 
634 13.71 
634 27.72 
634 26.57 
634 26.17 
634 25.84 
634 25.49 
634 25.3 
634 25.05 
634 24.55 
634 24.09 
634 23.95 
634 23.5 
634 23.43 
634 23.06 
634 22.35 
634 21.75 
634 21.66 
634 21.07 
634 20.53 
634 20.17 
634 19.55 
634 19.23 
634 18.05 
634 17.46 
634 17.29 
634 16.49 
634 15.74 
634 14.97 
634 14.67 
634 13.68 
634 13.36 
634 12.58 
634 11.94 
634 10.98 
634 10.42 
634 9.76 
634 9.14 
634 8.35 
634 7.56 
634 6.96 
634 6.03 
634 5.42 
634 4.74 
634 4.04 
634 3.24 
634 0.53 
634 0.4 
634 0.35 
634 0.29 
634 0.13 
634 0.14 
634 0.03 
634 0.02 
634 0.01 
634 0 
634 0 
634 0 
634 0 
634 0 
634 0 
634 0 
634 0 
634 0 
634 0 
634 0 
634 0 
634 0 
634 0 
634 0 
634 0 
634 0 
634 0 
634 0 
634 0 
634 0 
634 0 
634 0 
634 0 
634 0 
634 0 
634 0 
634 0 
634 0 
634 0 
634 0 
634 0 
634 0 
634 0 
634 0 
634 0 
634 0 
634 0 
634 0 
634 0 
634 0 
634 0 
634 0 
634 0 
634 0 
634 0 
634 0 
634 0 
634 0 
634 0 
634 0 
634 0 
634 0 
634 0 
634 0 
634 0 
634 0 
634 0 
634 0 
634 0 
634 0 
635 0 
635 0 
635 0 
635 0 
635 0 
635 0 
635 0 
635 0 
635 0 
635 0 
635 0 
635 0 
635 0 
635 0 
635 0 
635 0 
635 0 
635 0 
635 0 
635 0 
635 0 
635 0 
635 0 
635 0 
635 0 
635 0 
635 0 
635 0 
635 0 
635 0 
635 0 
635 0 
635 0 
635 0 
635 0 
635 0 
635 0 
635 0 
635 0 
635 0 
635 0 
635 0 
635 0 
635 0 
635 0 
635 0 
635 0 
635 0 
635 0 
635 0 
635 0 
635 0 
635 0 
635 0 
635 0 
635 0 
635 0 
635 0 
635 0 
635 0 
635 0 
635 0 
635 0 
635 0 
635 0 
635 0 
635 0 
635 0 
635 0 
635 0 
635 0 
635 0 
635 0 
635 0 
635 0 
635 0 
635 0 
635 0 
635 0 
635 0 
635 0 
635 0 
635 0 
635 0 
635 0 
635 0 
635 0 
635 0 
635 0 
635 0 
635 0 
635 0 
635 0 
635 0 
635 0 
635 0 
635 0 
635 0 
635 0 
635 0 
635 0 
635 0 
635 0 
635 0 
635 0 
635 0 
635 0 
635 0 
635 0 
635 0 
635 0 
635 0 
635 0 
635 0 
635 0 
635 0 
635 0 
635 0 
635 0 
635 0 
635 0 
635 0 
635 0 
635 0 
635 0 
635 22.15 
635 22.7 
635 23.16 
635 23.52 
635 23.97 
635 24.05 
635 24.48 
635 24.68 
635 24.95 
635 25.48 
635 25.61 
635 25.91 
635 26.06 
635 26.25 
635 26.26 
635 26.8 
635 26.89 
635 26.84 
635 27.22 
635 27.31 
635 27.25 
635 27.34 
635 27.73 
635 27.77 
635 27.66 
635 27.74 
635 27.61 
635 27.72 
635 27.61 
635 28.02 
635 27.62 
635 27.7 
635 27.78 
635 27.73 
635 27.75 
635 27.64 
635 27.79 
635 27.97 
635 27.98 
635 27.48 
635 27.55 
635 27.26 
635 27.39 
635 27.34 
635 27.01 
635 26.93 
635 26.59 
635 26.52 
635 26.33 
635 26.08 
635 26.15 
635 25.66 
635 25.49 
635 25.05 
635 24.75 
635 24.57 
635 24.4 
635 24.09 
635 23.43 
635 23.21 
635 22.9 
635 22.61 
635 21.79 
635 21.55 
635 21.09 
635 20.61 
635 20.46 
635 20.11 
635 19.52 
635 19.16 
635 18.57 
635 17.71 
635 17.17 
635 16.76 
635 16.03 
635 15.15 
635 14.47 
635 14.02 
635 13.38 
635 12.76 
635 11.87 
635 11.31 
635 10.41 
635 9.77 
635 9.06 
635 7.89 
635 7.73 
635 6.78 
635 5.93 
635 5.42 
635 4.58 
635 3.99 
635 2.95 
635 0.46 
635 0.42 
635 0.38 
635 0.37 
635 0.26 
635 0.2 
635 0.06 
635 0.03 
635 0.01 
635 0 
635 0 
635 0 
635 0 
635 0 
635 0 
635 0 
635 0 
635 0 
635 0 
635 0 
635 0 
635 0 
635 0 
635 0 
635 0 
635 0 
635 0 
635 0 
635 0 
635 0 
635 0 
635 0 
635 0 
635 0 
635 0 
635 0 
635 0 
635 0 
635 0 
635 0 
635 0 
635 0 
635 0 
635 0 
635 0 
635 0 
635 0 
635 0 
635 0 
635 0 
635 0 
635 0 
635 0 
635 0 
635 0 
635 0 
635 0 
635 0 
635 0 
635 0 
635 0 
635 0 
635 0 
635 0 
635 0 
635 0 
635 0 
635 0 
635 0 
635 0 
636 0 
636 0 
636 0 
636 0 
636 0 
636 0 
636 0 
636 0 
636 0 
636 0 
636 0 
636 0 
636 0 
636 0 
636 0 
636 0 
636 0 
636 0 
636 0 
636 0 
636 0 
636 0 
636 0 
636 0 
636 0 
636 0 
636 0 
636 0 
636 0 
636 0 
636 0 
636 0 
636 0 
636 0 
636 0 
636 0 
636 0 
636 0 
636 0 
636 0 
636 0 
636 0 
636 0 
636 0 
636 0 
636 0 
636 0 
636 0 
636 0 
636 0 
636 0 
636 0 
636 0 
636 0 
636 0 
636 0 
636 0 
636 0 
636 0 
636 0 
636 0 
636 0 
636 0 
636 0 
636 0 
636 0 
636 0 
636 0 
636 0 
636 0 
636 0 
636 0 
636 0 
636 0 
636 0 
636 0 
636 0 
636 0 
636 0 
636 0 
636 0 
636 0 
636 0 
636 0 
636 0 
636 0 
636 0 
636 0 
636 0 
636 0 
636 0 
636 0 
636 0 
636 0 
636 0 
636 0 
636 0 
636 0 
636 0 
636 0 
636 0 
636 0 
636 0 
636 0 
636 0 
636 0 
636 0 
636 0 
636 0 
636 0 
636 0 
636 0 
636 0 
636 0 
636 0 
636 0 
636 0 
636 0 
636 0 
636 0 
636 0 
636 0 
636 0 
636 0 
636 0 
636 22.12 
636 22.49 
636 23.11 
636 23.33 
636 23.55 
636 23.99 
636 24.41 
636 24.72 
636 24.96 
636 25.41 
636 25.82 
636 25.9 
636 25.88 
636 26.49 
636 26.5 
636 26.67 
636 26.97 
636 27.2 
636 27.14 
636 27.38 
636 27.29 
636 27.39 
636 27.39 
636 27.41 
636 27.58 
636 27.48 
636 27.84 
636 27.58 
636 27.87 
636 28.02 
636 27.95 
636 27.7 
636 27.67 
636 27.72 
636 27.88 
636 27.81 
636 27.32 
636 27.57 
636 27.39 
636 26.95 
636 27.12 
636 27.07 
636 27.03 
636 26.64 
636 26.48 
636 26.34 
636 25.86 
636 25.74 
636 25.75 
636 25.55 
636 25.3 
636 24.97 
636 24.47 
636 24.31 
636 24.12 
636 23.86 
636 23.78 
636 21.68 
636 22.71 
636 22.31 
636 22.24 
636 21.88 
636 21.32 
636 21.0 
636 20.56 
636 19.9 
636 19.59 
636 19.19 
636 18.35 
636 18.19 
636 17.41 
636 16.98 
636 16.49 
636 16.0 
636 15.47 
636 14.81 
636 14.41 
636 13.45 
636 12.55 
636 11.88 
636 11.25 
636 10.66 
636 10.17 
636 9.31 
636 8.55 
636 8.04 
636 7.12 
636 6.42 
636 5.74 
636 4.94 
636 4.29 
636 3.86 
636 1.49 
636 0.5 
636 0.45 
636 0.32 
636 0.33 
636 0.22 
636 0.15 
636 0.13 
636 0.02 
636 0.03 
636 0 
636 0 
636 0 
636 0 
636 0 
636 0 
636 0 
636 0 
636 0 
636 0 
636 0 
636 0 
636 0 
636 0 
636 0 
636 0 
636 0 
636 0 
636 0 
636 0 
636 0 
636 0 
636 0 
636 0 
636 0 
636 0 
636 0 
636 0 
636 0 
636 0 
636 0 
636 0 
636 0 
636 0 
636 0 
636 0 
636 0 
636 0 
636 0 
636 0 
636 0 
636 0 
636 0 
636 0 
636 0 
636 0 
636 0 
636 0 
636 0 
636 0 
636 0 
636 0 
636 0 
636 0 
636 0 
636 0 
636 0 
636 0 
636 0 
636 0 
636 0 
637 0 
637 0 
637 0 
637 0 
637 0 
637 0 
637 0 
637 0 
637 0 
637 0 
637 0 
637 0 
637 0 
637 0 
637 0 
637 0 
637 0 
637 0 
637 0 
637 0 
637 0 
637 0 
637 0 
637 0 
637 0 
637 0 
637 0 
637 0 
637 0 
637 0 
637 0 
637 0 
637 0 
637 0 
637 0 
637 0 
637 0 
637 0 
637 0 
637 0 
637 0 
637 0 
637 0 
637 0 
637 0 
637 0 
637 0 
637 0 
637 0 
637 0 
637 0 
637 0 
637 0 
637 0 
637 0 
637 0 
637 0 
637 0 
637 0 
637 0 
637 0 
637 0 
637 0 
637 0 
637 0 
637 0 
637 0 
637 0 
637 0 
637 0 
637 0 
637 0 
637 0 
637 0 
637 0 
637 0 
637 0 
637 0 
637 0 
637 0 
637 0 
637 0 
637 0 
637 0 
637 0 
637 0 
637 0 
637 0 
637 0.11 
637 0.35 
637 0.83 
637 1.21 
637 1.71 
637 2.28 
637 2.78 
637 3.46 
637 4.02 
637 4.76 
637 5.28 
637 6.13 
637 6.75 
637 7.48 
637 8.19 
637 9.04 
637 9.79 
637 10.46 
637 11.29 
637 12.05 
637 12.67 
637 13.52 
637 13.96 
637 14.68 
637 15.29 
637 16.04 
637 16.71 
637 17.37 
637 17.73 
637 18.37 
637 18.75 
637 19.47 
637 20.1 
637 20.37 
637 20.89 
637 21.39 
637 21.78 
637 22.19 
637 22.43 
637 22.85 
637 23.17 
637 23.66 
637 23.9 
637 24.15 
637 24.61 
637 25.09 
637 25.41 
637 20.81 
637 26.13 
637 26.11 
637 26.65 
637 28.28 
637 25.07 
637 31.13 
637 29.26 
637 28.65 
637 27.01 
637 29.22 
637 28.33 
637 26.57 
637 26.55 
637 31.15 
637 26.56 
637 27.18 
637 8.91 
637 9.58 
637 20.12 
637 22.77 
637 25.39 
637 16.7 
637 11.76 
637 12.33 
637 11.8 
637 12.44 
637 14.28 
637 11.89 
637 14.89 
637 13.51 
637 21.1 
637 22.21 
637 27.83 
637 17.45 
637 24.91 
637 19.02 
637 14.3 
637 24.75 
637 20.41 
637 21.11 
637 15.8 
637 15.63 
637 17.62 
637 28.71 
637 19.61 
637 9.0 
637 9.97 
637 28.65 
637 28.41 
637 6.87 
637 4.83 
637 5.8 
637 6.06 
637 5.16 
637 5.04 
637 5.7 
637 8.06 
637 5.73 
637 5.33 
637 6.39 
637 12.11 
637 7.9 
637 4.43 
637 2.9 
637 3.24 
637 4.37 
637 5.92 
637 14.48 
637 17.36 
637 6.93 
637 9.83 
637 8.11 
637 6.48 
637 11.93 
637 10.62 
637 9.74 
637 2.96 
637 3.46 
637 2.76 
637 1.66 
637 1.61 
637 1.72 
637 1.45 
637 1.18 
637 1.14 
637 0.86 
637 0.68 
637 0.37 
637 0.18 
637 0.06 
637 0 
637 0 
637 0 
637 0 
637 0 
637 0 
637 0 
637 0 
637 0 
637 0 
637 0 
637 0 
637 0 
637 0 
637 0 
637 0 
637 0 
637 0 
637 0 
637 0 
637 0 
637 0 
637 0 
637 0 
637 0 
637 0 
637 0 
637 0 
637 0 
637 0 
637 0 
637 0 
637 0 
637 0 
637 0 
637 0 
637 0 
637 0 
637 0 
637 0 
637 0 
637 0 
637 0 
637 0 
637 0 
637 0 
637 0 
637 0 
637 0 
637 0 
637 0 
637 0 
637 0 
637 0 
637 0 
637 0 
637 0 
637 0 
637 0 
637 0 
637 0 
637 0 
638 0 
638 0 
638 0 
638 0 
638 0 
638 0 
638 0 
638 0 
638 0 
638 0 
638 0 
638 0 
638 0 
638 0 
638 0 
638 0 
638 0 
638 0 
638 0 
638 0 
638 0 
638 0 
638 0 
638 0 
638 0 
638 0 
638 0 
638 0 
638 0 
638 0 
638 0 
638 0 
638 0 
638 0 
638 0 
638 0 
638 0 
638 0 
638 0 
638 0 
638 0 
638 0 
638 0 
638 0 
638 0 
638 0 
638 0 
638 0 
638 0 
638 0 
638 0 
638 0 
638 0 
638 0 
638 0 
638 0 
638 0 
638 0 
638 0 
638 0 
638 0 
638 0 
638 0 
638 0 
638 0 
638 0 
638 0 
638 0 
638 0 
638 0 
638 0 
638 0 
638 0 
638 0 
638 0 
638 0 
638 0 
638 0 
638 0 
638 0 
638 0 
638 0 
638 0 
638 0 
638 0 
638 0 
638 0 
638 0 
638 0 
638 0 
638 0.05 
638 0.26 
638 0.5 
638 0.47 
638 0.39 
638 0.92 
638 1.14 
638 1.57 
638 4.78 
638 3.95 
638 3.8 
638 2.64 
638 2.12 
638 1.77 
638 2.21 
638 2.24 
638 3.73 
638 5.02 
638 5.68 
638 15.32 
638 14.28 
638 14.96 
638 12.81 
638 4.74 
638 17.24 
638 17.52 
638 18.38 
638 18.96 
638 20.4 
638 20.9 
638 21.19 
638 20.98 
638 21.67 
638 22.0 
638 23.12 
638 24.72 
638 25.46 
638 27.36 
638 26.84 
638 22.31 
638 26.92 
638 28.9 
638 21.59 
638 11.56 
638 31.3 
638 29.7 
638 30.55 
638 31.61 
638 11.13 
638 22.91 
638 15.6 
638 30.89 
638 31.16 
638 30.2 
638 29.71 
638 29.42 
638 30.25 
638 30.42 
638 27.79 
638 31.64 
638 14.2 
638 10.19 
638 7.69 
638 6.32 
638 6.06 
638 6.04 
638 4.84 
638 4.25 
638 3.61 
638 3.59 
638 3.95 
638 4.14 
638 4.63 
638 4.86 
638 3.78 
638 3.98 
638 4.58 
638 6.84 
638 10.74 
638 20.17 
638 14.42 
638 6.56 
638 4.29 
638 3.56 
638 4.57 
638 7.02 
638 8.98 
638 9.39 
638 10.47 
638 17.41 
638 20.73 
638 15.2 
638 13.13 
638 16.21 
638 25.83 
638 27.5 
638 30.12 
638 10.56 
638 6.42 
638 4.78 
638 5.01 
638 5.46 
638 4.6 
638 2.89 
638 2.03 
638 2.84 
638 3.66 
638 3.94 
638 4.85 
638 6.64 
638 10.99 
638 3.83 
638 3.14 
638 2.56 
638 1.06 
638 0.84 
638 0.75 
638 0.72 
638 0.54 
638 0.41 
638 0.36 
638 0.39 
638 0.5 
638 0.58 
638 0.78 
638 0.85 
638 0.97 
638 0.8 
638 0.56 
638 0.4 
638 0.25 
638 0.12 
638 0.09 
638 0.06 
638 0.02 
638 0 
638 0 
638 0 
638 0 
638 0 
638 0 
638 0 
638 0 
638 0 
638 0 
638 0 
638 0 
638 0 
638 0 
638 0 
638 0 
638 0 
638 0 
638 0 
638 0 
638 0 
638 0 
638 0 
638 0 
638 0 
638 0 
638 0 
638 0 
638 0 
638 0 
638 0 
638 0 
638 0 
638 0 
638 0 
638 0 
638 0 
638 0 
638 0 
638 0 
638 0 
638 0 
638 0 
638 0 
638 0 
638 0 
638 0 
638 0 
638 0 
638 0 
638 0 
638 0 
638 0 
638 0 
638 0 
638 0 
638 0 
638 0 
638 0 
638 0 
638 0 
638 0 
638 0 
639 0 
244 0 
244 0 
244 0 
244 0 
244 0 
244 0 
244 0 
244 0 
244 0 
244 0 
244 0 
244 0 
244 0 
244 0 
244 0 
244 0 
244 0 
244 0 
244 0 
244 0 
244 0 
244 0 
244 0 
244 0 
244 0 
244 0 
244 0 
244 0 
244 0 
244 0 
244 0 
244 0 
244 0 
244 0 
244 0 
244 0 
244 0 
244 0 
244 0 
244 0 
244 0 
244 0 
244 0 
244 0 
244 0 
244 0 
244 0 
244 0 
244 0 
244 0 
244 0 
244 0 
244 0 
244 0 
244 0 
244 0 
244 0 
244 0 
244 0 
244 0 
244 0 
244 0 
244 0 
244 0 
244 0 
244 0 
244 0 
244 0 
244 0 
244 0 
244 0 
244 0 
244 0 
244 0 
244 0 
244 0 
244 0 
244 0 
244 0 
244 0 
244 0 
244 0 
244 0 
244 0.13 
244 0.21 
244 0.39 
244 0.58 
244 0.79 
244 1.11 
244 1.39 
244 1.82 
244 2.28 
244 2.69 
244 3.17 
244 3.59 
244 4.14 
244 4.78 
244 5.38 
244 6.03 
244 6.53 
244 7.25 
244 7.93 
244 8.61 
244 9.19 
244 9.74 
244 10.48 
244 11.07 
244 11.79 
244 12.32 
244 12.97 
244 13.59 
244 14.17 
244 14.77 
244 15.19 
244 15.85 
244 16.43 
244 16.9 
244 17.07 
244 17.94 
244 18.39 
244 18.84 
244 19.22 
244 19.5 
244 19.92 
244 20.41 
244 20.8 
244 21.08 
244 21.46 
244 21.79 
244 22.04 
244 22.46 
244 22.79 
244 22.99 
244 23.29 
244 23.53 
244 23.92 
244 23.84 
244 24.3 
244 24.05 
244 24.54 
244 24.67 
244 24.97 
244 25.29 
244 25.15 
244 25.33 
244 25.55 
244 25.67 
244 25.74 
244 25.9 
244 25.9 
244 25.89 
244 25.93 
244 25.8 
244 25.67 
244 25.73 
244 25.82 
244 25.8 
244 25.8 
244 25.61 
244 25.59 
244 25.56 
244 25.47 
244 25.45 
244 25.56 
244 25.27 
244 25.27 
244 25.25 
244 25.16 
244 24.92 
244 24.75 
244 24.65 
244 24.61 
244 24.31 
244 24.05 
244 23.65 
244 23.35 
244 23.43 
244 23.15 
244 22.92 
244 22.76 
244 22.4 
244 22.09 
244 21.87 
244 21.17 
244 20.99 
244 20.78 
244 20.34 
244 20.03 
244 19.7 
244 19.21 
244 18.7 
244 18.69 
244 18.32 
244 17.89 
244 17.59 
244 16.85 
244 16.51 
244 16.04 
244 15.57 
244 15.17 
244 14.63 
244 14.08 
244 13.67 
244 13.1 
244 12.54 
244 12.14 
244 11.65 
244 10.25 
244 10.42 
244 9.87 
244 9.29 
244 8.72 
244 8.21 
244 7.59 
244 6.95 
244 6.41 
244 5.84 
244 5.22 
244 4.67 
244 4.09 
244 3.58 
244 3.06 
244 2.59 
244 2.11 
244 1.63 
244 1.23 
244 0.33 
244 0.24 
244 0.22 
244 0.2 
244 0.1 
244 0.11 
244 0.03 
244 0 
244 0 
244 0 
244 0 
244 0 
244 0 
244 0 
244 0 
244 0 
244 0 
244 0 
244 0 
244 0 
244 0 
244 0 
244 0 
244 0 
244 0 
244 0 
244 0 
244 0 
244 0 
244 0 
244 0 
244 0 
244 0 
244 0 
244 0 
244 0 
244 0 
244 0 
244 0 
244 0 
244 0 
244 0 
244 0 
244 0 
244 0 
244 0 
244 0 
244 0 
244 0 
244 0 
244 0 
244 0 
244 0 
244 0 
244 0 
244 0 
244 0 
244 0 
244 0 
244 0 
244 0 
245 0 
245 0 
245 0 
245 0 
245 0 
245 0 
245 0 
245 0 
245 0 
245 0 
245 0 
245 0 
245 0 
245 0 
245 0 
245 0 
245 0 
245 0 
245 0 
245 0 
245 0 
245 0 
245 0 
245 0 
245 0 
245 0 
245 0 
245 0 
245 0 
245 0 
245 0 
245 0 
245 0 
245 0 
245 0 
245 0 
245 0 
245 0 
245 0 
245 0 
245 0 
245 0 
245 0 
245 0 
245 0 
245 0 
245 0 
245 0 
245 0 
245 0 
245 0 
245 0 
245 0 
245 0 
245 0 
245 0 
245 0 
245 0 
245 0 
245 0 
245 0 
245 0 
245 0 
245 0 
245 0 
245 0 
245 0 
245 0 
245 0 
245 0 
245 0 
245 0 
245 0 
245 0 
245 0 
245 0 
245 0 
245 0 
245 0 
245 0 
245 0 
245 0 
245 0 
245 0 
245 0 
245 0 
245 0 
245 0 
245 0 
245 0 
245 0 
245 0 
245 0 
245 0 
245 0 
245 0 
245 0 
245 0 
245 0 
245 0 
245 0 
245 0 
245 0 
245 0 
245 0 
245 0 
245 0 
245 0 
245 0 
245 0 
245 0 
245 0 
245 0 
245 0 
245 0 
245 0 
245 0 
245 0 
245 0 
245 0 
245 0 
245 0 
245 0 
245 0 
245 0 
245 0 
245 0 
245 0 
245 0 
245 0 
245 0 
245 22.61 
245 23.16 
245 23.54 
245 23.94 
245 24.12 
245 24.35 
245 24.61 
245 24.8 
245 24.93 
245 25.27 
245 25.36 
245 25.51 
245 25.64 
245 25.7 
245 25.75 
245 26.13 
245 26.33 
245 26.23 
245 26.11 
245 25.94 
245 25.91 
245 26.24 
245 26.24 
245 26.3 
245 26.02 
245 26.13 
245 26.37 
245 26.44 
245 26.34 
245 26.28 
245 26.24 
245 26.27 
245 26.1 
245 26.05 
245 26.13 
245 26.0 
245 25.87 
245 25.5 
245 25.39 
245 25.2 
245 25.16 
245 25.02 
245 24.95 
245 24.72 
245 24.71 
245 24.59 
245 24.13 
245 23.81 
245 23.71 
245 23.31 
245 22.96 
245 22.65 
245 22.56 
245 22.27 
245 21.91 
245 21.67 
245 21.27 
245 20.81 
245 20.56 
245 20.15 
245 19.66 
245 19.46 
245 18.89 
245 18.44 
245 17.98 
245 17.5 
245 16.84 
245 16.29 
245 15.85 
245 15.43 
245 14.88 
245 14.4 
245 14.13 
245 13.36 
245 12.83 
245 12.27 
245 11.54 
245 10.96 
245 10.44 
245 9.74 
245 9.39 
245 8.67 
245 7.97 
245 7.47 
245 6.88 
245 6.3 
245 5.63 
245 5.2 
245 4.66 
245 3.92 
245 3.41 
245 2.89 
245 2.46 
245 2.05 
245 1.47 
245 1.09 
245 0.27 
245 0.25 
245 0.19 
245 0.16 
245 0.11 
245 0.09 
245 0.01 
245 0 
245 0 
245 0 
245 0 
245 0 
245 0 
245 0 
245 0 
245 0 
245 0 
245 0 
245 0 
245 0 
245 0 
245 0 
245 0 
245 0 
245 0 
245 0 
245 0 
245 0 
245 0 
245 0 
245 0 
245 0 
245 0 
245 0 
245 0 
245 0 
245 0 
245 0 
245 0 
245 0 
245 0 
245 0 
245 0 
245 0 
245 0 
245 0 
245 0 
245 0 
245 0 
245 0 
245 0 
245 0 
245 0 
245 0 
245 0 
245 0 
245 0 
245 0 
245 0 
245 0 
245 0 
246 0 
246 0 
246 0 
246 0 
246 0 
246 0 
246 0 
246 0 
246 0 
246 0 
246 0 
246 0 
246 0 
246 0 
246 0 
246 0 
246 0 
246 0 
246 0 
246 0 
246 0 
246 0 
246 0 
246 0 
246 0 
246 0 
246 0 
246 0 
246 0 
246 0 
246 0 
246 0 
246 0 
246 0 
246 0 
246 0 
246 0 
246 0 
246 0 
246 0 
246 0 
246 0 
246 0 
246 0 
246 0 
246 0 
246 0 
246 0 
246 0 
246 0 
246 0 
246 0 
246 0 
246 0 
246 0 
246 0 
246 0 
246 0 
246 0 
246 0 
246 0 
246 0 
246 0 
246 0 
246 0 
246 0 
246 0 
246 0 
246 0 
246 0 
246 0 
246 0 
246 0 
246 0 
246 0 
246 0 
246 0 
246 0 
246 0 
246 0 
246 0 
246 0 
246 0 
246 0 
246 0 
246 0 
246 0 
246 0 
246 0 
246 0 
246 0 
246 0 
246 0 
246 0 
246 0 
246 0 
246 0 
246 0 
246 0 
246 0 
246 0 
246 0 
246 0 
246 0 
246 0 
246 0 
246 0 
246 0 
246 0 
246 0 
246 0 
246 0 
246 0 
246 0 
246 0 
246 0 
246 0 
246 0 
246 0 
246 0 
246 0 
246 0 
246 0 
246 0 
246 0 
246 0 
246 0 
246 0 
246 0 
246 0 
246 21.54 
246 21.94 
246 22.39 
246 22.65 
246 22.95 
246 23.33 
246 23.52 
246 23.52 
246 23.68 
246 23.94 
246 24.21 
246 24.55 
246 24.56 
246 24.79 
246 24.9 
246 24.94 
246 25.08 
246 25.09 
246 25.32 
246 25.26 
246 25.35 
246 25.28 
246 25.2 
246 25.27 
246 25.38 
246 25.37 
246 25.51 
246 25.4 
246 25.44 
246 25.6 
246 25.72 
246 25.64 
246 25.39 
246 25.52 
246 25.11 
246 25.15 
246 25.02 
246 24.73 
246 24.77 
246 24.72 
246 24.57 
246 24.37 
246 24.21 
246 23.92 
246 23.7 
246 23.68 
246 23.48 
246 22.98 
246 22.98 
246 22.38 
246 22.26 
246 22.04 
246 21.71 
246 21.52 
246 21.24 
246 20.97 
246 20.67 
246 20.28 
246 19.89 
246 19.61 
246 19.39 
246 18.99 
246 18.63 
246 18.24 
246 17.89 
246 17.53 
246 17.0 
246 16.75 
246 16.18 
246 15.76 
246 15.31 
246 14.75 
246 14.33 
246 13.96 
246 13.44 
246 12.89 
246 12.31 
246 11.77 
246 11.12 
246 10.63 
246 10.01 
246 9.38 
246 8.74 
246 8.18 
246 7.53 
246 6.93 
246 6.36 
246 5.75 
246 5.19 
246 4.55 
246 3.96 
246 3.5 
246 2.95 
246 2.48 
246 2.0 
246 1.47 
246 0.62 
246 0.22 
246 0.23 
246 0.15 
246 0.11 
246 0.09 
246 0.05 
246 0 
246 0 
246 0 
246 0 
246 0 
246 0 
246 0 
246 0 
246 0 
246 0 
246 0 
246 0 
246 0 
246 0 
246 0 
246 0 
246 0 
246 0 
246 0 
246 0 
246 0 
246 0 
246 0 
246 0 
246 0 
246 0 
246 0 
246 0 
246 0 
246 0 
246 0 
246 0 
246 0 
246 0 
246 0 
246 0 
246 0 
246 0 
246 0 
246 0 
246 0 
246 0 
246 0 
246 0 
246 0 
246 0 
246 0 
246 0 
246 0 
246 0 
246 0 
246 0 
246 0 
246 0 
246 0 
247 0 
247 0 
247 0 
247 0 
247 0 
247 0 
247 0 
247 0 
247 0 
247 0 
247 0 
247 0 
247 0 
247 0 
247 0 
247 0 
247 0 
247 0 
247 0 
247 0 
247 0 
247 0 
247 0 
247 0 
247 0 
247 0 
247 0 
247 0 
247 0 
247 0 
247 0 
247 0 
247 0 
247 0 
247 0 
247 0 
247 0 
247 0 
247 0 
247 0 
247 0 
247 0 
247 0 
247 0 
247 0 
247 0 
247 0 
247 0 
247 0 
247 0 
247 0 
247 0 
247 0 
247 0 
247 0 
247 0 
247 0 
247 0 
247 0 
247 0 
247 0 
247 0 
247 0 
247 0 
247 0 
247 0 
247 0 
247 0 
247 0 
247 0 
247 0 
247 0 
247 0 
247 0 
247 0 
247 0 
247 0 
247 0 
247 0 
247 0 
247 0 
247 0 
247 0 
247 0 
247 0.06 
247 0.08 
247 0.36 
247 0.54 
247 0.7 
247 0.94 
247 1.2 
247 0 
247 0 
247 0 
247 0 
247 0 
247 0 
247 0 
247 0 
247 0 
247 0 
247 0 
247 0 
247 0 
247 0 
247 0 
247 0 
247 0 
247 0 
247 0 
247 0 
247 0 
247 0 
247 0 
247 0 
247 0 
247 0 
247 0 
247 0 
247 0 
247 0 
247 0 
247 0 
247 0 
247 0 
247 0 
247 0 
247 0 
247 0 
247 0 
247 0 
247 0 
247 0 
247 0 
247 0 
247 0 
247 0 
247 0 
247 0 
247 0 
247 0 
247 0 
247 0 
247 0 
247 0 
247 0 
247 0 
247 0 
247 0 
247 0 
247 0 
247 0 
247 0 
247 0 
247 0 
247 0 
247 0 
247 0 
247 0 
247 0 
247 0 
247 0 
247 0 
247 0 
247 0 
247 0 
247 0 
247 0 
247 0 
247 0 
247 0 
247 0 
247 0 
247 0 
247 0 
247 0 
247 0 
247 0 
247 0 
247 0 
247 0 
247 0 
247 0 
247 0 
247 0 
247 0 
247 0 
247 0 
247 0 
247 0 
247 0 
247 0 
247 0 
247 0 
247 0 
247 0 
247 0 
247 0 
247 0 
247 0 
247 0 
247 0 
247 0 
247 0 
247 0 
247 0 
247 0 
247 0 
247 0 
247 0 
247 0 
247 0 
247 0 
247 0 
247 0 
247 0 
247 0 
247 0 
247 0 
247 0 
247 0 
247 0 
247 0 
247 0 
247 0 
247 0 
247 0 
247 0 
247 0 
247 0 
247 0 
247 0 
247 0 
247 0 
247 0 
247 0 
247 0 
247 0 
247 0 
247 0 
247 0 
247 0 
247 0 
247 0 
247 0 
247 0 
247 0 
247 0 
247 0 
247 0 
247 0 
247 0 
247 0 
247 0 
247 0 
247 0 
247 0 
247 0 
247 0 
247 0 
247 0 
247 0 
247 0 
247 0 
247 0 
247 0 
247 0 
247 0 
247 0 
247 0 
247 0 
247 0 
247 0 
247 0 
247 0 
247 0 
247 0 
247 0 
247 0 
247 0 
247 0 
247 0 
247 0 
247 0 
247 0 
247 0 
247 0 
247 0 
248 0 
248 0 
248 0 
248 0 
248 0 
248 0 
248 0 
248 0 
248 0 
248 0 
248 0 
248 0 
248 0 
248 0 
248 0 
248 0 
248 0 
248 0 
248 0 
248 0 
248 0 
248 0 
248 0 
248 0 
248 0 
248 0 
248 0 
248 0 
248 0 
248 0 
248 0 
248 0 
248 0 
248 0 
248 0 
248 0 
248 0 
248 0 
248 0 
248 0 
248 0 
248 0 
248 0 
248 0 
248 0 
248 0 
248 0 
248 0 
248 0 
248 0 
248 0 
248 0 
248 0 
248 0 
248 0 
248 0 
248 0 
248 0 
248 0 
248 0 
248 0 
248 0 
248 0 
248 0 
248 0 
248 0 
248 0 
248 0 
248 0 
248 0 
248 0 
248 0 
248 0 
248 0 
248 0 
248 0 
248 0 
248 0 
248 0 
248 0 
248 0 
248 0 
248 0 
248 0 
248 0.03 
248 0.09 
248 0.29 
248 0.47 
248 0.71 
248 0.91 
248 1.19 
248 1.49 
248 1.82 
248 2.2 
248 2.57 
248 3.1 
248 3.58 
248 4.09 
248 4.65 
248 5.21 
248 5.75 
248 6.28 
248 6.94 
248 7.61 
248 8.17 
248 8.76 
248 9.41 
248 9.96 
248 10.56 
248 11.24 
248 11.73 
248 12.42 
248 12.93 
248 13.51 
248 13.92 
248 14.52 
248 14.89 
248 15.44 
248 15.97 
248 16.47 
248 16.87 
248 17.29 
248 17.75 
248 18.14 
248 18.5 
248 18.78 
248 19.25 
248 19.52 
248 19.81 
248 20.1 
248 20.43 
248 20.71 
248 21.1 
248 21.34 
248 21.49 
248 21.79 
248 21.7 
248 22.01 
248 22.1 
248 22.42 
248 22.47 
248 22.69 
248 22.77 
248 22.85 
248 22.96 
248 22.98 
248 23.15 
248 23.17 
248 23.29 
248 23.35 
248 23.34 
248 23.32 
248 23.43 
248 23.51 
248 23.39 
248 23.44 
248 23.38 
248 23.38 
248 23.3 
248 23.25 
248 23.27 
248 23.44 
248 23.31 
248 23.24 
248 22.99 
248 22.93 
248 22.92 
248 22.91 
248 22.91 
248 22.67 
248 22.48 
248 22.41 
248 22.1 
248 21.82 
248 21.61 
248 21.53 
248 21.48 
248 21.25 
248 21.13 
248 20.9 
248 20.7 
248 20.39 
248 20.4 
248 20.18 
248 20.0 
248 19.8 
248 19.39 
248 18.99 
248 18.79 
248 18.6 
248 18.31 
248 17.94 
248 17.51 
248 17.01 
248 16.68 
248 16.26 
248 15.88 
248 15.43 
248 14.88 
248 14.36 
248 13.91 
248 13.38 
248 12.9 
248 12.39 
248 11.81 
248 11.34 
248 10.7 
248 10.26 
248 9.8 
248 9.19 
248 8.74 
248 8.11 
248 7.54 
248 6.88 
248 6.34 
248 5.86 
248 5.3 
248 4.83 
248 4.27 
248 3.76 
248 3.3 
248 2.77 
248 2.42 
248 1.98 
248 1.63 
248 0.48 
248 0.39 
248 0.37 
248 0.27 
248 0.16 
248 0.13 
248 0.07 
248 0.02 
248 0 
248 0 
248 0 
248 0 
248 0 
248 0 
248 0 
248 0 
248 0 
248 0 
248 0 
248 0 
248 0 
248 0 
248 0 
248 0 
248 0 
248 0 
248 0 
248 0 
248 0 
248 0 
248 0 
248 0 
248 0 
248 0 
248 0 
248 0 
248 0 
248 0 
248 0 
248 0 
248 0 
248 0 
248 0 
248 0 
248 0 
248 0 
248 0 
248 0 
248 0 
248 0 
248 0 
248 0 
248 0 
248 0 
248 0 
248 0 
248 0 
248 0 
248 0 
248 0 
248 0 
248 0 
248 0 
249 0 
249 0 
249 0 
249 0 
249 0 
249 0 
249 0 
249 0 
249 0 
249 0 
249 0 
249 0 
249 0 
249 0 
249 0 
249 0 
249 0 
249 0 
249 0 
249 0 
249 0 
249 0 
249 0 
249 0 
249 0 
249 0 
249 0 
249 0 
249 0 
249 0 
249 0 
249 0 
249 0 
249 0 
249 0 
249 0 
249 0 
249 0 
249 0 
249 0 
249 0 
249 0 
249 0 
249 0 
249 0 
249 0 
249 0 
249 0 
249 0 
249 0 
249 0 
249 0 
249 0 
249 0 
249 0 
249 0 
249 0 
249 0 
249 0 
249 0 
249 0 
249 0 
249 0 
249 0 
249 0 
249 0 
249 0 
249 0 
249 0 
249 0 
249 0 
249 0 
249 0 
249 0 
249 0 
249 0 
249 0 
249 0 
249 0 
249 0 
249 0 
249 0 
249 0 
249 0 
249 0.06 
249 0.14 
249 0.19 
249 0.33 
249 0.8 
249 1.1 
249 1.34 
249 1.65 
249 2.0 
249 2.43 
249 2.76 
249 3.35 
249 3.97 
249 4.41 
249 4.77 
249 5.43 
249 5.83 
249 6.28 
249 6.71 
249 7.33 
249 8.03 
249 8.63 
249 9.23 
249 9.86 
249 10.49 
249 11.04 
249 11.65 
249 12.2 
249 12.72 
249 13.28 
249 13.79 
249 14.31 
249 14.81 
249 15.29 
249 15.85 
249 16.31 
249 16.77 
249 17.11 
249 17.44 
249 17.8 
249 18.09 
249 18.55 
249 18.91 
249 19.25 
249 19.59 
249 19.85 
249 20.09 
249 20.37 
249 20.59 
249 20.87 
249 21.14 
249 21.42 
249 21.45 
249 21.71 
249 21.88 
249 22.13 
249 22.14 
249 22.24 
249 22.4 
249 22.45 
249 22.69 
249 22.97 
249 23.07 
249 23.17 
249 23.07 
249 23.24 
249 23.3 
249 23.38 
249 23.45 
249 23.38 
249 23.31 
249 23.48 
249 23.48 
249 23.6 
249 23.45 
249 23.42 
249 23.39 
249 23.32 
249 23.17 
249 23.24 
249 23.15 
249 23.12 
249 22.97 
249 22.72 
249 22.69 
249 22.56 
249 22.38 
249 22.33 
249 22.06 
249 22.08 
249 22.01 
249 22.03 
249 21.55 
249 21.23 
249 21.25 
249 20.71 
249 21.01 
249 20.46 
249 20.74 
249 20.56 
249 20.22 
249 20.04 
249 19.69 
249 19.38 
249 18.99 
249 18.56 
249 18.13 
249 17.85 
249 17.23 
249 16.85 
249 16.54 
249 16.11 
249 15.7 
249 15.21 
249 14.91 
249 14.38 
249 13.85 
249 13.36 
249 12.95 
249 12.47 
249 11.88 
249 11.27 
249 10.87 
249 10.3 
249 9.62 
249 9.11 
249 8.66 
249 8.02 
249 7.34 
249 6.79 
249 6.25 
249 5.71 
249 5.23 
249 4.63 
249 4.12 
249 3.59 
249 3.15 
249 2.69 
249 2.24 
249 1.81 
249 1.43 
249 0.48 
249 0.42 
249 0.36 
249 0.29 
249 0.19 
249 0.14 
249 0.07 
249 0 
249 0 
249 0 
249 0 
249 0 
249 0 
249 0 
249 0 
249 0 
249 0 
249 0 
249 0 
249 0 
249 0 
249 0 
249 0 
249 0 
249 0 
249 0 
249 0 
249 0 
249 0 
249 0 
249 0 
249 0 
249 0 
249 0 
249 0 
249 0 
249 0 
249 0 
249 0 
249 0 
249 0 
249 0 
249 0 
249 0 
249 0 
249 0 
249 0 
249 0 
249 0 
249 0 
249 0 
249 0 
249 0 
249 0 
249 0 
249 0 
249 0 
249 0 
249 0 
249 0 
249 0 
249 0 
249 0 
250 0 
250 0 
250 0 
250 0 
250 0 
250 0 
250 0 
250 0 
250 0 
250 0 
250 0 
250 0 
250 0 
250 0 
250 0 
250 0 
250 0 
250 0 
250 0 
250 0 
250 0 
250 0 
250 0 
250 0 
250 0 
250 0 
250 0 
250 0 
250 0 
250 0 
250 0 
250 0 
250 0 
250 0 
250 0 
250 0 
250 0 
250 0 
250 0 
250 0 
250 0 
250 0 
250 0 
250 0 
250 0 
250 0 
250 0 
250 0 
250 0 
250 0 
250 0 
250 0 
250 0 
250 0 
250 0 
250 0 
250 0 
250 0 
250 0 
250 0 
250 0 
250 0 
250 0 
250 0 
250 0 
250 0 
250 0 
250 0 
250 0 
250 0 
250 0 
250 0 
250 0 
250 0 
250 0 
250 0 
250 0 
250 0 
250 0 
250 0 
250 0 
250 0 
250 0 
250 0.04 
250 0.1 
250 0.23 
250 0.72 
250 0.97 
250 1.29 
250 1.72 
250 2.05 
250 2.06 
250 1.47 
250 1.49 
250 1.99 
250 3.16 
250 4.27 
250 4.82 
250 5.57 
250 3.67 
250 5.11 
250 6.86 
250 8.14 
250 3.9 
250 8.3 
250 9.67 
250 10.24 
250 10.87 
250 11.75 
250 12.3 
250 12.59 
250 7.59 
250 12.83 
250 11.95 
250 12.49 
250 15.89 
250 18.25 
250 16.95 
250 17.28 
250 19.5 
250 19.92 
250 20.32 
250 19.61 
250 12.83 
250 18.94 
250 19.44 
250 18.52 
250 19.97 
250 19.87 
250 20.22 
250 20.55 
250 20.78 
250 21.07 
250 20.99 
250 21.55 
250 21.9 
250 22.07 
250 22.21 
250 22.27 
250 22.63 
250 0 
250 0 
250 0 
250 0 
250 0 
250 0 
250 0 
250 0 
250 0 
250 0 
250 0 
250 0 
250 0 
250 0 
250 0 
250 0 
250 0 
250 0 
250 0 
250 0 
250 0 
250 0 
250 0 
250 0 
250 0 
250 0 
250 0 
250 0 
250 0 
250 0 
250 0 
250 0 
250 0 
250 0 
250 0 
250 0 
250 0 
250 0 
250 0 
250 0 
250 0 
250 0 
250 0 
250 0 
250 0 
250 0 
250 0 
250 0 
250 0 
250 0 
250 0 
250 0 
250 0 
250 0 
250 0 
250 0 
250 0 
250 0 
250 0 
250 0 
250 0 
250 0 
250 0 
250 0 
250 0 
250 0 
250 0 
250 0 
250 0 
250 0 
250 0 
250 0 
250 0 
250 0 
250 0 
250 0 
250 0 
250 0 
250 0 
250 0 
250 0 
250 0 
250 0 
250 0 
250 0 
250 0 
250 0 
250 0 
250 0 
250 0 
250 0 
250 0 
250 0 
250 0 
250 0 
250 0 
250 0 
250 0 
250 0 
250 0 
250 0 
250 0 
250 0 
250 0 
250 0 
250 0 
250 0 
250 0 
250 0 
250 0 
250 0 
250 0 
250 0 
250 0 
250 0 
250 0 
250 0 
250 0 
250 0 
250 0 
250 0 
250 0 
250 0 
250 0 
250 0 
250 0 
250 0 
250 0 
250 0 
250 0 
250 0 
250 0 
250 0 
250 0 
250 0 
250 0 
250 0 
250 0 
250 0 
250 0 
250 0 
250 0 
250 0 
250 0 
250 0 
250 0 
250 0 
250 0 
251 0 
251 0 
251 0 
251 0 
251 0 
251 0 
251 0 
251 0 
251 0 
251 0 
251 0 
251 0 
251 0 
251 0 
251 0 
251 0 
251 0 
251 0 
251 0 
251 0 
251 0 
251 0 
251 0 
251 0 
251 0 
251 0 
251 0 
251 0 
251 0 
251 0 
251 0 
251 0 
251 0 
251 0 
251 0 
251 0 
251 0 
251 0 
251 0 
251 0 
251 0 
251 0 
251 0 
251 0 
251 0 
251 0 
251 0 
251 0 
251 0 
251 0 
251 0 
251 0 
251 0 
251 0 
251 0 
251 0 
251 0 
251 0 
251 0 
251 0 
251 0 
251 0 
251 0 
251 0 
251 0 
251 0 
251 0 
251 0 
251 0 
251 0 
251 0 
251 0 
251 0 
251 0 
251 0 
251 0 
251 0 
251 0 
251 0 
251 0 
251 0 
251 0 
251 0 
251 0 
251 0 
251 0 
251 0 
251 0 
251 0 
251 0 
251 0 
251 0 
251 0 
251 0 
251 0 
251 0 
251 0 
251 0 
251 0 
251 0 
251 0 
251 0 
251 0 
251 0 
251 0 
251 0 
251 0 
251 0 
251 0 
251 0 
251 0 
251 0 
251 0 
251 0 
251 0 
251 0 
251 0 
251 0 
251 0 
251 0 
251 0 
251 0 
251 0 
251 0 
251 0 
251 0 
251 0 
251 0 
251 0 
251 0 
251 0 
251 0 
251 0 
251 0 
251 0 
251 0 
251 0 
251 0 
251 0 
251 0 
251 0 
251 0 
251 0 
251 0 
251 0 
251 0 
251 0 
251 0 
251 0 
251 0 
251 0 
251 0 
251 0 
251 0 
251 0 
251 0 
251 0 
251 0 
251 0 
251 0 
251 0 
251 0 
251 0 
251 0 
251 0 
251 0 
251 0 
251 0 
251 0 
251 0 
251 0 
251 0 
251 0 
251 0 
251 0 
251 0 
251 0 
251 0 
251 0 
251 0 
251 0 
251 0 
251 0 
251 0 
251 0 
251 0 
251 0 
251 0 
251 0 
251 0 
251 0 
251 0 
251 0 
251 0 
251 0 
251 0 
251 0 
251 0 
251 0 
251 0 
251 0 
251 0 
251 0 
251 0 
251 0 
251 0 
251 0 
251 0 
251 0 
251 0 
251 0 
251 0 
251 0 
251 0 
251 0 
251 0 
251 0 
251 0 
251 0 
251 0 
251 0 
251 0 
251 0 
251 0 
251 0 
251 0 
251 0 
251 0 
251 0 
251 0 
251 0 
251 0 
251 0 
251 0 
251 0 
251 0 
251 0 
251 0 
251 0 
251 0 
251 0 
251 0 
251 0 
251 0 
251 0 
251 0 
251 0 
251 0 
251 0 
251 0 
251 0 
251 0 
251 0 
251 0 
251 0 
251 0 
251 0 
251 0 
251 0 
251 0 
251 0 
251 0 
251 0 
251 0 
251 0 
251 0 
251 0 
251 0 
251 0 
251 0 
251 0 
251 0 
251 0 
251 0 
251 0 
251 0 
251 0 
251 0 
251 0 
251 0 
251 0 
251 0 
251 0 
251 0 
251 0 
251 0 
251 0 
251 0 
252 0 
252 0 
252 0 
252 0 
252 0 
252 0 
252 0 
252 0 
252 0 
252 0 
252 0 
252 0 
252 0 
252 0 
252 0 
252 0 
252 0 
252 0 
252 0 
252 0 
252 0 
252 0 
252 0 
252 0 
252 0 
252 0 
252 0 
252 0 
252 0 
252 0 
252 0 
252 0 
252 0 
252 0 
252 0 
252 0 
252 0 
252 0 
252 0 
252 0 
252 0 
252 0 
252 0 
252 0 
252 0 
252 0 
252 0 
252 0 
252 0 
252 0 
252 0 
252 0 
252 0 
252 0 
252 0 
252 0 
252 0 
252 0 
252 0 
252 0 
252 0 
252 0 
252 0 
252 0 
252 0 
252 0 
252 0 
252 0 
252 0 
252 0 
252 0 
252 0 
252 0 
252 0 
252 0 
252 0 
252 0 
252 0 
252 0 
252 0 
252 0 
252 0 
252 0 
252 0 
252 0 
252 0 
252 0 
252 0 
252 0 
252 0 
252 0 
252 0 
252 0 
252 0 
252 0 
252 0 
252 0 
252 0 
252 0 
252 0 
252 0 
252 0 
252 0 
252 0 
252 0 
252 0 
252 0 
252 0 
252 0 
252 0 
252 0 
252 0 
252 0 
252 0 
252 0 
252 0 
252 0 
252 0 
252 0 
252 0 
252 0 
252 0 
252 0 
252 0 
252 0 
252 0 
252 0 
252 0 
252 0 
252 0 
252 0 
252 0 
252 0 
252 0 
252 0 
252 0 
252 0 
252 0 
252 0 
252 0 
252 0 
252 0 
252 0 
252 0 
252 0 
252 0 
252 0 
252 0 
252 0 
252 0 
252 0 
252 0 
252 0 
252 0 
252 0 
252 0 
252 0 
252 0 
252 0 
252 0 
252 0 
252 0 
252 0 
252 0 
252 0 
252 0 
252 0 
252 0 
252 0 
252 0 
252 0 
252 0 
252 0 
252 0 
252 0 
252 0 
252 0 
252 0 
252 0 
252 0 
252 0 
252 0 
252 0 
252 0 
252 0 
252 0 
252 0 
252 0 
252 0 
252 0 
252 0 
252 0 
252 0 
252 0 
252 0 
252 0 
252 0 
252 0 
252 0 
252 0 
252 0 
252 0 
252 0 
252 0 
252 0 
252 0 
252 0 
252 0 
252 0 
252 0 
252 0 
252 0 
252 0 
252 0 
252 0 
252 0 
252 0 
252 0 
252 0 
252 0 
252 0 
252 0 
252 0 
252 0 
252 0 
252 0 
252 0 
252 0 
252 0 
252 0 
252 0 
252 0 
252 0 
252 0 
252 0 
252 0 
252 0 
252 0 
252 0 
252 0 
252 0 
252 0 
252 0 
252 0 
252 0 
252 0 
252 0 
252 0 
252 0 
252 0 
252 0 
252 0 
252 0 
252 0 
252 0 
252 0 
252 0 
252 0 
252 0 
252 0 
252 0 
252 0 
252 0 
252 0 
252 0 
252 0 
252 0 
252 0 
252 0 
252 0 
252 0 
252 0 
252 0 
252 0 
252 0 
252 0 
252 0 
252 0 
252 0 
252 0 
252 0 
252 0 
252 0 
252 0 
252 0 
252 0 
252 0 
252 0 
253 0 
253 0 
253 0 
253 0 
253 0 
253 0 
253 0 
253 0 
253 0 
253 0 
253 0 
253 0 
253 0 
253 0 
253 0 
253 0 
253 0 
253 0 
253 0 
253 0 
253 0 
253 0 
253 0 
253 0 
253 0 
253 0 
253 0 
253 0 
253 0 
253 0 
253 0 
253 0 
253 0 
253 0 
253 0 
253 0 
253 0 
253 0 
253 0 
253 0 
253 0 
253 0 
253 0 
253 0 
253 0 
253 0 
253 0 
253 0 
253 0 
253 0 
253 0 
253 0 
253 0 
253 0 
253 0 
253 0 
253 0 
253 0 
253 0 
253 0 
253 0 
253 0 
253 0 
253 0 
253 0 
253 0 
253 0 
253 0 
253 0 
253 0 
253 0 
253 0 
253 0 
253 0 
253 0 
253 0 
253 0 
253 0 
253 0 
253 0 
253 0 
253 0 
253 0 
253 0 
253 0 
253 0 
253 0 
253 0 
253 0 
253 0 
253 0 
253 0 
253 0 
253 0 
253 0 
253 0 
253 0 
253 0 
253 0 
253 0 
253 0 
253 0 
253 0 
253 0 
253 0 
253 0 
253 0 
253 0 
253 0 
253 0 
253 0 
253 0 
253 0 
253 0 
253 0 
253 0 
253 0 
253 0 
253 0 
253 0 
253 0 
253 0 
253 0 
253 0 
253 0 
253 0 
253 0 
253 0 
253 0 
253 0 
253 0 
253 0 
253 0 
253 0 
253 0 
253 0 
253 0 
253 0 
253 0 
253 0 
253 0 
253 0 
253 0 
253 0 
253 0 
253 0 
253 0 
253 0 
253 0 
253 0 
253 0 
253 0 
253 0 
253 0 
253 0 
253 0 
253 0 
253 0 
253 0 
253 0 
253 0 
253 0 
253 0 
253 0 
253 0 
253 0 
253 0 
253 0 
253 0 
253 0 
253 0 
253 0 
253 0 
253 0 
253 0 
253 0 
253 0 
253 0 
253 0 
253 0 
253 0 
253 0 
253 0 
253 0 
253 0 
253 0 
253 0 
253 0 
253 0 
253 0 
253 0 
253 0 
253 0 
253 0 
253 0 
253 0 
253 0 
253 0 
253 0 
253 0 
253 0 
253 0 
253 0 
253 0 
253 0 
253 0 
253 0 
253 0 
253 0 
253 0 
253 0 
253 0 
253 0 
253 0 
253 0 
253 0 
253 0 
253 0 
253 0 
253 0 
253 0 
253 0 
253 0 
253 0 
253 0 
253 0 
253 0 
253 0 
253 0 
253 0 
253 0 
253 0 
253 0 
253 0 
253 0 
253 0 
253 0 
253 0 
253 0 
253 0 
253 0 
253 0 
253 0 
253 0 
253 0 
253 0 
253 0 
253 0 
253 0 
253 0 
253 0 
253 0 
253 0 
253 0 
253 0 
253 0 
253 0 
253 0 
253 0 
253 0 
253 0 
253 0 
253 0 
253 0 
253 0 
253 0 
253 0 
253 0 
253 0 
253 0 
253 0 
253 0 
253 0 
253 0 
253 0 
253 0 
253 0 
253 0 
253 0 
253 0 
253 0 
253 0 
253 0 
253 0 
253 0 
253 0 
253 0 
253 0 
254 0 
254 0 
254 0 
254 0 
254 0 
254 0 
254 0 
254 0 
254 0 
254 0 
254 0 
254 0 
254 0 
254 0 
254 0 
254 0 
254 0 
254 0 
254 0 
254 0 
254 0 
254 0 
254 0 
254 0 
254 0 
254 0 
254 0 
254 0 
254 0 
254 0 
254 0 
254 0 
254 0 
254 0 
254 0 
254 0 
254 0 
254 0 
254 0 
254 0 
254 0 
254 0 
254 0 
254 0 
254 0 
254 0 
254 0 
254 0 
254 0 
254 0 
254 0 
254 0 
254 0 
254 0 
254 0 
254 0 
254 0 
254 0 
254 0 
254 0 
254 0 
254 0 
254 0 
254 0 
254 0 
254 0 
254 0 
254 0 
254 0 
254 0 
254 0 
254 0 
254 0 
254 0 
254 0 
254 0 
254 0 
254 0 
254 0 
254 0 
254 0 
254 0 
254 0 
254 0 
254 0 
254 0 
254 0 
254 0 
254 0 
254 0 
254 0 
254 0 
254 0 
254 0 
254 0 
254 0 
254 0 
254 0 
254 0 
254 0 
254 0 
254 0 
254 0 
254 0 
254 0 
254 0 
254 0 
254 0 
254 0 
254 0 
254 0 
254 0 
254 0 
254 0 
254 0 
254 0 
254 0 
254 0 
254 0 
254 0 
254 0 
254 0 
254 0 
254 0 
254 0 
254 0 
254 0 
254 0 
254 0 
254 0 
254 0 
254 0 
254 0 
254 0 
254 0 
254 0 
254 0 
254 0 
254 0 
254 0 
254 0 
254 0 
254 0 
254 0 
254 0 
254 0 
254 0 
254 0 
254 0 
254 0 
254 0 
254 0 
254 0 
254 0 
254 0 
254 0 
254 0 
254 0 
254 0 
254 0 
254 0 
254 0 
254 0 
254 0 
254 0 
254 0 
254 0 
254 0 
254 0 
254 0 
254 0 
254 0 
254 0 
254 0 
254 0 
254 0 
254 0 
254 0 
254 0 
254 0 
254 0 
254 0 
254 0 
254 0 
254 0 
254 0 
254 0 
254 0 
254 0 
254 0 
254 0 
254 0 
254 0 
254 0 
254 0 
254 0 
254 0 
254 0 
254 0 
254 0 
254 0 
254 0 
254 0 
254 0 
254 0 
254 0 
254 0 
254 0 
254 0 
254 0 
254 0 
254 0 
254 0 
254 0 
254 0 
254 0 
254 0 
254 0 
254 0 
254 0 
254 0 
254 0 
254 0 
254 0 
254 0 
254 0 
254 0 
254 0 
254 0 
254 0 
254 0 
254 0 
254 0 
254 0 
254 0 
254 0 
254 0 
254 0 
254 0 
254 0 
254 0 
254 0 
254 0 
254 0 
254 0 
254 0 
254 0 
254 0 
254 0 
254 0 
254 0 
254 0 
254 0 
254 0 
254 0 
254 0 
254 0 
254 0 
254 0 
254 0 
254 0 
254 0 
254 0 
254 0 
254 0 
254 0 
254 0 
254 0 
254 0 
254 0 
254 0 
254 0 
254 0 
254 0 
254 0 
254 0 
254 0 
254 0 
254 0 
254 0 
254 0 
254 0 
254 0 
254 0 
254 0 
254 0 
254 0 
254 0 
255 0 
255 0 
255 0 
255 0 
255 0 
255 0 
255 0 
255 0 
255 0 
255 0 
255 0 
255 0 
255 0 
255 0 
255 0 
255 0 
255 0 
255 0 
255 0 
255 0 
255 0 
255 0 
255 0 
255 0 
255 0 
255 0 
255 0 
255 0 
255 0 
255 0 
255 0 
255 0 
255 0 
255 0 
255 0 
255 0 
255 0 
255 0 
255 0 
255 0 
255 0 
255 0 
255 0 
255 0 
255 0 
255 0 
255 0 
255 0 
255 0 
255 0 
255 0 
255 0 
255 0 
255 0 
255 0 
255 0 
255 0 
255 0 
255 0 
255 0 
255 0 
255 0 
255 0 
255 0 
255 0 
255 0 
255 0 
255 0 
255 0 
255 0 
255 0 
255 0 
255 0 
255 0 
255 0 
255 0 
255 0 
255 0 
255 0 
255 0 
255 0 
255 0 
255 0 
255 0 
255 0 
255 0 
255 0 
255 0 
255 0 
255 0 
255 0 
255 0 
255 0 
255 0 
255 0 
255 0 
255 0 
255 0 
255 0 
255 0 
255 0 
255 0 
255 0 
255 0 
255 0 
255 0 
255 0 
255 0 
255 0 
255 0 
255 0 
255 0 
255 0 
255 0 
255 0 
255 0 
255 0 
255 0 
255 0 
255 0 
255 0 
255 0 
255 0 
255 0 
255 0 
255 0 
255 0 
255 0 
255 0 
255 0 
255 0 
255 0 
255 0 
255 0 
255 0 
255 0 
255 0 
255 0 
255 0 
255 0 
255 0 
255 0 
255 0 
255 0 
255 0 
255 0 
255 0 
255 0 
255 0 
255 0 
255 0 
255 0 
255 0 
255 0 
255 0 
255 0 
255 0 
255 0 
255 0 
255 0 
255 0 
255 0 
255 0 
255 0 
255 0 
255 0 
255 0 
255 0 
255 0 
255 0 
255 0 
255 0 
255 0 
255 0 
255 0 
255 0 
255 0 
255 0 
255 0 
255 0 
255 0 
255 0 
255 0 
255 0 
255 0 
255 0 
255 0 
255 0 
255 0 
255 0 
255 0 
255 0 
255 0 
255 0 
255 0 
255 0 
255 0 
255 0 
255 0 
255 0 
255 0 
255 0 
255 0 
255 0 
255 0 
255 0 
255 0 
255 0 
255 0 
255 0 
255 0 
255 0 
255 0 
255 0 
255 0 
255 0 
255 0 
255 0 
255 0 
255 0 
255 0 
255 0 
255 0 
255 0 
255 0 
255 0 
255 0 
255 0 
255 0 
255 0 
255 0 
255 0 
255 0 
255 0 
255 0 
255 0 
255 0 
255 0 
255 0 
255 0 
255 0 
255 0 
255 0 
255 0 
255 0 
255 0 
255 0 
255 0 
255 0 
255 0 
255 0 
255 0 
255 0 
255 0 
255 0 
255 0 
255 0 
255 0 
255 0 
255 0 
255 0 
255 0 
255 0 
255 0 
255 0 
255 0 
255 0 
255 0 
255 0 
255 0 
255 0 
255 0 
255 0 
255 0 
255 0 
255 0 
255 0 
255 0 
255 0 
255 0 
255 0 
255 0 
255 0 
255 0 
255 0 
255 0 
255 0 
255 0 
256 0 
256 0 
256 0 
256 0 
256 0 
256 0 
256 0 
256 0 
256 0 
256 0 
256 0 
256 0 
256 0 
256 0 
256 0 
256 0 
256 0 
256 0 
256 0 
256 0 
256 0 
256 0 
256 0 
256 0 
256 0 
256 0 
256 0 
256 0 
256 0 
256 0 
256 0 
256 0 
256 0 
256 0 
256 0 
256 0 
256 0 
256 0 
256 0 
256 0 
256 0 
256 0 
256 0 
256 0 
256 0 
256 0 
256 0 
256 0 
256 0 
256 0 
256 0 
256 0 
256 0 
256 0 
256 0 
256 0 
256 0 
256 0 
256 0 
256 0 
256 0 
256 0 
256 0 
256 0 
256 0 
256 0 
256 0 
256 0 
256 0 
256 0 
256 0 
256 0 
256 0 
256 0 
256 0 
256 0 
256 0 
256 0 
256 0 
256 0 
256 0 
256 0 
256 0 
256 0 
256 0 
256 0 
256 0 
256 0 
256 0 
256 0 
256 0 
256 0 
256 0 
256 0 
256 0 
256 0 
256 0 
256 0 
256 0 
256 0 
256 0 
256 0 
256 0 
256 0 
256 0 
256 0 
256 0 
256 0 
256 0 
256 0 
256 0 
256 0 
256 0 
256 0 
256 0 
256 0 
256 0 
256 0 
256 0 
256 0 
256 0 
256 0 
256 0 
256 0 
256 0 
256 0 
256 0 
256 0 
256 0 
256 0 
256 0 
256 0 
256 0 
256 0 
256 0 
256 0 
256 0 
256 0 
256 0 
256 0 
256 0 
256 0 
256 0 
256 0 
256 0 
256 0 
256 0 
256 0 
256 0 
256 0 
256 0 
256 0 
256 0 
256 0 
256 0 
256 0 
256 0 
256 0 
256 0 
256 0 
256 0 
256 0 
256 0 
256 0 
256 0 
256 0 
256 0 
256 0 
256 0 
256 0 
256 0 
256 0 
256 0 
256 0 
256 0 
256 0 
256 0 
256 0 
256 0 
256 0 
256 0 
256 0 
256 0 
256 0 
256 0 
256 0 
256 0 
256 0 
256 0 
256 0 
256 0 
256 0 
256 0 
256 0 
256 0 
256 0 
256 0 
256 0 
256 0 
256 0 
256 0 
256 0 
256 0 
256 0 
256 0 
256 0 
256 0 
256 0 
256 0 
256 0 
256 0 
256 0 
256 0 
256 0 
256 0 
256 0 
256 0 
256 0 
256 0 
256 0 
256 0 
256 0 
256 0 
256 0 
256 0 
256 0 
256 0 
256 0 
256 0 
256 0 
256 0 
256 0 
256 0 
256 0 
256 0 
256 0 
256 0 
256 0 
256 0 
256 0 
256 0 
256 0 
256 0 
256 0 
256 0 
256 0 
256 0 
256 0 
256 0 
256 0 
256 0 
256 0 
256 0 
256 0 
256 0 
256 0 
256 0 
256 0 
256 0 
256 0 
256 0 
256 0 
256 0 
256 0 
256 0 
256 0 
256 0 
256 0 
256 0 
256 0 
256 0 
256 0 
256 0 
256 0 
256 0 
256 0 
256 0 
256 0 
256 0 
256 0 
256 0 
256 0 
256 0 
256 0 
256 0 
256 0 
256 0 
256 0 
257 0 
257 0 
257 0 
257 0 
257 0 
257 0 
257 0 
257 0 
257 0 
257 0 
257 0 
257 0 
257 0 
257 0 
257 0 
257 0 
257 0 
257 0 
257 0 
257 0 
257 0 
257 0 
257 0 
257 0 
257 0 
257 0 
257 0 
257 0 
257 0 
257 0 
257 0 
257 0 
257 0 
257 0 
257 0 
257 0 
257 0 
257 0 
257 0 
257 0 
257 0 
257 0 
257 0 
257 0 
257 0 
257 0 
257 0 
257 0 
257 0 
257 0 
257 0 
257 0 
257 0 
257 0 
257 0 
257 0 
257 0 
257 0 
257 0 
257 0 
257 0 
257 0 
257 0 
257 0 
257 0 
257 0 
257 0 
257 0 
257 0 
257 0 
257 0 
257 0 
257 0 
257 0 
257 0 
257 0 
257 0 
257 0 
257 0 
257 0 
257 0 
257 0 
257 0 
257 0 
257 0 
257 0 
257 0 
257 0 
257 0 
257 0 
257 0 
257 0 
257 0 
257 0 
257 0 
257 0 
257 0 
257 0 
257 0 
257 0 
257 0 
257 0 
257 0 
257 0 
257 0 
257 0 
257 0 
257 0 
257 0 
257 0 
257 0 
257 0 
257 0 
257 0 
257 0 
257 0 
257 0 
257 0 
257 0 
257 0 
257 0 
257 0 
257 0 
257 0 
257 0 
257 0 
257 0 
257 0 
257 0 
257 0 
257 0 
257 0 
257 0 
257 0 
257 0 
257 0 
257 0 
257 0 
257 0 
257 0 
257 0 
257 0 
257 0 
257 0 
257 0 
257 0 
257 0 
257 0 
257 0 
257 0 
257 0 
257 0 
257 0 
257 0 
257 0 
257 0 
257 0 
257 0 
257 0 
257 0 
257 0 
257 0 
257 0 
257 0 
257 0 
257 0 
257 0 
257 0 
257 0 
257 0 
257 0 
257 0 
257 0 
257 0 
257 0 
257 0 
257 0 
257 0 
257 0 
257 0 
257 0 
257 0 
257 0 
257 0 
257 0 
257 0 
257 0 
257 0 
257 0 
257 0 
257 0 
257 0 
257 0 
257 0 
257 0 
257 0 
257 0 
257 0 
257 0 
257 0 
257 0 
257 0 
257 0 
257 0 
257 0 
257 0 
257 0 
257 0 
257 0 
257 0 
257 0 
257 0 
257 0 
257 0 
257 0 
257 0 
257 0 
257 0 
257 0 
257 0 
257 0 
257 0 
257 0 
257 0 
257 0 
257 0 
257 0 
257 0 
257 0 
257 0 
257 0 
257 0 
257 0 
257 0 
257 0 
257 0 
257 0 
257 0 
257 0 
257 0 
257 0 
257 0 
257 0 
257 0 
257 0 
257 0 
257 0 
257 0 
257 0 
257 0 
257 0 
257 0 
257 0 
257 0 
257 0 
257 0 
257 0 
257 0 
257 0 
257 0 
257 0 
257 0 
257 0 
257 0 
257 0 
257 0 
257 0 
257 0 
257 0 
257 0 
257 0 
257 0 
257 0 
257 0 
257 0 
257 0 
257 0 
257 0 
257 0 
257 0 
257 0 
257 0 
257 0 
257 0 
257 0 
257 0 
257 0 
257 0 
258 0 
258 0 
258 0 
258 0 
258 0 
258 0 
258 0 
258 0 
258 0 
258 0 
258 0 
258 0 
258 0 
258 0 
258 0 
258 0 
258 0 
258 0 
258 0 
258 0 
258 0 
258 0 
258 0 
258 0 
258 0 
258 0 
258 0 
258 0 
258 0 
258 0 
258 0 
258 0 
258 0 
258 0 
258 0 
258 0 
258 0 
258 0 
258 0 
258 0 
258 0 
258 0 
258 0 
258 0 
258 0 
258 0 
258 0 
258 0 
258 0 
258 0 
258 0 
258 0 
258 0 
258 0 
258 0 
258 0 
258 0 
258 0 
258 0 
258 0 
258 0 
258 0 
258 0 
258 0 
258 0 
258 0 
258 0 
258 0 
258 0 
258 0 
258 0 
258 0 
258 0 
258 0 
258 0 
258 0 
258 0 
258 0 
258 0 
258 0 
258 0 
258 0 
258 0 
258 0 
258 0 
258 0 
258 0 
258 0 
258 0 
258 0 
258 0 
258 0 
258 0 
258 0 
258 0 
258 0 
258 0 
258 0 
258 0 
258 0 
258 0 
258 0 
258 0 
258 0 
258 0 
258 0 
258 0 
258 0 
258 0 
258 0 
258 0 
258 0 
258 0 
258 0 
258 0 
258 0 
258 0 
258 0 
258 0 
258 0 
258 0 
258 0 
258 0 
258 0 
258 0 
258 0 
258 0 
258 0 
258 0 
258 0 
258 0 
258 0 
258 0 
258 0 
258 0 
258 0 
258 0 
258 0 
258 0 
258 0 
258 0 
258 0 
258 0 
258 0 
258 0 
258 0 
258 0 
258 0 
258 0 
258 0 
258 0 
258 0 
258 0 
258 0 
258 0 
258 0 
258 0 
258 0 
258 0 
258 0 
258 0 
258 0 
258 0 
258 0 
258 0 
258 0 
258 0 
258 0 
258 0 
258 0 
258 0 
258 0 
258 0 
258 0 
258 0 
258 0 
258 0 
258 0 
258 0 
258 0 
258 0 
258 0 
258 0 
258 0 
258 0 
258 0 
258 0 
258 0 
258 0 
258 0 
258 0 
258 0 
258 0 
258 0 
258 0 
258 0 
258 0 
258 0 
258 0 
258 0 
258 0 
258 0 
258 0 
258 0 
258 0 
258 0 
258 0 
258 0 
258 0 
258 0 
258 0 
258 0 
258 0 
258 0 
258 0 
258 0 
258 0 
258 0 
258 0 
258 0 
258 0 
258 0 
258 0 
258 0 
258 0 
258 0 
258 0 
258 0 
258 0 
258 0 
258 0 
258 0 
258 0 
258 0 
258 0 
258 0 
258 0 
258 0 
258 0 
258 0 
258 0 
258 0 
258 0 
258 0 
258 0 
258 0 
258 0 
258 0 
258 0 
258 0 
258 0 
258 0 
258 0 
258 0 
258 0 
258 0 
258 0 
258 0 
258 0 
258 0 
258 0 
258 0 
258 0 
258 0 
258 0 
258 0 
258 0 
258 0 
258 0 
258 0 
258 0 
258 0 
258 0 
258 0 
258 0 
258 0 
258 0 
258 0 
258 0 
258 0 
258 0 
258 0 
258 0 
258 0 
258 0 
258 0 
258 0 
258 0 
259 0 
259 0 
259 0 
259 0 
259 0 
259 0 
259 0 
259 0 
259 0 
259 0 
259 0 
259 0 
259 0 
259 0 
259 0 
259 0 
259 0 
259 0 
259 0 
259 0 
259 0 
259 0 
259 0 
259 0 
259 0 
259 0 
259 0 
259 0 
259 0 
259 0 
259 0 
259 0 
259 0 
259 0 
259 0 
259 0 
259 0 
259 0 
259 0 
259 0 
259 0 
259 0 
259 0 
259 0 
259 0 
259 0 
259 0 
259 0 
259 0 
259 0 
259 0 
259 0 
259 0 
259 0 
259 0 
259 0 
259 0 
259 0 
259 0 
259 0 
259 0 
259 0 
259 0 
259 0 
259 0 
259 0 
259 0 
259 0 
259 0 
259 0 
259 0 
259 0 
259 0 
259 0 
259 0 
259 0 
259 0 
259 0 
259 0 
259 0 
259 0 
259 0 
259 0 
259 0 
259 0 
259 0 
259 0 
259 0 
259 0 
259 0 
259 0 
259 0 
259 0 
259 0 
259 0 
259 0 
259 0 
259 0 
259 0 
259 0 
259 0 
259 0 
259 0 
259 0 
259 0 
259 0 
259 0 
259 0 
259 0 
259 0 
259 0 
259 0 
259 0 
259 0 
259 0 
259 0 
259 0 
259 0 
259 0 
259 0 
259 0 
259 0 
259 0 
259 0 
259 0 
259 0 
259 0 
259 0 
259 0 
259 0 
259 0 
259 0 
259 0 
259 0 
259 0 
259 0 
259 0 
259 0 
259 0 
259 0 
259 0 
259 0 
259 0 
259 0 
259 0 
259 0 
259 0 
259 0 
259 0 
259 0 
259 0 
259 0 
259 0 
259 0 
259 0 
259 0 
259 0 
259 0 
259 0 
259 0 
259 0 
259 0 
259 0 
259 0 
259 0 
259 0 
259 0 
259 0 
259 0 
259 0 
259 0 
259 0 
259 0 
259 0 
259 0 
259 0 
259 0 
259 0 
259 0 
259 0 
259 0 
259 0 
259 0 
259 0 
259 0 
259 0 
259 0 
259 0 
259 0 
259 0 
259 0 
259 0 
259 0 
259 0 
259 0 
259 0 
259 0 
259 0 
259 0 
259 0 
259 0 
259 0 
259 0 
259 0 
259 0 
259 0 
259 0 
259 0 
259 0 
259 0 
259 0 
259 0 
259 0 
259 0 
259 0 
259 0 
259 0 
259 0 
259 0 
259 0 
259 0 
259 0 
259 0 
259 0 
259 0 
259 0 
259 0 
259 0 
259 0 
259 0 
259 0 
259 0 
259 0 
259 0 
259 0 
259 0 
259 0 
259 0 
259 0 
259 0 
259 0 
259 0 
259 0 
259 0 
259 0 
259 0 
259 0 
259 0 
259 0 
259 0 
259 0 
259 0 
259 0 
259 0 
259 0 
259 0 
259 0 
259 0 
259 0 
259 0 
259 0 
259 0 
259 0 
259 0 
259 0 
259 0 
259 0 
259 0 
259 0 
259 0 
259 0 
259 0 
259 0 
259 0 
259 0 
259 0 
259 0 
259 0 
259 0 
259 0 
259 0 
259 0 
259 0 
259 0 
259 0 
259 0 
259 0 
259 0 
260 0 
260 0 
260 0 
260 0 
260 0 
260 0 
260 0 
260 0 
260 0 
260 0 
260 0 
260 0 
260 0 
260 0 
260 0 
260 0 
260 0 
260 0 
260 0 
260 0 
260 0 
260 0 
260 0 
260 0 
260 0 
260 0 
260 0 
260 0 
260 0 
260 0 
260 0 
260 0 
260 0 
260 0 
260 0 
260 0 
260 0 
260 0 
260 0 
260 0 
260 0 
260 0 
260 0 
260 0 
260 0 
260 0 
260 0 
260 0 
260 0 
260 0 
260 0 
260 0 
260 0 
260 0 
260 0 
260 0 
260 0 
260 0 
260 0 
260 0 
260 0 
260 0 
260 0 
260 0 
260 0 
260 0 
260 0 
260 0 
260 0 
260 0 
260 0 
260 0 
260 0 
260 0 
260 0 
260 0 
260 0 
260 0 
260 0 
260 0 
260 0 
260 0 
260 0 
260 0 
260 0 
260 0 
260 0 
260 0 
260 0 
260 0 
260 0 
260 0 
260 0 
260 0 
260 0 
260 0 
260 0 
260 0 
260 0 
260 0 
260 0 
260 0 
260 0 
260 0 
260 0 
260 0 
260 0 
260 0 
260 0 
260 0 
260 0 
260 0 
260 0 
260 0 
260 0 
260 0 
260 0 
260 0 
260 0 
260 0 
260 0 
260 0 
260 0 
260 0 
260 0 
260 0 
260 0 
260 0 
260 0 
260 0 
260 0 
260 0 
260 0 
260 0 
260 0 
260 0 
260 0 
260 0 
260 0 
260 0 
260 0 
260 0 
260 0 
260 0 
260 0 
260 0 
260 0 
260 0 
260 0 
260 0 
260 0 
260 0 
260 0 
260 0 
260 0 
260 0 
260 0 
260 0 
260 0 
260 0 
260 0 
260 0 
260 0 
260 0 
260 0 
260 0 
260 0 
260 0 
260 0 
260 0 
260 0 
260 0 
260 0 
260 0 
260 0 
260 0 
260 0 
260 0 
260 0 
260 0 
260 0 
260 0 
260 0 
260 0 
260 0 
260 0 
260 0 
260 0 
260 0 
260 0 
260 0 
260 0 
260 0 
260 0 
260 0 
260 0 
260 0 
260 0 
260 0 
260 0 
260 0 
260 0 
260 0 
260 0 
260 0 
260 0 
260 0 
260 0 
260 0 
260 0 
260 0 
260 0 
260 0 
260 0 
260 0 
260 0 
260 0 
260 0 
260 0 
260 0 
260 0 
260 0 
260 0 
260 0 
260 0 
260 0 
260 0 
260 0 
260 0 
260 0 
260 0 
260 0 
260 0 
260 0 
260 0 
260 0 
260 0 
260 0 
260 0 
260 0 
260 0 
260 0 
260 0 
260 0 
260 0 
260 0 
260 0 
260 0 
260 0 
260 0 
260 0 
260 0 
260 0 
260 0 
260 0 
260 0 
260 0 
260 0 
260 0 
260 0 
260 0 
260 0 
260 0 
260 0 
260 0 
260 0 
260 0 
260 0 
260 0 
260 0 
260 0 
260 0 
260 0 
260 0 
260 0 
260 0 
260 0 
260 0 
260 0 
260 0 
260 0 
260 0 
260 0 
260 0 
260 0 
260 0 
260 0 
260 0 
261 0 
261 0 
261 0 
261 0 
261 0 
261 0 
261 0 
261 0 
261 0 
261 0 
261 0 
261 0 
261 0 
261 0 
261 0 
261 0 
261 0 
261 0 
261 0 
261 0 
261 0 
261 0 
261 0 
261 0 
261 0 
261 0 
261 0 
261 0 
261 0 
261 0 
261 0 
261 0 
261 0 
261 0 
261 0 
261 0 
261 0 
261 0 
261 0 
261 0 
261 0 
261 0 
261 0 
261 0 
261 0 
261 0 
261 0 
261 0 
261 0 
261 0 
261 0 
261 0 
261 0 
261 0 
261 0 
261 0 
261 0 
261 0 
261 0 
261 0 
261 0 
261 0 
261 0 
261 0 
261 0 
261 0 
261 0 
261 0 
261 0 
261 0 
261 0 
261 0 
261 0 
261 0 
261 0 
261 0 
261 0 
261 0 
261 0 
261 0 
261 0 
261 0 
261 0 
261 0 
261 0 
261 0 
261 0 
261 0 
261 0 
261 0 
261 0 
261 0 
261 0 
261 0 
261 0 
261 0 
261 0 
261 0 
261 0 
261 0 
261 0 
261 0 
261 0 
261 0 
261 0 
261 0 
261 0 
261 0 
261 0 
261 0 
261 0 
261 0 
261 0 
261 0 
261 0 
261 0 
261 0 
261 0 
261 0 
261 0 
261 0 
261 0 
261 0 
261 0 
261 0 
261 0 
261 0 
261 0 
261 0 
261 0 
261 0 
261 0 
261 0 
261 0 
261 0 
261 0 
261 0 
261 0 
261 0 
261 0 
261 0 
261 0 
261 0 
261 0 
261 0 
261 0 
261 0 
261 0 
261 0 
261 0 
261 0 
261 0 
261 0 
261 0 
261 0 
261 0 
261 0 
261 0 
261 0 
261 0 
261 0 
261 0 
261 0 
261 0 
261 0 
261 0 
261 0 
261 0 
261 0 
261 0 
261 0 
261 0 
261 0 
261 0 
261 0 
261 0 
261 0 
261 0 
261 0 
261 0 
261 0 
261 0 
261 0 
261 0 
261 0 
261 0 
261 0 
261 0 
261 0 
261 0 
261 0 
261 0 
261 0 
261 0 
261 0 
261 0 
261 0 
261 0 
261 0 
261 0 
261 0 
261 0 
261 0 
261 0 
261 0 
261 0 
261 0 
261 0 
261 0 
261 0 
261 0 
261 0 
261 0 
261 0 
261 0 
261 0 
261 0 
261 0 
261 0 
261 0 
261 0 
261 0 
261 0 
261 0 
261 0 
261 0 
261 0 
261 0 
261 0 
261 0 
261 0 
261 0 
261 0 
261 0 
261 0 
261 0 
261 0 
261 0 
261 0 
261 0 
261 0 
261 0 
261 0 
261 0 
261 0 
261 0 
261 0 
261 0 
261 0 
261 0 
261 0 
261 0 
261 0 
261 0 
261 0 
261 0 
261 0 
261 0 
261 0 
261 0 
261 0 
261 0 
261 0 
261 0 
261 0 
261 0 
261 0 
261 0 
261 0 
261 0 
261 0 
261 0 
261 0 
261 0 
261 0 
261 0 
261 0 
261 0 
261 0 
261 0 
261 0 
261 0 
261 0 
261 0 
261 0 
261 0 
261 0 
261 0 
262 0 
262 0 
262 0 
262 0 
262 0 
262 0 
262 0 
262 0 
262 0 
262 0 
262 0 
262 0 
262 0 
262 0 
262 0 
262 0 
262 0 
262 0 
262 0 
262 0 
262 0 
262 0 
262 0 
262 0 
262 0 
262 0 
262 0 
262 0 
262 0 
262 0 
262 0 
262 0 
262 0 
262 0 
262 0 
262 0 
262 0 
262 0 
262 0 
262 0 
262 0 
262 0 
262 0 
262 0 
262 0 
262 0 
262 0 
262 0 
262 0 
262 0 
262 0 
262 0 
262 0 
262 0 
262 0 
262 0 
262 0 
262 0 
262 0 
262 0 
262 0 
262 0 
262 0 
262 0 
262 0 
262 0 
262 0 
262 0 
262 0 
262 0 
262 0 
262 0 
262 0 
262 0 
262 0 
262 0 
262 0 
262 0 
262 0 
262 0 
262 0 
262 0 
262 0 
262 0 
262 0 
262 0 
262 0 
262 0 
262 0 
262 0 
262 0 
262 0 
262 0 
262 0 
262 0 
262 0 
262 0 
262 0 
262 0 
262 0 
262 0 
262 0 
262 0 
262 0 
262 0 
262 0 
262 0 
262 0 
262 0 
262 0 
262 0 
262 0 
262 0 
262 0 
262 0 
262 0 
262 0 
262 0 
262 0 
262 0 
262 0 
262 0 
262 0 
262 0 
262 0 
262 0 
262 0 
262 0 
262 0 
262 0 
262 0 
262 0 
262 0 
262 0 
262 0 
262 0 
262 0 
262 0 
262 0 
262 0 
262 0 
262 0 
262 0 
262 0 
262 0 
262 0 
262 0 
262 0 
262 0 
262 0 
262 0 
262 0 
262 0 
262 0 
262 0 
262 0 
262 0 
262 0 
262 0 
262 0 
262 0 
262 0 
262 0 
262 0 
262 0 
262 0 
262 0 
262 0 
262 0 
262 0 
262 0 
262 0 
262 0 
262 0 
262 0 
262 0 
262 0 
262 0 
262 0 
262 0 
262 0 
262 0 
262 0 
262 0 
262 0 
262 0 
262 0 
262 0 
262 0 
262 0 
262 0 
262 0 
262 0 
262 0 
262 0 
262 0 
262 0 
262 0 
262 0 
262 0 
262 0 
262 0 
262 0 
262 0 
262 0 
262 0 
262 0 
262 0 
262 0 
262 0 
262 0 
262 0 
262 0 
262 0 
262 0 
262 0 
262 0 
262 0 
262 0 
262 0 
262 0 
262 0 
262 0 
262 0 
262 0 
262 0 
262 0 
262 0 
262 0 
262 0 
262 0 
262 0 
262 0 
262 0 
262 0 
262 0 
262 0 
262 0 
262 0 
262 0 
262 0 
262 0 
262 0 
262 0 
262 0 
262 0 
262 0 
262 0 
262 0 
262 0 
262 0 
262 0 
262 0 
262 0 
262 0 
262 0 
262 0 
262 0 
262 0 
262 0 
262 0 
262 0 
262 0 
262 0 
262 0 
262 0 
262 0 
262 0 
262 0 
262 0 
262 0 
262 0 
262 0 
262 0 
262 0 
262 0 
262 0 
262 0 
262 0 
262 0 
262 0 
262 0 
262 0 
262 0 
262 0 
262 0 
262 0 
262 0 
263 0 
263 0 
263 0 
263 0 
263 0 
263 0 
263 0 
263 0 
263 0 
263 0 
263 0 
263 0 
263 0 
263 0 
263 0 
263 0 
263 0 
263 0 
263 0 
263 0 
263 0 
263 0 
263 0 
263 0 
263 0 
263 0 
263 0 
263 0 
263 0 
263 0 
263 0 
263 0 
263 0 
263 0 
263 0 
263 0 
263 0 
263 0 
263 0 
263 0 
263 0 
263 0 
263 0 
263 0 
263 0 
263 0 
263 0 
263 0 
263 0 
263 0 
263 0 
263 0 
263 0 
263 0 
263 0 
263 0 
263 0 
263 0 
263 0 
263 0 
263 0 
263 0 
263 0 
263 0 
263 0 
263 0 
263 0 
263 0 
263 0 
263 0 
263 0 
263 0 
263 0 
263 0 
263 0 
263 0 
263 0 
263 0 
263 0 
263 0 
263 0 
263 0 
263 0 
263 0 
263 0 
263 0 
263 0 
263 0 
263 0 
263 0 
263 0 
263 0 
263 0 
263 0 
263 0 
263 0 
263 0 
263 0 
263 0 
263 0 
263 0 
263 0 
263 0 
263 0 
263 0 
263 0 
263 0 
263 0 
263 0 
263 0 
263 0 
263 0 
263 0 
263 0 
263 0 
263 0 
263 0 
263 0 
263 0 
263 0 
263 0 
263 0 
263 0 
263 0 
263 0 
263 0 
263 0 
263 0 
263 0 
263 0 
263 0 
263 0 
263 0 
263 0 
263 0 
263 0 
263 0 
263 0 
263 0 
263 0 
263 0 
263 0 
263 0 
263 0 
263 0 
263 0 
263 0 
263 0 
263 0 
263 0 
263 0 
263 0 
263 0 
263 0 
263 0 
263 0 
263 0 
263 0 
263 0 
263 0 
263 0 
263 0 
263 0 
263 0 
263 0 
263 0 
263 0 
263 0 
263 0 
263 0 
263 0 
263 0 
263 0 
263 0 
263 0 
263 0 
263 0 
263 0 
263 0 
263 0 
263 0 
263 0 
263 0 
263 0 
263 0 
263 0 
263 0 
263 0 
263 0 
263 0 
263 0 
263 0 
263 0 
263 0 
263 0 
263 0 
263 0 
263 0 
263 0 
263 0 
263 0 
263 0 
263 0 
263 0 
263 0 
263 0 
263 0 
263 0 
263 0 
263 0 
263 0 
263 0 
263 0 
263 0 
263 0 
263 0 
263 0 
263 0 
263 0 
263 0 
263 0 
263 0 
263 0 
263 0 
263 0 
263 0 
263 0 
263 0 
263 0 
263 0 
263 0 
263 0 
263 0 
263 0 
263 0 
263 0 
263 0 
263 0 
263 0 
263 0 
263 0 
263 0 
263 0 
263 0 
263 0 
263 0 
263 0 
263 0 
263 0 
263 0 
263 0 
263 0 
263 0 
263 0 
263 0 
263 0 
263 0 
263 0 
263 0 
263 0 
263 0 
263 0 
263 0 
263 0 
263 0 
263 0 
263 0 
263 0 
263 0 
263 0 
263 0 
263 0 
263 0 
263 0 
263 0 
263 0 
263 0 
263 0 
263 0 
263 0 
263 0 
263 0 
263 0 
263 0 
263 0 
263 0 
263 0 
263 0 
264 0 
264 0 
264 0 
264 0 
264 0 
264 0 
264 0 
264 0 
264 0 
264 0 
264 0 
264 0 
264 0 
264 0 
264 0 
264 0 
264 0 
264 0 
264 0 
264 0 
264 0 
264 0 
264 0 
264 0 
264 0 
264 0 
264 0 
264 0 
264 0 
264 0 
264 0 
264 0 
264 0 
264 0 
264 0 
264 0 
264 0 
264 0 
264 0 
264 0 
264 0 
264 0 
264 0 
264 0 
264 0 
264 0 
264 0 
264 0 
264 0 
264 0 
264 0 
264 0 
264 0 
264 0 
264 0 
264 0 
264 0 
264 0 
264 0 
264 0 
264 0 
264 0 
264 0 
264 0 
264 0 
264 0 
264 0 
264 0 
264 0 
264 0 
264 0 
264 0 
264 0 
264 0 
264 0 
264 0 
264 0 
264 0 
264 0 
264 0 
264 0 
264 0 
264 0 
264 0 
264 0 
264 0 
264 0 
264 0 
264 0 
264 0 
264 0 
264 0 
264 0 
264 0 
264 0 
264 0 
264 0 
264 0 
264 0 
264 0 
264 0 
264 0 
264 0 
264 0 
264 0 
264 0 
264 0 
264 0 
264 0 
264 0 
264 0 
264 0 
264 0 
264 0 
264 0 
264 0 
264 0 
264 0 
264 0 
264 0 
264 0 
264 0 
264 0 
264 0 
264 0 
264 0 
264 0 
264 0 
264 0 
264 0 
264 0 
264 0 
264 0 
264 0 
264 0 
264 0 
264 0 
264 0 
264 0 
264 0 
264 0 
264 0 
264 0 
264 0 
264 0 
264 0 
264 0 
264 0 
264 0 
264 0 
264 0 
264 0 
264 0 
264 0 
264 0 
264 0 
264 0 
264 0 
264 0 
264 0 
264 0 
264 0 
264 0 
264 0 
264 0 
264 0 
264 0 
264 0 
264 0 
264 0 
264 0 
264 0 
264 0 
264 0 
264 0 
264 0 
264 0 
264 0 
264 0 
264 0 
264 0 
264 0 
264 0 
264 0 
264 0 
264 0 
264 0 
264 0 
264 0 
264 0 
264 0 
264 0 
264 0 
264 0 
264 0 
264 0 
264 0 
264 0 
264 0 
264 0 
264 0 
264 0 
264 0 
264 0 
264 0 
264 0 
264 0 
264 0 
264 0 
264 0 
264 0 
264 0 
264 0 
264 0 
264 0 
264 0 
264 0 
264 0 
264 0 
264 0 
264 0 
264 0 
264 0 
264 0 
264 0 
264 0 
264 0 
264 0 
264 0 
264 0 
264 0 
264 0 
264 0 
264 0 
264 0 
264 0 
264 0 
264 0 
264 0 
264 0 
264 0 
264 0 
264 0 
264 0 
264 0 
264 0 
264 0 
264 0 
264 0 
264 0 
264 0 
264 0 
264 0 
264 0 
264 0 
264 0 
264 0 
264 0 
264 0 
264 0 
264 0 
264 0 
264 0 
264 0 
264 0 
264 0 
264 0 
264 0 
264 0 
264 0 
264 0 
264 0 
264 0 
264 0 
264 0 
264 0 
264 0 
264 0 
264 0 
264 0 
264 0 
264 0 
264 0 
264 0 
264 0 
264 0 
264 0 
264 0 
265 0 
265 0 
265 0 
265 0 
265 0 
265 0 
265 0 
265 0 
265 0 
265 0 
265 0 
265 0 
265 0 
265 0 
265 0 
265 0 
265 0 
265 0 
265 0 
265 0 
265 0 
265 0 
265 0 
265 0 
265 0 
265 0 
265 0 
265 0 
265 0 
265 0 
265 0 
265 0 
265 0 
265 0 
265 0 
265 0 
265 0 
265 0 
265 0 
265 0 
265 0 
265 0 
265 0 
265 0 
265 0 
265 0 
265 0 
265 0 
265 0 
265 0 
265 0 
265 0 
265 0 
265 0 
265 0 
265 0 
265 0 
265 0 
265 0 
265 0 
265 0 
265 0 
265 0 
265 0 
265 0 
265 0 
265 0 
265 0 
265 0 
265 0 
265 0 
265 0 
265 0 
265 0 
265 0 
265 0 
265 0 
265 0 
265 0 
265 0 
265 0 
265 0 
265 0 
265 0 
265 0 
265 0 
265 0 
265 0 
265 0 
265 0 
265 0 
265 0 
265 0 
265 0 
265 0 
265 0 
265 0 
265 0 
265 0 
265 0 
265 0 
265 0 
265 0 
265 0 
265 0 
265 0 
265 0 
265 0 
265 0 
265 0 
265 0 
265 0 
265 0 
265 0 
265 0 
265 0 
265 0 
265 0 
265 0 
265 0 
265 0 
265 0 
265 0 
265 0 
265 0 
265 0 
265 0 
265 0 
265 0 
265 0 
265 0 
265 0 
265 0 
265 0 
265 0 
265 0 
265 0 
265 0 
265 0 
265 0 
265 0 
265 0 
265 0 
265 0 
265 0 
265 0 
265 0 
265 0 
265 0 
265 0 
265 0 
265 0 
265 0 
265 0 
265 0 
265 0 
265 0 
265 0 
265 0 
265 0 
265 0 
265 0 
265 0 
265 0 
265 0 
265 0 
265 0 
265 0 
265 0 
265 0 
265 0 
265 0 
265 0 
265 0 
265 0 
265 0 
265 0 
265 0 
265 0 
265 0 
265 0 
265 0 
265 0 
265 0 
265 0 
265 0 
265 0 
265 0 
265 0 
265 0 
265 0 
265 0 
265 0 
265 0 
265 0 
265 0 
265 0 
265 0 
265 0 
265 0 
265 0 
265 0 
265 0 
265 0 
265 0 
265 0 
265 0 
265 0 
265 0 
265 0 
265 0 
265 0 
265 0 
265 0 
265 0 
265 0 
265 0 
265 0 
265 0 
265 0 
265 0 
265 0 
265 0 
265 0 
265 0 
265 0 
265 0 
265 0 
265 0 
265 0 
265 0 
265 0 
265 0 
265 0 
265 0 
265 0 
265 0 
265 0 
265 0 
265 0 
265 0 
265 0 
265 0 
265 0 
265 0 
265 0 
265 0 
265 0 
265 0 
265 0 
265 0 
265 0 
265 0 
265 0 
265 0 
265 0 
265 0 
265 0 
265 0 
265 0 
265 0 
265 0 
265 0 
265 0 
265 0 
265 0 
265 0 
265 0 
265 0 
265 0 
265 0 
265 0 
265 0 
265 0 
265 0 
265 0 
265 0 
265 0 
265 0 
265 0 
265 0 
265 0 
265 0 
265 0 
265 0 
265 0 
265 0 
265 0 
266 0 
266 0 
266 0 
266 0 
266 0 
266 0 
266 0 
266 0 
266 0 
266 0 
266 0 
266 0 
266 0 
266 0 
266 0 
266 0 
266 0 
266 0 
266 0 
266 0 
266 0 
266 0 
266 0 
266 0 
266 0 
266 0 
266 0 
266 0 
266 0 
266 0 
266 0 
266 0 
266 0 
266 0 
266 0 
266 0 
266 0 
266 0 
266 0 
266 0 
266 0 
266 0 
266 0 
266 0 
266 0 
266 0 
266 0 
266 0 
266 0 
266 0 
266 0 
266 0 
266 0 
266 0 
266 0 
266 0 
266 0 
266 0 
266 0 
266 0 
266 0 
266 0 
266 0 
266 0 
266 0 
266 0 
266 0 
266 0 
266 0 
266 0 
266 0 
266 0 
266 0 
266 0 
266 0 
266 0 
266 0 
266 0 
266 0 
266 0 
266 0 
266 0 
266 0 
266 0 
266 0 
266 0 
266 0 
266 0 
266 0 
266 0 
266 0 
266 0 
266 0 
266 0 
266 0 
266 0 
266 0 
266 0 
266 0 
266 0 
266 0 
266 0 
266 0 
266 0 
266 0 
266 0 
266 0 
266 0 
266 0 
266 0 
266 0 
266 0 
266 0 
266 0 
266 0 
266 0 
266 0 
266 0 
266 0 
266 0 
266 0 
266 0 
266 0 
266 0 
266 0 
266 0 
266 0 
266 0 
266 0 
266 0 
266 0 
266 0 
266 0 
266 0 
266 0 
266 0 
266 0 
266 0 
266 0 
266 0 
266 0 
266 0 
266 0 
266 0 
266 0 
266 0 
266 0 
266 0 
266 0 
266 0 
266 0 
266 0 
266 0 
266 0 
266 0 
266 0 
266 0 
266 0 
266 0 
266 0 
266 0 
266 0 
266 0 
266 0 
266 0 
266 0 
266 0 
266 0 
266 0 
266 0 
266 0 
266 0 
266 0 
266 0 
266 0 
266 0 
266 0 
266 0 
266 0 
266 0 
266 0 
266 0 
266 0 
266 0 
266 0 
266 0 
266 0 
266 0 
266 0 
266 0 
266 0 
266 0 
266 0 
266 0 
266 0 
266 0 
266 0 
266 0 
266 0 
266 0 
266 0 
266 0 
266 0 
266 0 
266 0 
266 0 
266 0 
266 0 
266 0 
266 0 
266 0 
266 0 
266 0 
266 0 
266 0 
266 0 
266 0 
266 0 
266 0 
266 0 
266 0 
266 0 
266 0 
266 0 
266 0 
266 0 
266 0 
266 0 
266 0 
266 0 
266 0 
266 0 
266 0 
266 0 
266 0 
266 0 
266 0 
266 0 
266 0 
266 0 
266 0 
266 0 
266 0 
266 0 
266 0 
266 0 
266 0 
266 0 
266 0 
266 0 
266 0 
266 0 
266 0 
266 0 
266 0 
266 0 
266 0 
266 0 
266 0 
266 0 
266 0 
266 0 
266 0 
266 0 
266 0 
266 0 
266 0 
266 0 
266 0 
266 0 
266 0 
266 0 
266 0 
266 0 
266 0 
266 0 
266 0 
266 0 
266 0 
266 0 
266 0 
266 0 
266 0 
266 0 
266 0 
266 0 
266 0 
266 0 
267 0 
267 0 
267 0 
267 0 
267 0 
267 0 
267 0 
267 0 
267 0 
267 0 
267 0 
267 0 
267 0 
267 0 
267 0 
267 0 
267 0 
267 0 
267 0 
267 0 
267 0 
267 0 
267 0 
267 0 
267 0 
267 0 
267 0 
267 0 
267 0 
267 0 
267 0 
267 0 
267 0 
267 0 
267 0 
267 0 
267 0 
267 0 
267 0 
267 0 
267 0 
267 0 
267 0 
267 0 
267 0 
267 0 
267 0 
267 0 
267 0 
267 0 
267 0 
267 0 
267 0 
267 0 
267 0 
267 0 
267 0 
267 0 
267 0 
267 0 
267 0 
267 0 
267 0 
267 0 
267 0 
267 0 
267 0 
267 0 
267 0 
267 0 
267 0 
267 0 
267 0 
267 0 
267 0 
267 0 
267 0 
267 0 
267 0 
267 0 
267 0 
267 0 
267 0 
267 0 
267 0 
267 0 
267 0 
267 0 
267 0 
267 0 
267 0 
267 0 
267 0 
267 0 
267 0 
267 0 
267 0 
267 0 
267 0 
267 0 
267 0 
267 0 
267 0 
267 0 
267 0 
267 0 
267 0 
267 0 
267 0 
267 0 
267 0 
267 0 
267 0 
267 0 
267 0 
267 0 
267 0 
267 0 
267 0 
267 0 
267 0 
267 0 
267 0 
267 0 
267 0 
267 0 
267 0 
267 0 
267 0 
267 0 
267 0 
267 0 
267 0 
267 0 
267 0 
267 0 
267 0 
267 0 
267 0 
267 0 
267 0 
267 0 
267 0 
267 0 
267 0 
267 0 
267 0 
267 0 
267 0 
267 0 
267 0 
267 0 
267 0 
267 0 
267 0 
267 0 
267 0 
267 0 
267 0 
267 0 
267 0 
267 0 
267 0 
267 0 
267 0 
267 0 
267 0 
267 0 
267 0 
267 0 
267 0 
267 0 
267 0 
267 0 
267 0 
267 0 
267 0 
267 0 
267 0 
267 0 
267 0 
267 0 
267 0 
267 0 
267 0 
267 0 
267 0 
267 0 
267 0 
267 0 
267 0 
267 0 
267 0 
267 0 
267 0 
267 0 
267 0 
267 0 
267 0 
267 0 
267 0 
267 0 
267 0 
267 0 
267 0 
267 0 
267 0 
267 0 
267 0 
267 0 
267 0 
267 0 
267 0 
267 0 
267 0 
267 0 
267 0 
267 0 
267 0 
267 0 
267 0 
267 0 
267 0 
267 0 
267 0 
267 0 
267 0 
267 0 
267 0 
267 0 
267 0 
267 0 
267 0 
267 0 
267 0 
267 0 
267 0 
267 0 
267 0 
267 0 
267 0 
267 0 
267 0 
267 0 
267 0 
267 0 
267 0 
267 0 
267 0 
267 0 
267 0 
267 0 
267 0 
267 0 
267 0 
267 0 
267 0 
267 0 
267 0 
267 0 
267 0 
267 0 
267 0 
267 0 
267 0 
267 0 
267 0 
267 0 
267 0 
267 0 
267 0 
267 0 
267 0 
267 0 
267 0 
267 0 
267 0 
267 0 
267 0 
267 0 
267 0 
267 0 
267 0 
267 0 
267 0 
267 0 
267 0 
267 0 
268 0 
268 0 
268 0 
268 0 
268 0 
268 0 
268 0 
268 0 
268 0 
268 0 
268 0 
268 0 
268 0 
268 0 
268 0 
268 0 
268 0 
268 0 
268 0 
268 0 
268 0 
268 0 
268 0 
268 0 
268 0 
268 0 
268 0 
268 0 
268 0 
268 0 
268 0 
268 0 
268 0 
268 0 
268 0 
268 0 
268 0 
268 0 
268 0 
268 0 
268 0 
268 0 
268 0 
268 0 
268 0 
268 0 
268 0 
268 0 
268 0 
268 0 
268 0 
268 0 
268 0 
268 0 
268 0 
268 0 
268 0 
268 0 
268 0 
268 0 
268 0 
268 0 
268 0 
268 0 
268 0 
268 0 
268 0 
268 0 
268 0 
268 0 
268 0 
268 0 
268 0 
268 0 
268 0 
268 0 
268 0 
268 0 
268 0 
268 0 
268 0 
268 0 
268 0 
268 0 
268 0 
268 0 
268 0 
268 0 
268 0 
268 0 
268 0 
268 0 
268 0 
268 0 
268 0 
268 0 
268 0 
268 0 
268 0 
268 0 
268 0 
268 0 
268 0 
268 0 
268 0 
268 0 
268 0 
268 0 
268 0 
268 0 
268 0 
268 0 
268 0 
268 0 
268 0 
268 0 
268 0 
268 0 
268 0 
268 0 
268 0 
268 0 
268 0 
268 0 
268 0 
268 0 
268 0 
268 0 
268 0 
268 0 
268 0 
268 0 
268 0 
268 0 
268 0 
268 0 
268 0 
268 0 
268 0 
268 0 
268 0 
268 0 
268 0 
268 0 
268 0 
268 0 
268 0 
268 0 
268 0 
268 0 
268 0 
268 0 
268 0 
268 0 
268 0 
268 0 
268 0 
268 0 
268 0 
268 0 
268 0 
268 0 
268 0 
268 0 
268 0 
268 0 
268 0 
268 0 
268 0 
268 0 
268 0 
268 0 
268 0 
268 0 
268 0 
268 0 
268 0 
268 0 
268 0 
268 0 
268 0 
268 0 
268 0 
268 0 
268 0 
268 0 
268 0 
268 0 
268 0 
268 0 
268 0 
268 0 
268 0 
268 0 
268 0 
268 0 
268 0 
268 0 
268 0 
268 0 
268 0 
268 0 
268 0 
268 0 
268 0 
268 0 
268 0 
268 0 
268 0 
268 0 
268 0 
268 0 
268 0 
268 0 
268 0 
268 0 
268 0 
268 0 
268 0 
268 0 
268 0 
268 0 
268 0 
268 0 
268 0 
268 0 
268 0 
268 0 
268 0 
268 0 
268 0 
268 0 
268 0 
268 0 
268 0 
268 0 
268 0 
268 0 
268 0 
268 0 
268 0 
268 0 
268 0 
268 0 
268 0 
268 0 
268 0 
268 0 
268 0 
268 0 
268 0 
268 0 
268 0 
268 0 
268 0 
268 0 
268 0 
268 0 
268 0 
268 0 
268 0 
268 0 
268 0 
268 0 
268 0 
268 0 
268 0 
268 0 
268 0 
268 0 
268 0 
268 0 
268 0 
268 0 
268 0 
268 0 
268 0 
268 0 
268 0 
268 0 
268 0 
268 0 
268 0 
268 0 
268 0 
268 0 
268 0 
268 0 
269 0 
269 0 
269 0 
269 0 
269 0 
269 0 
269 0 
269 0 
269 0 
269 0 
269 0 
269 0 
269 0 
269 0 
269 0 
269 0 
269 0 
269 0 
269 0 
269 0 
269 0 
269 0 
269 0 
269 0 
269 0 
269 0 
269 0 
269 0 
269 0 
269 0 
269 0 
269 0 
269 0 
269 0 
269 0 
269 0 
269 0 
269 0 
269 0 
269 0 
269 0 
269 0 
269 0 
269 0 
269 0 
269 0 
269 0 
269 0 
269 0 
269 0 
269 0 
269 0 
269 0 
269 0 
269 0 
269 0 
269 0 
269 0 
269 0 
269 0 
269 0 
269 0 
269 0 
269 0 
269 0 
269 0 
269 0 
269 0 
269 0 
269 0 
269 0 
269 0 
269 0 
269 0 
269 0 
269 0 
269 0 
269 0 
269 0 
269 0 
269 0 
269 0 
269 0 
269 0 
269 0 
269 0 
269 0 
269 0 
269 0 
269 0 
269 0 
269 0 
269 0 
269 0 
269 0 
269 0 
269 0 
269 0 
269 0 
269 0 
269 0 
269 0 
269 0 
269 0 
269 0 
269 0 
269 0 
269 0 
269 0 
269 0 
269 0 
269 0 
269 0 
269 0 
269 0 
269 0 
269 0 
269 0 
269 0 
269 0 
269 0 
269 0 
269 0 
269 0 
269 0 
269 0 
269 0 
269 0 
269 0 
269 0 
269 0 
269 0 
269 0 
269 0 
269 0 
269 0 
269 0 
269 0 
269 0 
269 0 
269 0 
269 0 
269 0 
269 0 
269 0 
269 0 
269 0 
269 0 
269 0 
269 0 
269 0 
269 0 
269 0 
269 0 
269 0 
269 0 
269 0 
269 0 
269 0 
269 0 
269 0 
269 0 
269 0 
269 0 
269 0 
269 0 
269 0 
269 0 
269 0 
269 0 
269 0 
269 0 
269 0 
269 0 
269 0 
269 0 
269 0 
269 0 
269 0 
269 0 
269 0 
269 0 
269 0 
269 0 
269 0 
269 0 
269 0 
269 0 
269 0 
269 0 
269 0 
269 0 
269 0 
269 0 
269 0 
269 0 
269 0 
269 0 
269 0 
269 0 
269 0 
269 0 
269 0 
269 0 
269 0 
269 0 
269 0 
269 0 
269 0 
269 0 
269 0 
269 0 
269 0 
269 0 
269 0 
269 0 
269 0 
269 0 
269 0 
269 0 
269 0 
269 0 
269 0 
269 0 
269 0 
269 0 
269 0 
269 0 
269 0 
269 0 
269 0 
269 0 
269 0 
269 0 
269 0 
269 0 
269 0 
269 0 
269 0 
269 0 
269 0 
269 0 
269 0 
269 0 
269 0 
269 0 
269 0 
269 0 
269 0 
269 0 
269 0 
269 0 
269 0 
269 0 
269 0 
269 0 
269 0 
269 0 
269 0 
269 0 
269 0 
269 0 
269 0 
269 0 
269 0 
269 0 
269 0 
269 0 
269 0 
269 0 
269 0 
269 0 
269 0 
269 0 
269 0 
269 0 
269 0 
269 0 
269 0 
269 0 
269 0 
269 0 
269 0 
269 0 
269 0 
269 0 
269 0 
269 0 
270 0 
270 0 
270 0 
270 0 
270 0 
270 0 
270 0 
270 0 
270 0 
270 0 
270 0 
270 0 
270 0 
270 0 
270 0 
270 0 
270 0 
270 0 
270 0 
270 0 
270 0 
270 0 
270 0 
270 0 
270 0 
270 0 
270 0 
270 0 
270 0 
270 0 
270 0 
270 0 
270 0 
270 0 
270 0 
270 0 
270 0 
270 0 
270 0 
270 0 
270 0 
270 0 
270 0 
270 0 
270 0 
270 0 
270 0 
270 0 
270 0 
270 0 
270 0 
270 0 
270 0 
270 0 
270 0 
270 0 
270 0 
270 0 
270 0 
270 0 
270 0 
270 0 
270 0 
270 0 
270 0 
270 0 
270 0 
270 0 
270 0 
270 0 
270 0 
270 0 
270 0 
270 0 
270 0 
270 0 
270 0 
270 0 
270 0 
270 0 
270 0 
270 0 
270 0 
270 0 
270 0 
270 0 
270 0 
270 0 
270 0 
270 0 
270 0 
270 0 
270 0 
270 0 
270 0 
270 0 
270 0 
270 0 
270 0 
270 0 
270 0 
270 0 
270 0 
270 0 
270 0 
270 0 
270 0 
270 0 
270 0 
270 0 
270 0 
270 0 
270 0 
270 0 
270 0 
270 0 
270 0 
270 0 
270 0 
270 0 
270 0 
270 0 
270 0 
270 0 
270 0 
270 0 
270 0 
270 0 
270 0 
270 0 
270 0 
270 0 
270 0 
270 0 
270 0 
270 0 
270 0 
270 0 
270 0 
270 0 
270 0 
270 0 
270 0 
270 0 
270 0 
270 0 
270 0 
270 0 
270 0 
270 0 
270 0 
270 0 
270 0 
270 0 
270 0 
270 0 
270 0 
270 0 
270 0 
270 0 
270 0 
270 0 
270 0 
270 0 
270 0 
270 0 
270 0 
270 0 
270 0 
270 0 
270 0 
270 0 
270 0 
270 0 
270 0 
270 0 
270 0 
270 0 
270 0 
270 0 
270 0 
270 0 
270 0 
270 0 
270 0 
270 0 
270 0 
270 0 
270 0 
270 0 
270 0 
270 0 
270 0 
270 0 
270 0 
270 0 
270 0 
270 0 
270 0 
270 0 
270 0 
270 0 
270 0 
270 0 
270 0 
270 0 
270 0 
270 0 
270 0 
270 0 
270 0 
270 0 
270 0 
270 0 
270 0 
270 0 
270 0 
270 0 
270 0 
270 0 
270 0 
270 0 
270 0 
270 0 
270 0 
270 0 
270 0 
270 0 
270 0 
270 0 
270 0 
270 0 
270 0 
270 0 
270 0 
270 0 
270 0 
270 0 
270 0 
270 0 
270 0 
270 0 
270 0 
270 0 
270 0 
270 0 
270 0 
270 0 
270 0 
270 0 
270 0 
270 0 
270 0 
270 0 
270 0 
270 0 
270 0 
270 0 
270 0 
270 0 
270 0 
270 0 
270 0 
270 0 
270 0 
270 0 
270 0 
270 0 
270 0 
270 0 
270 0 
270 0 
270 0 
270 0 
270 0 
270 0 
270 0 
270 0 
270 0 
270 0 
270 0 
270 0 
270 0 
270 0 
270 0 
270 0 
270 0 
270 0 
271 0 
271 0 
271 0 
271 0 
271 0 
271 0 
271 0 
271 0 
271 0 
271 0 
271 0 
271 0 
271 0 
271 0 
271 0 
271 0 
271 0 
271 0 
271 0 
271 0 
271 0 
271 0 
271 0 
271 0 
271 0 
271 0 
271 0 
271 0 
271 0 
271 0 
271 0 
271 0 
271 0 
271 0 
271 0 
271 0 
271 0 
271 0 
271 0 
271 0 
271 0 
271 0 
271 0 
271 0 
271 0 
271 0 
271 0 
271 0 
271 0 
271 0 
271 0 
271 0 
271 0 
271 0 
271 0 
271 0 
271 0 
271 0 
271 0 
271 0 
271 0 
271 0 
271 0 
271 0 
271 0 
271 0 
271 0 
271 0 
271 0 
271 0 
271 0 
271 0 
271 0 
271 0 
271 0 
271 0 
271 0 
271 0 
271 0 
271 0 
271 0 
271 0 
271 0 
271 0 
271 0 
271 0 
271 0 
271 0 
271 0 
271 0 
271 0 
271 0 
271 0 
271 0 
271 0 
271 0 
271 0 
271 0 
271 0 
271 0 
271 0 
271 0 
271 0 
271 0 
271 0 
271 0 
271 0 
271 0 
271 0 
271 0 
271 0 
271 0 
271 0 
271 0 
271 0 
271 0 
271 0 
271 0 
271 0 
271 0 
271 0 
271 0 
271 0 
271 0 
271 0 
271 0 
271 0 
271 0 
271 0 
271 0 
271 0 
271 0 
271 0 
271 0 
271 0 
271 0 
271 0 
271 0 
271 0 
271 0 
271 0 
271 0 
271 0 
271 0 
271 0 
271 0 
271 0 
271 0 
271 0 
271 0 
271 0 
271 0 
271 0 
271 0 
271 0 
271 0 
271 0 
271 0 
271 0 
271 0 
271 0 
271 0 
271 0 
271 0 
271 0 
271 0 
271 0 
271 0 
271 0 
271 0 
271 0 
271 0 
271 0 
271 0 
271 0 
271 0 
271 0 
271 0 
271 0 
271 0 
271 0 
271 0 
271 0 
271 0 
271 0 
271 0 
271 0 
271 0 
271 0 
271 0 
271 0 
271 0 
271 0 
271 0 
271 0 
271 0 
271 0 
271 0 
271 0 
271 0 
271 0 
271 0 
271 0 
271 0 
271 0 
271 0 
271 0 
271 0 
271 0 
271 0 
271 0 
271 0 
271 0 
271 0 
271 0 
271 0 
271 0 
271 0 
271 0 
271 0 
271 0 
271 0 
271 0 
271 0 
271 0 
271 0 
271 0 
271 0 
271 0 
271 0 
271 0 
271 0 
271 0 
271 0 
271 0 
271 0 
271 0 
271 0 
271 0 
271 0 
271 0 
271 0 
271 0 
271 0 
271 0 
271 0 
271 0 
271 0 
271 0 
271 0 
271 0 
271 0 
271 0 
271 0 
271 0 
271 0 
271 0 
271 0 
271 0 
271 0 
271 0 
271 0 
271 0 
271 0 
271 0 
271 0 
271 0 
271 0 
271 0 
271 0 
271 0 
271 0 
271 0 
271 0 
271 0 
271 0 
271 0 
271 0 
271 0 
271 0 
271 0 
271 0 
271 0 
271 0 
271 0 
271 0 
271 0 
271 0 
272 0 
272 0 
272 0 
272 0 
272 0 
272 0 
272 0 
272 0 
272 0 
272 0 
272 0 
272 0 
272 0 
272 0 
272 0 
272 0 
272 0 
272 0 
272 0 
272 0 
272 0 
272 0 
272 0 
272 0 
272 0 
272 0 
272 0 
272 0 
272 0 
272 0 
272 0 
272 0 
272 0 
272 0 
272 0 
272 0 
272 0 
272 0 
272 0 
272 0 
272 0 
272 0 
272 0 
272 0 
272 0 
272 0 
272 0 
272 0 
272 0 
272 0 
272 0 
272 0 
272 0 
272 0 
272 0 
272 0 
272 0 
272 0 
272 0 
272 0 
272 0 
272 0 
272 0 
272 0 
272 0 
272 0 
272 0 
272 0 
272 0 
272 0 
272 0 
272 0 
272 0 
272 0 
272 0 
272 0 
272 0 
272 0 
272 0 
272 0 
272 0 
272 0 
272 0 
272 0 
272 0 
272 0 
272 0 
272 0 
272 0 
272 0 
272 0 
272 0 
272 0 
272 0 
272 0 
272 0 
272 0 
272 0 
272 0 
272 0 
272 0 
272 0 
272 0 
272 0 
272 0 
272 0 
272 0 
272 0 
272 0 
272 0 
272 0 
272 0 
272 0 
272 0 
272 0 
272 0 
272 0 
272 0 
272 0 
272 0 
272 0 
272 0 
272 0 
272 0 
272 0 
272 0 
272 0 
272 0 
272 0 
272 0 
272 0 
272 0 
272 0 
272 0 
272 0 
272 0 
272 0 
272 0 
272 0 
272 0 
272 0 
272 0 
272 0 
272 0 
272 0 
272 0 
272 0 
272 0 
272 0 
272 0 
272 0 
272 0 
272 0 
272 0 
272 0 
272 0 
272 0 
272 0 
272 0 
272 0 
272 0 
272 0 
272 0 
272 0 
272 0 
272 0 
272 0 
272 0 
272 0 
272 0 
272 0 
272 0 
272 0 
272 0 
272 0 
272 0 
272 0 
272 0 
272 0 
272 0 
272 0 
272 0 
272 0 
272 0 
272 0 
272 0 
272 0 
272 0 
272 0 
272 0 
272 0 
272 0 
272 0 
272 0 
272 0 
272 0 
272 0 
272 0 
272 0 
272 0 
272 0 
272 0 
272 0 
272 0 
272 0 
272 0 
272 0 
272 0 
272 0 
272 0 
272 0 
272 0 
272 0 
272 0 
272 0 
272 0 
272 0 
272 0 
272 0 
272 0 
272 0 
272 0 
272 0 
272 0 
272 0 
272 0 
272 0 
272 0 
272 0 
272 0 
272 0 
272 0 
272 0 
272 0 
272 0 
272 0 
272 0 
272 0 
272 0 
272 0 
272 0 
272 0 
272 0 
272 0 
272 0 
272 0 
272 0 
272 0 
272 0 
272 0 
272 0 
272 0 
272 0 
272 0 
272 0 
272 0 
272 0 
272 0 
272 0 
272 0 
272 0 
272 0 
272 0 
272 0 
272 0 
272 0 
272 0 
272 0 
272 0 
272 0 
272 0 
272 0 
272 0 
272 0 
272 0 
272 0 
272 0 
272 0 
272 0 
272 0 
272 0 
272 0 
272 0 
272 0 
272 0 
272 0 
272 0 
272 0 
273 0 
273 0 
273 0 
273 0 
273 0 
273 0 
273 0 
273 0 
273 0 
273 0 
273 0 
273 0 
273 0 
273 0 
273 0 
273 0 
273 0 
273 0 
273 0 
273 0 
273 0 
273 0 
273 0 
273 0 
273 0 
273 0 
273 0 
273 0 
273 0 
273 0 
273 0 
273 0 
273 0 
273 0 
273 0 
273 0 
273 0 
273 0 
273 0 
273 0 
273 0 
273 0 
273 0 
273 0 
273 0 
273 0 
273 0 
273 0 
273 0 
273 0 
273 0 
273 0 
273 0 
273 0 
273 0 
273 0 
273 0 
273 0 
273 0 
273 0 
273 0 
273 0 
273 0 
273 0 
273 0 
273 0 
273 0 
273 0 
273 0 
273 0 
273 0 
273 0 
273 0 
273 0 
273 0 
273 0 
273 0 
273 0 
273 0 
273 0 
273 0 
273 0 
273 0 
273 0 
273 0 
273 0 
273 0 
273 0 
273 0 
273 0 
273 0 
273 0 
273 0 
273 0 
273 0 
273 0 
273 0 
273 0 
273 0 
273 0 
273 0 
273 0 
273 0 
273 0 
273 0 
273 0 
273 0 
273 0 
273 0 
273 0 
273 0 
273 0 
273 0 
273 0 
273 0 
273 0 
273 0 
273 0 
273 0 
273 0 
273 0 
273 0 
273 0 
273 0 
273 0 
273 0 
273 0 
273 0 
273 0 
273 0 
273 0 
273 0 
273 0 
273 0 
273 0 
273 0 
273 0 
273 0 
273 0 
273 0 
273 0 
273 0 
273 0 
273 0 
273 0 
273 0 
273 0 
273 0 
273 0 
273 0 
273 0 
273 0 
273 0 
273 0 
273 0 
273 0 
273 0 
273 0 
273 0 
273 0 
273 0 
273 0 
273 0 
273 0 
273 0 
273 0 
273 0 
273 0 
273 0 
273 0 
273 0 
273 0 
273 0 
273 0 
273 0 
273 0 
273 0 
273 0 
273 0 
273 0 
273 0 
273 0 
273 0 
273 0 
273 0 
273 0 
273 0 
273 0 
273 0 
273 0 
273 0 
273 0 
273 0 
273 0 
273 0 
273 0 
273 0 
273 0 
273 0 
273 0 
273 0 
273 0 
273 0 
273 0 
273 0 
273 0 
273 0 
273 0 
273 0 
273 0 
273 0 
273 0 
273 0 
273 0 
273 0 
273 0 
273 0 
273 0 
273 0 
273 0 
273 0 
273 0 
273 0 
273 0 
273 0 
273 0 
273 0 
273 0 
273 0 
273 0 
273 0 
273 0 
273 0 
273 0 
273 0 
273 0 
273 0 
273 0 
273 0 
273 0 
273 0 
273 0 
273 0 
273 0 
273 0 
273 0 
273 0 
273 0 
273 0 
273 0 
273 0 
273 0 
273 0 
273 0 
273 0 
273 0 
273 0 
273 0 
273 0 
273 0 
273 0 
273 0 
273 0 
273 0 
273 0 
273 0 
273 0 
273 0 
273 0 
273 0 
273 0 
273 0 
273 0 
273 0 
273 0 
273 0 
273 0 
273 0 
273 0 
273 0 
273 0 
273 0 
273 0 
273 0 
273 0 
273 0 
273 0 
273 0 
274 0 
32 0 
32 0 
32 0 
32 0 
32 0 
32 0 
32 0 
32 0 
32 0 
32 0 
32 0 
32 0 
32 0 
32 0 
32 0 
32 0 
32 0 
32 0 
32 0 
32 0 
32 0 
32 0 
32 0 
32 0 
32 0 
32 0 
32 0 
32 0 
32 0 
32 0 
32 0 
32 0 
32 0 
32 0 
32 0 
32 0 
32 0 
32 0 
32 0 
32 0 
32 0 
32 0 
32 0 
32 0 
32 0 
32 0 
32 0 
32 0 
32 0 
32 0 
32 0 
32 0 
32 0 
32 0 
32 0 
32 0 
32 0 
32 0 
32 0 
32 0 
32 0 
32 0 
32 0 
32 0 
32 0 
32 0 
32 0 
32 0 
32 0 
32 0 
32 0 
32 0 
32 0 
32 0 
32 0 
32 0 
32 0 
32 0 
32 0 
32 0 
32 0 
32 0 
32 0 
32 0 
32 0 
32 0 
32 0 
32 0 
32 0.02 
32 0.03 
32 0.16 
32 0.29 
32 0.55 
32 0.89 
32 1.53 
32 1.51 
32 2.34 
32 3.44 
32 4.53 
32 5.75 
32 7.76 
32 8.88 
32 10.0 
32 10.83 
32 11.51 
32 12.28 
32 13.04 
32 13.8 
32 14.5 
32 15.22 
32 15.96 
32 16.49 
32 17.13 
32 17.87 
32 18.41 
32 19.02 
32 19.54 
32 20.02 
32 20.73 
32 21.32 
32 21.75 
32 22.05 
32 22.71 
32 23.07 
32 23.35 
32 23.61 
32 24.05 
32 24.37 
32 24.75 
32 25.07 
32 25.36 
32 25.7 
32 25.94 
32 26.09 
32 26.49 
32 26.72 
32 26.75 
32 26.85 
32 26.88 
32 27.09 
32 27.13 
32 27.49 
32 27.44 
32 27.43 
32 27.56 
32 27.51 
32 27.61 
32 27.71 
32 27.67 
32 27.58 
32 27.59 
32 27.36 
32 27.2 
32 27.06 
32 26.96 
32 26.83 
32 26.84 
32 26.73 
32 26.41 
32 26.32 
32 26.17 
32 25.92 
32 25.61 
32 25.36 
32 25.3 
32 25.29 
32 24.86 
32 24.47 
32 24.29 
32 23.94 
32 23.47 
32 23.12 
32 22.53 
32 22.24 
32 21.88 
32 21.46 
32 20.97 
32 20.53 
32 20.05 
32 19.63 
32 19.16 
32 18.55 
32 17.94 
32 17.31 
32 16.8 
32 16.27 
32 15.59 
32 15.12 
32 14.47 
32 13.81 
32 13.05 
32 12.46 
32 11.56 
32 10.33 
32 8.89 
32 5.81 
32 0.51 
32 0.48 
32 0.42 
32 0.42 
32 0.35 
32 0.32 
32 0.29 
32 0.24 
32 0.16 
32 0.13 
32 0.1 
32 0 
32 0 
32 0 
32 0 
32 0 
32 0 
32 0 
32 0 
32 0 
32 0 
32 0 
32 0 
32 0 
32 0 
32 0 
32 0 
32 0 
32 0 
32 0 
32 0 
32 0 
32 0 
32 0 
32 0 
32 0 
32 0 
32 0 
32 0 
32 0 
32 0 
32 0 
32 0 
32 0 
32 0 
32 0 
32 0 
32 0 
32 0 
32 0 
32 0 
32 0 
32 0 
32 0 
32 0 
32 0 
32 0 
32 0 
32 0 
32 0 
32 0 
32 0 
32 0 
32 0 
32 0 
32 0 
32 0 
32 0 
32 0 
32 0 
32 0 
32 0 
32 0 
32 0 
32 0 
32 0 
32 0 
32 0 
32 0 
32 0 
32 0 
32 0 
32 0 
32 0 
32 0 
32 0 
32 0 
32 0 
32 0 
32 0 
32 0 
33 0 
33 0 
33 0 
33 0 
33 0 
33 0 
33 0 
33 0 
33 0 
33 0 
33 0 
33 0 
33 0 
33 0 
33 0 
33 0 
33 0 
33 0 
33 0 
33 0 
33 0 
33 0 
33 0 
33 0 
33 0 
33 0 
33 0 
33 0 
33 0 
33 0 
33 0 
33 0 
33 0 
33 0 
33 0 
33 0 
33 0 
33 0 
33 0 
33 0 
33 0 
33 0 
33 0 
33 0 
33 0 
33 0 
33 0 
33 0 
33 0 
33 0 
33 0 
33 0 
33 0 
33 0 
33 0 
33 0 
33 0 
33 0 
33 0 
33 0 
33 0 
33 0 
33 0 
33 0 
33 0 
33 0 
33 0 
33 0 
33 0 
33 0 
33 0 
33 0 
33 0 
33 0 
33 0 
33 0 
33 0 
33 0 
33 0 
33 0 
33 0 
33 0 
33 0 
33 0 
33 0 
33 0 
33 0 
33 0 
33 0 
33 0 
33 0.04 
33 0.14 
33 0.3 
33 0.64 
33 1.07 
33 1.63 
33 1.95 
33 2.76 
33 3.94 
33 5.05 
33 6.56 
33 8.02 
33 9.0 
33 9.97 
33 10.71 
33 11.3 
33 12.02 
33 12.72 
33 13.47 
33 14.11 
33 14.77 
33 15.47 
33 16.04 
33 16.76 
33 17.38 
33 17.94 
33 18.51 
33 19.15 
33 19.7 
33 20.21 
33 20.75 
33 21.21 
33 21.68 
33 22.03 
33 22.47 
33 22.86 
33 23.29 
33 23.5 
33 23.91 
33 24.04 
33 24.47 
33 24.77 
33 25.13 
33 25.92 
33 26.32 
33 26.07 
33 24.32 
33 26.53 
33 26.51 
33 26.74 
33 26.58 
33 25.86 
33 26.3 
33 26.8 
33 27.78 
33 27.88 
33 28.04 
33 26.19 
33 27.58 
33 27.35 
33 27.17 
33 27.2 
33 26.93 
33 26.78 
33 26.63 
33 26.62 
33 26.54 
33 26.43 
33 26.41 
33 26.2 
33 25.92 
33 25.79 
33 25.42 
33 25.34 
33 24.96 
33 24.84 
33 24.48 
33 24.38 
33 24.03 
33 23.62 
33 23.6 
33 23.1 
33 22.71 
33 22.29 
33 21.73 
33 21.37 
33 21.01 
33 20.57 
33 20.15 
33 19.77 
33 18.91 
33 18.7 
33 18.07 
33 17.98 
33 17.37 
33 17.59 
33 17.29 
33 16.99 
33 13.5 
33 12.29 
33 13.05 
33 10.05 
33 7.27 
33 7.74 
33 7.21 
33 5.28 
33 5.02 
33 2.49 
33 1.85 
33 1.35 
33 0.93 
33 0.61 
33 0.4 
33 0.28 
33 0.25 
33 0.21 
33 0.17 
33 0.1 
33 0 
33 0.01 
33 0 
33 0 
33 0 
33 0 
33 0 
33 0 
33 0 
33 0 
33 0 
33 0 
33 0 
33 0 
33 0 
33 0 
33 0 
33 0 
33 0 
33 0 
33 0 
33 0 
33 0 
33 0 
33 0 
33 0 
33 0 
33 0 
33 0 
33 0 
33 0 
33 0 
33 0 
33 0 
33 0 
33 0 
33 0 
33 0 
33 0 
33 0 
33 0 
33 0 
33 0 
33 0 
33 0 
33 0 
33 0 
33 0 
33 0 
33 0 
33 0 
33 0 
33 0 
33 0 
33 0 
33 0 
33 0 
33 0 
33 0 
33 0 
33 0 
33 0 
33 0 
33 0 
33 0 
33 0 
33 0 
33 0 
33 0 
33 0 
33 0 
33 0 
33 0 
33 0 
33 0 
33 0 
33 0 
33 0 
33 0 
33 0 
34 0 
34 0 
34 0 
34 0 
34 0 
34 0 
34 0 
34 0 
34 0 
34 0 
34 0 
34 0 
34 0 
34 0 
34 0 
34 0 
34 0 
34 0 
34 0 
34 0 
34 0 
34 0 
34 0 
34 0 
34 0 
34 0 
34 0 
34 0 
34 0 
34 0 
34 0 
34 0 
34 0 
34 0 
34 0 
34 0 
34 0 
34 0 
34 0 
34 0 
34 0 
34 0 
34 0 
34 0 
34 0 
34 0 
34 0 
34 0 
34 0 
34 0 
34 0 
34 0 
34 0 
34 0 
34 0 
34 0 
34 0 
34 0 
34 0 
34 0 
34 0 
34 0 
34 0 
34 0 
34 0 
34 0 
34 0 
34 0 
34 0 
34 0 
34 0 
34 0 
34 0 
34 0 
34 0 
34 0 
34 0 
34 0 
34 0 
34 0 
34 0 
34 0 
34 0 
34 0 
34 0 
34 0 
34 0 
34 0 
34 0.03 
34 0.16 
34 0.29 
34 0.37 
34 0.51 
34 0.69 
34 0.89 
34 1.14 
34 1.45 
34 2.47 
34 3.67 
34 4.73 
34 5.12 
34 8.75 
34 8.4 
34 10.57 
34 11.14 
34 11.08 
34 12.22 
34 9.61 
34 6.58 
34 9.86 
34 12.44 
34 7.56 
34 9.51 
34 6.13 
34 8.44 
34 14.45 
34 5.71 
34 7.13 
34 9.4 
34 7.47 
34 7.09 
34 10.42 
34 15.72 
34 18.87 
34 22.45 
34 22.9 
34 23.09 
34 14.19 
34 8.79 
34 9.16 
34 13.81 
34 19.41 
34 16.45 
34 18.85 
34 17.74 
34 23.42 
34 21.46 
34 19.57 
34 16.37 
34 22.66 
34 22.02 
34 19.99 
34 15.75 
34 15.77 
34 12.63 
34 13.78 
34 22.08 
34 22.66 
34 24.16 
34 23.57 
34 23.43 
34 23.15 
34 23.92 
34 22.66 
34 12.3 
34 16.39 
34 12.91 
34 12.27 
34 14.71 
34 13.44 
34 13.19 
34 13.68 
34 8.89 
34 16.39 
34 24.81 
34 21.95 
34 17.33 
34 19.93 
34 12.7 
34 21.23 
34 22.7 
34 23.09 
34 22.1 
34 21.65 
34 21.08 
34 20.72 
34 20.19 
34 19.86 
34 19.29 
34 18.72 
34 18.26 
34 17.9 
34 15.01 
34 9.15 
34 13.81 
34 15.96 
34 15.29 
34 10.67 
34 7.91 
34 1.89 
34 5.4 
34 12.25 
34 11.51 
34 10.83 
34 9.91 
34 9.08 
34 7.9 
34 0.93 
34 0.63 
34 0.56 
34 0.54 
34 0.45 
34 0.4 
34 0.31 
34 0.25 
34 0.18 
34 0.11 
34 0.09 
34 0.03 
34 0 
34 0 
34 0 
34 0 
34 0 
34 0 
34 0 
34 0 
34 0 
34 0 
34 0 
34 0 
34 0 
34 0 
34 0 
34 0 
34 0 
34 0 
34 0 
34 0 
34 0 
34 0 
34 0 
34 0 
34 0 
34 0 
34 0 
34 0 
34 0 
34 0 
34 0 
34 0 
34 0 
34 0 
34 0 
34 0 
34 0 
34 0 
34 0 
34 0 
34 0 
34 0 
34 0 
34 0 
34 0 
34 0 
34 0 
34 0 
34 0 
34 0 
34 0 
34 0 
34 0 
34 0 
34 0 
34 0 
34 0 
34 0 
34 0 
34 0 
34 0 
34 0 
34 0 
34 0 
34 0 
34 0 
34 0 
34 0 
34 0 
34 0 
34 0 
34 0 
34 0 
34 0 
34 0 
34 0 
34 0 
34 0 
34 0 
35 0 
35 0 
35 0 
35 0 
35 0 
35 0 
35 0 
35 0 
35 0 
35 0 
35 0 
35 0 
35 0 
35 0 
35 0 
35 0 
35 0 
35 0 
35 0 
35 0 
35 0 
35 0 
35 0 
35 0 
35 0 
35 0 
35 0 
35 0 
35 0 
35 0 
35 0 
35 0 
35 0 
35 0 
35 0 
35 0 
35 0 
35 0 
35 0 
35 0 
35 0 
35 0 
35 0 
35 0 
35 0 
35 0 
35 0 
35 0 
35 0 
35 0 
35 0 
35 0 
35 0 
35 0 
35 0 
35 0 
35 0 
35 0 
35 0 
35 0 
35 0 
35 0 
35 0 
35 0 
35 0 
35 0 
35 0 
35 0 
35 0 
35 0 
35 0 
35 0 
35 0 
35 0 
35 0 
35 0 
35 0 
35 0 
35 0 
35 0 
35 0 
35 0 
35 0 
35 0 
35 0 
35 0 
35 0 
35 0 
35 0 
35 0 
35 0 
35 0 
35 0 
35 0 
35 0 
35 0 
35 0 
35 3.04 
35 3.96 
35 4.94 
35 6.3 
35 8.06 
35 9.16 
35 9.55 
35 10.56 
35 11.47 
35 12.24 
35 12.82 
35 13.57 
35 14.15 
35 14.71 
35 15.33 
35 15.64 
35 16.32 
35 16.57 
35 17.3 
35 17.77 
35 18.01 
35 18.72 
35 19.19 
35 19.55 
35 20.2 
35 20.51 
35 20.73 
35 21.23 
35 21.5 
35 21.92 
35 22.12 
35 22.48 
35 22.6 
35 22.84 
35 23.01 
35 23.12 
35 23.15 
35 23.57 
35 23.77 
35 23.86 
35 24.09 
35 24.13 
35 24.24 
35 24.39 
35 24.38 
35 24.55 
35 24.62 
35 24.65 
35 24.75 
35 24.66 
35 24.73 
35 24.64 
35 24.9 
35 24.87 
35 24.92 
35 24.79 
35 24.87 
35 24.7 
35 24.42 
35 24.27 
35 24.34 
35 24.23 
35 24.01 
35 23.89 
35 23.22 
35 23.76 
35 23.62 
35 23.31 
35 23.12 
35 22.67 
35 22.49 
35 21.8 
35 21.99 
35 21.65 
35 21.37 
35 20.96 
35 20.7 
35 20.16 
35 19.91 
35 19.39 
35 18.96 
35 18.44 
35 18.02 
35 17.54 
35 17.2 
35 16.77 
35 16.15 
35 15.52 
35 15.12 
35 14.58 
35 13.81 
35 13.22 
35 12.34 
35 11.49 
35 11.02 
35 10.61 
35 10.0 
35 9.44 
35 8.66 
35 7.8 
35 1.79 
35 0.88 
35 0.91 
35 0.91 
35 0.95 
35 0.93 
35 0.84 
35 0.64 
35 0.43 
35 0.3 
35 0.18 
35 0.03 
35 0 
35 0 
35 0 
35 0 
35 0 
35 0 
35 0 
35 0 
35 0 
35 0 
35 0 
35 0 
35 0 
35 0 
35 0 
35 0 
35 0 
35 0 
35 0 
35 0 
35 0 
35 0 
35 0 
35 0 
35 0 
35 0 
35 0 
35 0 
35 0 
35 0 
35 0 
35 0 
35 0 
35 0 
35 0 
35 0 
35 0 
35 0 
35 0 
35 0 
35 0 
35 0 
35 0 
35 0 
35 0 
35 0 
35 0 
35 0 
35 0 
35 0 
35 0 
35 0 
35 0 
35 0 
35 0 
35 0 
35 0 
35 0 
35 0 
35 0 
35 0 
35 0 
35 0 
35 0 
35 0 
35 0 
35 0 
35 0 
35 0 
35 0 
35 0 
35 0 
35 0 
35 0 
35 0 
35 0 
35 0 
35 0 
35 0 
36 0 
36 0 
36 0 
36 0 
36 0 
36 0 
36 0 
36 0 
36 0 
36 0 
36 0 
36 0 
36 0 
36 0 
36 0 
36 0 
36 0 
36 0 
36 0 
36 0 
36 0 
36 0 
36 0 
36 0 
36 0 
36 0 
36 0 
36 0 
36 0 
36 0 
36 0 
36 0 
36 0 
36 0 
36 0 
36 0 
36 0 
36 0 
36 0 
36 0 
36 0 
36 0 
36 0 
36 0 
36 0 
36 0 
36 0 
36 0 
36 0 
36 0 
36 0 
36 0 
36 0 
36 0 
36 0 
36 0 
36 0 
36 0 
36 0 
36 0 
36 0 
36 0 
36 0 
36 0 
36 0 
36 0 
36 0 
36 0 
36 0 
36 0 
36 0 
36 0 
36 0 
36 0 
36 0 
36 0 
36 0 
36 0 
36 0 
36 0 
36 0 
36 0 
36 0 
36 0 
36 0 
36 0 
36 0 
36 0 
36 0 
36 0.08 
36 0.29 
36 0.53 
36 0.72 
36 1.0 
36 1.19 
36 1.45 
36 1.88 
36 2.06 
36 2.29 
36 2.76 
36 3.37 
36 4.09 
36 4.5 
36 4.94 
36 5.17 
36 5.2 
36 5.95 
36 5.84 
36 6.43 
36 6.82 
36 6.86 
36 7.44 
36 7.31 
36 8.52 
36 9.88 
36 10.25 
36 11.06 
36 11.96 
36 13.47 
36 14.43 
36 15.25 
36 15.68 
36 16.57 
36 16.51 
36 17.91 
36 17.5 
36 17.98 
36 17.14 
36 17.67 
36 19.78 
36 20.85 
36 20.14 
36 20.22 
36 19.99 
36 16.61 
36 17.39 
36 19.35 
36 22.3 
36 24.26 
36 25.03 
36 23.61 
36 23.71 
36 23.12 
36 24.44 
36 24.94 
36 24.7 
36 23.17 
36 23.41 
36 24.29 
36 24.15 
36 24.46 
36 23.96 
36 25.47 
36 25.97 
36 25.67 
36 25.58 
36 25.49 
36 24.95 
36 24.53 
36 24.19 
36 24.01 
36 23.77 
36 24.33 
36 23.21 
36 23.88 
36 22.67 
36 23.3 
36 23.02 
36 22.71 
36 22.55 
36 22.18 
36 21.97 
36 21.46 
36 21.24 
36 20.69 
36 20.58 
36 19.7 
36 19.47 
36 19.18 
36 18.54 
36 18.18 
36 17.65 
36 17.14 
36 16.64 
36 16.11 
36 15.48 
36 14.83 
36 14.23 
36 13.7 
36 13.11 
36 12.48 
36 11.8 
36 11.17 
36 10.48 
36 9.91 
36 9.17 
36 8.45 
36 2.95 
36 0.66 
36 0.62 
36 0.57 
36 0.51 
36 0.47 
36 0.42 
36 0.36 
36 0.3 
36 0.22 
36 0.16 
36 0.09 
36 0.03 
36 0.01 
36 0 
36 0 
36 0 
36 0 
36 0 
36 0 
36 0 
36 0 
36 0 
36 0 
36 0 
36 0 
36 0 
36 0 
36 0 
36 0 
36 0 
36 0 
36 0 
36 0 
36 0 
36 0 
36 0 
36 0 
36 0 
36 0 
36 0 
36 0 
36 0 
36 0 
36 0 
36 0 
36 0 
36 0 
36 0 
36 0 
36 0 
36 0 
36 0 
36 0 
36 0 
36 0 
36 0 
36 0 
36 0 
36 0 
36 0 
36 0 
36 0 
36 0 
36 0 
36 0 
36 0 
36 0 
36 0 
36 0 
36 0 
36 0 
36 0 
36 0 
36 0 
36 0 
36 0 
36 0 
36 0 
36 0 
36 0 
36 0 
36 0 
36 0 
36 0 
36 0 
36 0 
36 0 
36 0 
36 0 
36 0 
37 0 
37 0 
37 0 
37 0 
37 0 
37 0 
37 0 
37 0 
37 0 
37 0 
37 0 
37 0 
37 0 
37 0 
37 0 
37 0 
37 0 
37 0 
37 0 
37 0 
37 0 
37 0 
37 0 
37 0 
37 0 
37 0 
37 0 
37 0 
37 0 
37 0 
37 0 
37 0 
37 0 
37 0 
37 0 
37 0 
37 0 
37 0 
37 0 
37 0 
37 0 
37 0 
37 0 
37 0 
37 0 
37 0 
37 0 
37 0 
37 0 
37 0 
37 0 
37 0 
37 0 
37 0 
37 0 
37 0 
37 0 
37 0 
37 0 
37 0 
37 0 
37 0 
37 0 
37 0 
37 0 
37 0 
37 0 
37 0 
37 0 
37 0 
37 0 
37 0 
37 0 
37 0 
37 0 
37 0 
37 0 
37 0 
37 0 
37 0 
37 0 
37 0 
37 0 
37 0 
37 0 
37 0 
37 0 
37 0 
37 0 
37 0 
37 0 
37 0 
37 0 
37 0 
37 0 
37 0 
37 0 
37 0 
37 0 
37 0 
37 0 
37 9.11 
37 9.93 
37 10.66 
37 11.45 
37 12.17 
37 12.9 
37 13.62 
37 14.23 
37 14.86 
37 15.48 
37 16.02 
37 16.63 
37 17.15 
37 17.71 
37 18.24 
37 18.76 
37 19.16 
37 19.56 
37 20.17 
37 20.49 
37 20.88 
37 21.21 
37 21.59 
37 21.88 
37 22.31 
37 22.53 
37 22.9 
37 23.07 
37 23.38 
37 23.55 
37 23.85 
37 24.05 
37 24.09 
37 24.36 
37 24.6 
37 24.74 
37 24.8 
37 24.91 
37 25.07 
37 25.27 
37 25.44 
37 25.41 
37 25.66 
37 25.56 
37 25.64 
37 25.13 
37 25.46 
37 25.3 
37 25.26 
37 25.42 
37 25.32 
37 25.17 
37 25.13 
37 25.15 
37 25.0 
37 24.46 
37 24.75 
37 24.65 
37 24.5 
37 24.45 
37 24.34 
37 24.25 
37 24.06 
37 23.84 
37 23.7 
37 23.5 
37 23.24 
37 22.92 
37 22.65 
37 22.41 
37 22.04 
37 21.8 
37 21.27 
37 20.97 
37 20.65 
37 20.13 
37 19.87 
37 19.41 
37 19.04 
37 18.36 
37 17.97 
37 17.44 
37 17.07 
37 16.33 
37 15.86 
37 15.22 
37 14.7 
37 14.17 
37 13.48 
37 12.89 
37 12.21 
37 11.68 
37 10.98 
37 10.34 
37 9.67 
37 8.97 
37 6.21 
37 0.59 
37 0.5 
37 0.46 
37 0.45 
37 0.42 
37 0.35 
37 0.32 
37 0.27 
37 0.22 
37 0.17 
37 0.09 
37 0.02 
37 0.02 
37 0 
37 0 
37 0 
37 0 
37 0 
37 0 
37 0 
37 0 
37 0 
37 0 
37 0 
37 0 
37 0 
37 0 
37 0 
37 0 
37 0 
37 0 
37 0 
37 0 
37 0 
37 0 
37 0 
37 0 
37 0 
37 0 
37 0 
37 0 
37 0 
37 0 
37 0 
37 0 
37 0 
37 0 
37 0 
37 0 
37 0 
37 0 
37 0 
37 0 
37 0 
37 0 
37 0 
37 0 
37 0 
37 0 
37 0 
37 0 
37 0 
37 0 
37 0 
37 0 
37 0 
37 0 
37 0 
37 0 
37 0 
37 0 
37 0 
37 0 
37 0 
37 0 
37 0 
37 0 
37 0 
37 0 
37 0 
37 0 
37 0 
37 0 
37 0 
37 0 
37 0 
37 0 
37 0 
37 0 
37 0 
38 0 
38 0 
38 0 
38 0 
38 0 
38 0 
38 0 
38 0 
38 0 
38 0 
38 0 
38 0 
38 0 
38 0 
38 0 
38 0 
38 0 
38 0 
38 0 
38 0 
38 0 
38 0 
38 0 
38 0 
38 0 
38 0 
38 0 
38 0 
38 0 
38 0 
38 0 
38 0 
38 0 
38 0 
38 0 
38 0 
38 0 
38 0 
38 0 
38 0 
38 0 
38 0 
38 0 
38 0 
38 0 
38 0 
38 0 
38 0 
38 0 
38 0 
38 0 
38 0 
38 0 
38 0 
38 0 
38 0 
38 0 
38 0 
38 0 
38 0 
38 0 
38 0 
38 0 
38 0 
38 0 
38 0 
38 0 
38 0 
38 0 
38 0 
38 0 
38 0 
38 0 
38 0 
38 0 
38 0 
38 0 
38 0 
38 0 
38 0 
38 0 
38 0 
38 0 
38 0 
38 0 
38 0 
38 0 
38 0 
38 0 
38 0 
38 0 
38 0 
38 0 
38 0 
38 0 
38 0 
38 0 
38 0 
38 0 
38 0 
38 0 
38 8.79 
38 9.62 
38 10.19 
38 10.92 
38 11.83 
38 12.43 
38 13.13 
38 13.77 
38 14.35 
38 14.98 
38 15.6 
38 16.05 
38 16.58 
38 17.24 
38 17.82 
38 18.25 
38 18.74 
38 19.19 
38 19.54 
38 19.95 
38 20.34 
38 20.73 
38 21.08 
38 21.43 
38 21.7 
38 22.08 
38 22.23 
38 22.5 
38 22.79 
38 23.06 
38 23.28 
38 23.29 
38 23.59 
38 23.67 
38 23.76 
38 24.03 
38 24.12 
38 24.33 
38 24.33 
38 24.59 
38 24.71 
38 24.79 
38 25.1 
38 25.26 
38 25.25 
38 25.46 
38 25.42 
38 25.17 
38 25.04 
38 24.82 
38 24.96 
38 25.06 
38 25.05 
38 25.02 
38 24.85 
38 24.71 
38 24.39 
38 24.4 
38 24.04 
38 24.01 
38 23.87 
38 23.87 
38 23.61 
38 23.47 
38 23.24 
38 23.12 
38 22.78 
38 22.63 
38 22.31 
38 22.0 
38 21.7 
38 21.26 
38 21.03 
38 20.65 
38 20.3 
38 19.86 
38 19.56 
38 19.19 
38 18.64 
38 18.33 
38 17.78 
38 17.38 
38 16.8 
38 16.26 
38 15.82 
38 15.19 
38 14.71 
38 14.08 
38 13.53 
38 12.85 
38 12.24 
38 11.59 
38 10.96 
38 10.27 
38 9.58 
38 8.84 
38 8.09 
38 1.29 
38 0.57 
38 0.51 
38 0.51 
38 0.48 
38 0.41 
38 0.35 
38 0.3 
38 0.28 
38 0.2 
38 0.13 
38 0.07 
38 0.04 
38 0 
38 0 
38 0 
38 0 
38 0 
38 0 
38 0 
38 0 
38 0 
38 0 
38 0 
38 0 
38 0 
38 0 
38 0 
38 0 
38 0 
38 0 
38 0 
38 0 
38 0 
38 0 
38 0 
38 0 
38 0 
38 0 
38 0 
38 0 
38 0 
38 0 
38 0 
38 0 
38 0 
38 0 
38 0 
38 0 
38 0 
38 0 
38 0 
38 0 
38 0 
38 0 
38 0 
38 0 
38 0 
38 0 
38 0 
38 0 
38 0 
38 0 
38 0 
38 0 
38 0 
38 0 
38 0 
38 0 
38 0 
38 0 
38 0 
38 0 
38 0 
38 0 
38 0 
38 0 
38 0 
38 0 
38 0 
38 0 
38 0 
38 0 
38 0 
38 0 
38 0 
38 0 
38 0 
38 0 
38 0 
39 0 
39 0 
39 0 
39 0 
39 0 
39 0 
39 0 
39 0 
39 0 
39 0 
39 0 
39 0 
39 0 
39 0 
39 0 
39 0 
39 0 
39 0 
39 0 
39 0 
39 0 
39 0 
39 0 
39 0 
39 0 
39 0 
39 0 
39 0 
39 0 
39 0 
39 0 
39 0 
39 0 
39 0 
39 0 
39 0 
39 0 
39 0 
39 0 
39 0 
39 0 
39 0 
39 0 
39 0 
39 0 
39 0 
39 0 
39 0 
39 0 
39 0 
39 0 
39 0 
39 0 
39 0 
39 0 
39 0 
39 0 
39 0 
39 0 
39 0 
39 0 
39 0 
39 0 
39 0 
39 0 
39 0 
39 0 
39 0 
39 0 
39 0 
39 0 
39 0 
39 0 
39 0 
39 0 
39 0 
39 0 
39 0 
39 0 
39 0 
39 0 
39 0 
39 0 
39 0 
39 0 
39 0 
39 0 
39 0 
39 0 
39 0 
39 0 
39 0 
39 0 
39 0 
39 0 
39 0 
39 0 
39 0 
39 0 
39 0 
39 8.3 
39 9.05 
39 9.86 
39 10.48 
39 11.19 
39 11.89 
39 12.66 
39 13.34 
39 13.88 
39 14.43 
39 15.15 
39 15.6 
39 16.24 
39 16.76 
39 17.13 
39 17.85 
39 18.41 
39 18.77 
39 19.18 
39 19.8 
39 20.24 
39 20.6 
39 20.83 
39 21.16 
39 21.61 
39 21.7 
39 21.93 
39 22.31 
39 22.67 
39 22.81 
39 23.01 
39 23.34 
39 23.61 
39 23.87 
39 23.94 
39 24.2 
39 24.37 
39 24.56 
39 24.7 
39 24.84 
39 25.11 
39 25.21 
39 25.37 
39 25.45 
39 25.37 
39 25.27 
39 25.35 
39 25.36 
39 25.37 
39 25.38 
39 25.19 
39 25.14 
39 24.89 
39 24.68 
39 24.49 
39 24.47 
39 24.45 
39 24.55 
39 24.4 
39 24.15 
39 24.12 
39 23.93 
39 23.79 
39 23.78 
39 23.41 
39 23.41 
39 23.03 
39 22.99 
39 22.8 
39 22.57 
39 22.17 
39 21.91 
39 21.68 
39 21.12 
39 20.69 
39 20.17 
39 19.82 
39 19.46 
39 19.05 
39 18.71 
39 18.23 
39 17.75 
39 17.19 
39 16.68 
39 16.31 
39 15.81 
39 15.12 
39 14.5 
39 13.99 
39 13.35 
39 12.76 
39 12.13 
39 11.44 
39 10.85 
39 10.18 
39 9.54 
39 8.9 
39 8.15 
39 3.92 
39 0.78 
39 0.56 
39 0.51 
39 0.48 
39 0.43 
39 0.37 
39 0.32 
39 0.27 
39 0.21 
39 0.14 
39 0.11 
39 0.02 
39 0 
39 0 
39 0 
39 0 
39 0 
39 0 
39 0 
39 0 
39 0 
39 0 
39 0 
39 0 
39 0 
39 0 
39 0 
39 0 
39 0 
39 0 
39 0 
39 0 
39 0 
39 0 
39 0 
39 0 
39 0 
39 0 
39 0 
39 0 
39 0 
39 0 
39 0 
39 0 
39 0 
39 0 
39 0 
39 0 
39 0 
39 0 
39 0 
39 0 
39 0 
39 0 
39 0 
39 0 
39 0 
39 0 
39 0 
39 0 
39 0 
39 0 
39 0 
39 0 
39 0 
39 0 
39 0 
39 0 
39 0 
39 0 
39 0 
39 0 
39 0 
39 0 
39 0 
39 0 
39 0 
39 0 
39 0 
39 0 
39 0 
39 0 
39 0 
39 0 
39 0 
39 0 
39 0 
39 0 
39 0 
40 0 
40 0 
40 0 
40 0 
40 0 
40 0 
40 0 
40 0 
40 0 
40 0 
40 0 
40 0 
40 0 
40 0 
40 0 
40 0 
40 0 
40 0 
40 0 
40 0 
40 0 
40 0 
40 0 
40 0 
40 0 
40 0 
40 0 
40 0 
40 0 
40 0 
40 0 
40 0 
40 0 
40 0 
40 0 
40 0 
40 0 
40 0 
40 0 
40 0 
40 0 
40 0 
40 0 
40 0 
40 0 
40 0 
40 0 
40 0 
40 0 
40 0 
40 0 
40 0 
40 0 
40 0 
40 0 
40 0 
40 0 
40 0 
40 0 
40 0 
40 0 
40 0 
40 0 
40 0 
40 0 
40 0 
40 0 
40 0 
40 0 
40 0 
40 0 
40 0 
40 0 
40 0 
40 0 
40 0 
40 0 
40 0 
40 0 
40 0 
40 0 
40 0 
40 0 
40 0 
40 0 
40 0 
40 0 
40 0 
40 0.1 
40 0.14 
40 0.26 
40 0.5 
40 0.73 
40 1.04 
40 0.99 
40 2.51 
40 3.45 
40 4.68 
40 4.75 
40 7.77 
40 8.97 
40 9.94 
40 10.82 
40 9.37 
40 13.27 
40 14.09 
40 14.82 
40 12.82 
40 13.37 
40 9.97 
40 8.54 
40 8.85 
40 9.5 
40 8.13 
40 6.67 
40 5.97 
40 5.79 
40 6.25 
40 6.24 
40 7.63 
40 15.8 
40 18.03 
40 12.41 
40 12.69 
40 22.52 
40 22.23 
40 21.81 
40 22.17 
40 22.55 
40 21.35 
40 20.24 
40 23.24 
40 21.56 
40 20.54 
40 20.03 
40 23.47 
40 24.62 
40 24.54 
40 25.18 
40 25.38 
40 23.61 
40 25.53 
40 25.16 
40 25.64 
40 25.91 
40 24.62 
40 25.84 
40 26.86 
40 26.54 
40 24.79 
40 11.51 
40 17.06 
40 18.08 
40 8.59 
40 18.04 
40 18.67 
40 13.87 
40 23.62 
40 20.53 
40 24.78 
40 23.94 
40 24.37 
40 24.58 
40 24.34 
40 24.08 
40 23.91 
40 23.54 
40 23.08 
40 22.9 
40 22.68 
40 22.37 
40 21.98 
40 21.68 
40 21.42 
40 21.15 
40 20.91 
40 20.5 
40 20.19 
40 19.42 
40 19.58 
40 19.47 
40 19.33 
40 18.74 
40 12.55 
40 17.63 
40 17.14 
40 13.04 
40 9.38 
40 9.48 
40 10.09 
40 7.76 
40 12.34 
40 12.57 
40 11.46 
40 10.6 
40 9.79 
40 9.11 
40 8.4 
40 6.9 
40 2.54 
40 0.58 
40 0.47 
40 0.42 
40 0.35 
40 0.25 
40 0.15 
40 0.12 
40 0.05 
40 0.01 
40 0 
40 0 
40 0 
40 0 
40 0 
40 0 
40 0 
40 0 
40 0 
40 0 
40 0 
40 0 
40 0 
40 0 
40 0 
40 0 
40 0 
40 0 
40 0 
40 0 
40 0 
40 0 
40 0 
40 0 
40 0 
40 0 
40 0 
40 0 
40 0 
40 0 
40 0 
40 0 
40 0 
40 0 
40 0 
40 0 
40 0 
40 0 
40 0 
40 0 
40 0 
40 0 
40 0 
40 0 
40 0 
40 0 
40 0 
40 0 
40 0 
40 0 
40 0 
40 0 
40 0 
40 0 
40 0 
40 0 
40 0 
40 0 
40 0 
40 0 
40 0 
40 0 
40 0 
40 0 
40 0 
40 0 
40 0 
40 0 
40 0 
40 0 
40 0 
40 0 
40 0 
40 0 
40 0 
40 0 
40 0 
40 0 
40 0 
41 0 
41 0 
41 0 
41 0 
41 0 
41 0 
41 0 
41 0 
41 0 
41 0 
41 0 
41 0 
41 0 
41 0 
41 0 
41 0 
41 0 
41 0 
41 0 
41 0 
41 0 
41 0 
41 0 
41 0 
41 0 
41 0 
41 0 
41 0 
41 0 
41 0 
41 0 
41 0 
41 0 
41 0 
41 0 
41 0 
41 0 
41 0 
41 0 
41 0 
41 0 
41 0 
41 0 
41 0 
41 0 
41 0 
41 0 
41 0 
41 0 
41 0 
41 0 
41 0 
41 0 
41 0 
41 0 
41 0 
41 0 
41 0 
41 0 
41 0 
41 0 
41 0 
41 0 
41 0 
41 0 
41 0 
41 0 
41 0 
41 0 
41 0 
41 0 
41 0 
41 0 
41 0 
41 0 
41 0 
41 0 
41 0 
41 0 
41 0 
41 0 
41 0 
41 0 
41 0 
41 0 
41 0 
41 0 
41 0 
41 0.01 
41 0.02 
41 0.18 
41 0.28 
41 0.38 
41 1.46 
41 2.48 
41 3.02 
41 3.76 
41 4.86 
41 6.55 
41 7.67 
41 8.4 
41 9.09 
41 9.94 
41 10.58 
41 10.83 
41 12.13 
41 11.22 
41 10.19 
41 13.95 
41 14.68 
41 15.2 
41 15.58 
41 16.28 
41 15.98 
41 4.69 
41 14.64 
41 16.1 
41 19.0 
41 19.27 
41 19.62 
41 20.0 
41 20.32 
41 20.67 
41 20.87 
41 21.26 
41 21.54 
41 21.86 
41 22.05 
41 22.55 
41 22.94 
41 23.34 
41 23.48 
41 23.68 
41 23.89 
41 24.19 
41 24.34 
41 24.34 
41 21.53 
41 24.74 
41 24.9 
41 25.03 
41 25.03 
41 25.04 
41 25.16 
41 25.25 
41 25.27 
41 25.22 
41 25.43 
41 25.3 
41 25.53 
41 25.38 
41 25.42 
41 25.42 
41 25.19 
41 25.06 
41 24.78 
41 24.72 
41 24.61 
41 24.61 
41 24.33 
41 24.2 
41 24.09 
41 23.79 
41 23.57 
41 23.44 
41 23.31 
41 22.88 
41 22.71 
41 22.47 
41 22.21 
41 21.75 
41 21.55 
41 21.48 
41 20.95 
41 20.73 
41 20.42 
41 20.01 
41 19.56 
41 19.08 
41 18.73 
41 18.3 
41 17.93 
41 17.41 
41 16.79 
41 16.31 
41 15.81 
41 15.26 
41 14.76 
41 14.19 
41 13.64 
41 13.02 
41 12.42 
41 11.79 
41 11.1 
41 10.46 
41 9.73 
41 9.02 
41 8.43 
41 7.71 
41 6.48 
41 0.77 
41 0.45 
41 0.42 
41 0.41 
41 0.36 
41 0.27 
41 0.25 
41 0.21 
41 0.14 
41 0.09 
41 0.05 
41 0.01 
41 0 
41 0 
41 0 
41 0 
41 0 
41 0 
41 0 
41 0 
41 0 
41 0 
41 0 
41 0 
41 0 
41 0 
41 0 
41 0 
41 0 
41 0 
41 0 
41 0 
41 0 
41 0 
41 0 
41 0 
41 0 
41 0 
41 0 
41 0 
41 0 
41 0 
41 0 
41 0 
41 0 
41 0 
41 0 
41 0 
41 0 
41 0 
41 0 
41 0 
41 0 
41 0 
41 0 
41 0 
41 0 
41 0 
41 0 
41 0 
41 0 
41 0 
41 0 
41 0 
41 0 
41 0 
41 0 
41 0 
41 0 
41 0 
41 0 
41 0 
41 0 
41 0 
41 0 
41 0 
41 0 
41 0 
41 0 
41 0 
41 0 
41 0 
41 0 
41 0 
41 0 
41 0 
41 0 
41 0 
42 0 
42 0 
42 0 
42 0 
42 0 
42 0 
42 0 
42 0 
42 0 
42 0 
42 0 
42 0 
42 0 
42 0 
42 0 
42 0 
42 0 
42 0 
42 0 
42 0 
42 0 
42 0 
42 0 
42 0 
42 0 
42 0 
42 0 
42 0 
42 0 
42 0 
42 0 
42 0 
42 0 
42 0 
42 0 
42 0 
42 0 
42 0 
42 0 
42 0 
42 0 
42 0 
42 0 
42 0 
42 0 
42 0 
42 0 
42 0 
42 0 
42 0 
42 0 
42 0 
42 0 
42 0 
42 0 
42 0 
42 0 
42 0 
42 0 
42 0 
42 0 
42 0 
42 0 
42 0 
42 0 
42 0 
42 0 
42 0 
42 0 
42 0 
42 0 
42 0 
42 0 
42 0 
42 0 
42 0 
42 0 
42 0 
42 0 
42 0 
42 0 
42 0 
42 0 
42 0 
42 0 
42 0 
42 0 
42 0 
42 0 
42 0 
42 0 
42 0 
42 0 
42 0 
42 0 
42 0 
42 0 
42 0 
42 0 
42 0 
42 8.68 
42 9.38 
42 10.12 
42 10.86 
42 11.72 
42 12.31 
42 12.97 
42 13.74 
42 14.24 
42 14.85 
42 15.26 
42 15.95 
42 16.5 
42 16.96 
42 17.54 
42 18.04 
42 18.56 
42 18.96 
42 19.47 
42 19.79 
42 20.23 
42 20.56 
42 20.92 
42 21.33 
42 21.69 
42 21.85 
42 22.14 
42 22.45 
42 22.69 
42 22.98 
42 23.22 
42 23.57 
42 23.53 
42 23.8 
42 23.93 
42 23.99 
42 24.17 
42 24.21 
42 24.3 
42 24.53 
42 24.52 
42 24.54 
42 24.67 
42 24.86 
42 24.99 
42 25.0 
42 24.95 
42 24.36 
42 24.86 
42 25.06 
42 24.91 
42 24.98 
42 24.98 
42 24.84 
42 24.78 
42 24.82 
42 24.57 
42 24.71 
42 24.46 
42 24.54 
42 24.18 
42 24.22 
42 22.59 
42 21.89 
42 23.12 
42 22.98 
42 23.05 
42 22.5 
42 22.71 
42 22.5 
42 21.98 
42 22.1 
42 21.91 
42 21.62 
42 21.15 
42 19.65 
42 15.76 
42 15.71 
42 17.29 
42 19.12 
42 18.88 
42 18.66 
42 18.27 
42 17.76 
42 15.59 
42 14.59 
42 13.92 
42 14.17 
42 15.13 
42 14.48 
42 13.41 
42 9.24 
42 11.99 
42 11.28 
42 10.55 
42 9.95 
42 9.25 
42 8.6 
42 7.53 
42 6.97 
42 2.68 
42 0.69 
42 0.59 
42 0.61 
42 0.6 
42 0.56 
42 0.51 
42 0.48 
42 0.39 
42 0.26 
42 0.16 
42 0 
42 0 
42 0 
42 0 
42 0 
42 0 
42 0 
42 0 
42 0 
42 0 
42 0 
42 0 
42 0 
42 0 
42 0 
42 0 
42 0 
42 0 
42 0 
42 0 
42 0 
42 0 
42 0 
42 0 
42 0 
42 0 
42 0 
42 0 
42 0 
42 0 
42 0 
42 0 
42 0 
42 0 
42 0 
42 0 
42 0 
42 0 
42 0 
42 0 
42 0 
42 0 
42 0 
42 0 
42 0 
42 0 
42 0 
42 0 
42 0 
42 0 
42 0 
42 0 
42 0 
42 0 
42 0 
42 0 
42 0 
42 0 
42 0 
42 0 
42 0 
42 0 
42 0 
42 0 
42 0 
42 0 
42 0 
42 0 
42 0 
42 0 
42 0 
42 0 
42 0 
42 0 
42 0 
42 0 
42 0 
43 0 
43 0 
43 0 
43 0 
43 0 
43 0 
43 0 
43 0 
43 0 
43 0 
43 0 
43 0 
43 0 
43 0 
43 0 
43 0 
43 0 
43 0 
43 0 
43 0 
43 0 
43 0 
43 0 
43 0 
43 0 
43 0 
43 0 
43 0 
43 0 
43 0 
43 0 
43 0 
43 0 
43 0 
43 0 
43 0 
43 0 
43 0 
43 0 
43 0 
43 0 
43 0 
43 0 
43 0 
43 0 
43 0 
43 0 
43 0 
43 0 
43 0 
43 0 
43 0 
43 0 
43 0 
43 0 
43 0 
43 0 
43 0 
43 0 
43 0 
43 0 
43 0 
43 0 
43 0 
43 0 
43 0 
43 0 
43 0 
43 0 
43 0 
43 0 
43 0 
43 0 
43 0 
43 0 
43 0 
43 0 
43 0 
43 0 
43 0 
43 0 
43 0 
43 0 
43 0 
43 0 
43 0 
43 0 
43 0 
43 0 
43 0 
43 0 
43 0 
43 0 
43 0 
43 0 
43 0 
43 0 
43 6.51 
43 5.68 
43 8.01 
43 7.75 
43 5.94 
43 10.34 
43 11.06 
43 11.68 
43 12.34 
43 13.09 
43 13.66 
43 14.21 
43 14.83 
43 15.49 
43 16.0 
43 16.51 
43 17.0 
43 17.41 
43 17.84 
43 18.28 
43 18.62 
43 19.15 
43 19.57 
43 20.04 
43 20.41 
43 20.72 
43 21.05 
43 21.42 
43 21.69 
43 22.02 
43 22.34 
43 22.68 
43 22.92 
43 23.03 
43 23.41 
43 23.59 
43 23.82 
43 23.82 
43 24.13 
43 24.32 
43 24.62 
43 24.5 
43 24.72 
43 24.82 
43 24.68 
43 24.72 
43 24.78 
43 24.77 
43 25.0 
43 25.12 
43 25.05 
43 24.89 
43 24.78 
43 24.71 
43 24.57 
43 24.51 
43 24.63 
43 24.58 
43 24.69 
43 24.49 
43 24.46 
43 24.29 
43 24.19 
43 23.99 
43 23.94 
43 23.61 
43 23.34 
43 23.27 
43 23.11 
43 22.81 
43 22.59 
43 22.21 
43 21.98 
43 21.7 
43 21.43 
43 21.09 
43 20.7 
43 20.44 
43 20.0 
43 19.66 
43 19.32 
43 18.81 
43 18.54 
43 17.99 
43 17.5 
43 17.11 
43 16.59 
43 16.09 
43 15.61 
43 15.07 
43 14.5 
43 14.14 
43 13.46 
43 13.0 
43 12.39 
43 11.81 
43 11.24 
43 10.66 
43 9.97 
43 9.32 
43 8.67 
43 7.93 
43 7.16 
43 6.18 
43 0.59 
43 0.51 
43 0.46 
43 0.41 
43 0.34 
43 0.34 
43 0.26 
43 0.2 
43 0.13 
43 0.09 
43 0 
43 0 
43 0 
43 0 
43 0 
43 0 
43 0 
43 0 
43 0 
43 0 
43 0 
43 0 
43 0 
43 0 
43 0 
43 0 
43 0 
43 0 
43 0 
43 0 
43 0 
43 0 
43 0 
43 0 
43 0 
43 0 
43 0 
43 0 
43 0 
43 0 
43 0 
43 0 
43 0 
43 0 
43 0 
43 0 
43 0 
43 0 
43 0 
43 0 
43 0 
43 0 
43 0 
43 0 
43 0 
43 0 
43 0 
43 0 
43 0 
43 0 
43 0 
43 0 
43 0 
43 0 
43 0 
43 0 
43 0 
43 0 
43 0 
43 0 
43 0 
43 0 
43 0 
43 0 
43 0 
43 0 
43 0 
43 0 
43 0 
43 0 
43 0 
43 0 
43 0 
43 0 
43 0 
43 0 
43 0 
44 0 
44 0 
44 0 
44 0 
44 0 
44 0 
44 0 
44 0 
44 0 
44 0 
44 0 
44 0 
44 0 
44 0 
44 0 
44 0 
44 0 
44 0 
44 0 
44 0 
44 0 
44 0 
44 0 
44 0 
44 0 
44 0 
44 0 
44 0 
44 0 
44 0 
44 0 
44 0 
44 0 
44 0 
44 0 
44 0 
44 0 
44 0 
44 0 
44 0 
44 0 
44 0 
44 0 
44 0 
44 0 
44 0 
44 0 
44 0 
44 0 
44 0 
44 0 
44 0 
44 0 
44 0 
44 0 
44 0 
44 0 
44 0 
44 0 
44 0 
44 0 
44 0 
44 0 
44 0 
44 0 
44 0 
44 0 
44 0 
44 0 
44 0 
44 0 
44 0 
44 0 
44 0 
44 0 
44 0 
44 0 
44 0 
44 0 
44 0 
44 0 
44 0 
44 0 
44 0 
44 0 
44 0 
44 0 
44 0.04 
44 0.18 
44 0.33 
44 0.55 
44 0.73 
44 0.9 
44 1.94 
44 2.59 
44 3.74 
44 5.12 
44 6.28 
44 6.92 
44 7.94 
44 8.69 
44 9.39 
44 10.17 
44 10.73 
44 11.44 
44 12.16 
44 12.91 
44 13.55 
44 14.09 
44 14.78 
44 15.39 
44 15.96 
44 16.15 
44 16.85 
44 17.41 
44 17.93 
44 18.43 
44 18.93 
44 19.31 
44 19.79 
44 20.09 
44 20.47 
44 20.71 
44 21.11 
44 21.46 
44 21.78 
44 22.11 
44 22.3 
44 22.64 
44 22.81 
44 23.01 
44 23.07 
44 23.39 
44 23.62 
44 23.74 
44 23.97 
44 24.05 
44 24.22 
44 24.4 
44 24.38 
44 24.38 
44 24.37 
44 24.48 
44 24.87 
44 24.85 
44 24.9 
44 24.92 
44 24.72 
44 24.72 
44 24.66 
44 24.7 
44 24.77 
44 24.74 
44 24.77 
44 24.68 
44 24.47 
44 24.49 
44 24.35 
44 24.26 
44 24.09 
44 24.07 
44 24.03 
44 23.73 
44 23.64 
44 23.35 
44 23.15 
44 22.97 
44 22.77 
44 22.55 
44 22.37 
44 22.02 
44 21.73 
44 21.52 
44 21.09 
44 20.89 
44 20.42 
44 20.05 
44 19.41 
44 19.11 
44 18.76 
44 18.56 
44 17.04 
44 17.6 
44 17.15 
44 15.44 
44 14.29 
44 16.09 
44 12.05 
44 13.12 
44 14.41 
44 8.39 
44 11.3 
44 7.78 
44 7.41 
44 6.67 
44 3.63 
44 3.18 
44 3.84 
44 3.08 
44 3.16 
44 3.14 
44 2.34 
44 1.76 
44 1.57 
44 1.38 
44 1.18 
44 1.01 
44 0.8 
44 0.6 
44 0.41 
44 0.18 
44 0.04 
44 0 
44 0 
44 0 
44 0 
44 0 
44 0 
44 0 
44 0 
44 0 
44 0 
44 0 
44 0 
44 0 
44 0 
44 0 
44 0 
44 0 
44 0 
44 0 
44 0 
44 0 
44 0 
44 0 
44 0 
44 0 
44 0 
44 0 
44 0 
44 0 
44 0 
44 0 
44 0 
44 0 
44 0 
44 0 
44 0 
44 0 
44 0 
44 0 
44 0 
44 0 
44 0 
44 0 
44 0 
44 0 
44 0 
44 0 
44 0 
44 0 
44 0 
44 0 
44 0 
44 0 
44 0 
44 0 
44 0 
44 0 
44 0 
44 0 
44 0 
44 0 
44 0 
44 0 
44 0 
44 0 
44 0 
44 0 
44 0 
44 0 
44 0 
44 0 
44 0 
44 0 
44 0 
44 0 
44 0 
45 0 
45 0 
45 0 
45 0 
45 0 
45 0 
45 0 
45 0 
45 0 
45 0 
45 0 
45 0 
45 0 
45 0 
45 0 
45 0 
45 0 
45 0 
45 0 
45 0 
45 0 
45 0 
45 0 
45 0 
45 0 
45 0 
45 0 
45 0 
45 0 
45 0 
45 0 
45 0 
45 0 
45 0 
45 0 
45 0 
45 0 
45 0 
45 0 
45 0 
45 0 
45 0 
45 0 
45 0 
45 0 
45 0 
45 0 
45 0 
45 0 
45 0 
45 0 
45 0 
45 0 
45 0 
45 0 
45 0 
45 0 
45 0 
45 0 
45 0 
45 0 
45 0 
45 0 
45 0 
45 0 
45 0 
45 0 
45 0 
45 0 
45 0 
45 0 
45 0 
45 0 
45 0 
45 0 
45 0 
45 0 
45 0 
45 0 
45 0 
45 0 
45 0 
45 0 
45 0 
45 0 
45 0 
45 0 
45 0 
45 0 
45 0 
45 0 
45 0 
45 0 
45 0 
45 0 
45 0 
45 0 
45 0 
45 0 
45 0 
45 0 
45 0 
45 0 
45 0 
45 0 
45 0 
45 0 
45 0 
45 0 
45 0 
45 0 
45 0 
45 0 
45 0 
45 0 
45 1.86 
45 2.3 
45 2.54 
45 2.59 
45 2.64 
45 2.59 
45 2.99 
45 2.99 
45 3.18 
45 3.19 
45 3.47 
45 3.25 
45 2.98 
45 3.14 
45 3.62 
45 4.79 
45 4.59 
45 3.99 
45 4.34 
45 5.01 
45 5.42 
45 4.94 
45 4.28 
45 5.14 
45 4.81 
45 4.92 
45 4.98 
45 5.83 
45 5.79 
45 6.32 
45 6.74 
45 6.35 
45 6.89 
45 7.73 
45 8.13 
45 7.45 
45 7.86 
45 7.65 
45 8.34 
45 8.87 
45 10.17 
45 10.49 
45 17.49 
45 13.88 
45 12.35 
45 15.18 
45 16.96 
45 26.3 
45 18.28 
45 24.27 
45 23.7 
45 23.92 
45 23.26 
45 22.76 
45 22.87 
45 22.84 
45 21.53 
45 5.99 
45 19.11 
45 18.08 
45 17.46 
45 17.91 
45 12.46 
45 14.66 
45 16.79 
45 16.89 
45 13.46 
45 14.21 
45 7.18 
45 7.13 
45 6.89 
45 8.55 
45 7.47 
45 8.31 
45 6.55 
45 5.94 
45 7.37 
45 8.95 
45 6.82 
45 6.32 
45 4.88 
45 3.92 
45 4.03 
45 3.31 
45 2.56 
45 3.1 
45 2.12 
45 1.71 
45 1.95 
45 1.42 
45 1.03 
45 0.9 
45 0.96 
45 1.01 
45 0.82 
45 0.7 
45 0.48 
45 0.19 
45 0 
45 0 
45 0 
45 0 
45 0 
45 0 
45 0 
45 0 
45 0 
45 0 
45 0 
45 0 
45 0 
45 0 
45 0 
45 0 
45 0 
45 0 
45 0 
45 0 
45 0 
45 0 
45 0 
45 0 
45 0 
45 0 
45 0 
45 0 
45 0 
45 0 
45 0 
45 0 
45 0 
45 0 
45 0 
45 0 
45 0 
45 0 
45 0 
45 0 
45 0 
45 0 
45 0 
45 0 
45 0 
45 0 
45 0 
45 0 
45 0 
45 0 
45 0 
45 0 
45 0 
45 0 
45 0 
45 0 
45 0 
45 0 
45 0 
45 0 
45 0 
45 0 
45 0 
45 0 
45 0 
45 0 
45 0 
45 0 
45 0 
45 0 
45 0 
45 0 
45 0 
45 0 
45 0 
46 0 
46 0 
46 0 
46 0 
46 0 
46 0 
46 0 
46 0 
46 0 
46 0 
46 0 
46 0 
46 0 
46 0 
46 0 
46 0 
46 0 
46 0 
46 0 
46 0 
46 0 
46 0 
46 0 
46 0 
46 0 
46 0 
46 0 
46 0 
46 0 
46 0 
46 0 
46 0 
46 0 
46 0 
46 0 
46 0 
46 0 
46 0 
46 0 
46 0 
46 0 
46 0 
46 0 
46 0 
46 0 
46 0 
46 0 
46 0 
46 0 
46 0 
46 0 
46 0 
46 0 
46 0 
46 0 
46 0 
46 0 
46 0 
46 0 
46 0 
46 0 
46 0 
46 0 
46 0 
46 0 
46 0 
46 0 
46 0 
46 0 
46 0 
46 0 
46 0 
46 0 
46 0 
46 0 
46 0 
46 0 
46 0 
46 0 
46 0 
46 0 
46 0 
46 0 
46 0 
46 0 
46 0 
46 0 
46 0 
46 0 
46 0 
46 0 
46 0 
46 0 
46 0 
46 0 
46 0 
46 0 
46 0 
46 0 
46 8.79 
46 9.42 
46 10.2 
46 10.99 
46 11.76 
46 12.57 
46 13.23 
46 14.04 
46 14.63 
46 15.22 
46 15.71 
46 16.28 
46 16.92 
46 17.44 
46 18.27 
46 18.69 
46 19.37 
46 19.68 
46 20.13 
46 20.56 
46 21.1 
46 21.53 
46 22.03 
46 22.35 
46 22.98 
46 23.42 
46 23.63 
46 24.21 
46 24.16 
46 24.77 
46 25.08 
46 25.34 
46 25.6 
46 25.9 
46 25.98 
46 26.08 
46 26.69 
46 26.88 
46 27.04 
46 26.95 
46 27.04 
46 27.49 
46 27.74 
46 27.73 
46 27.91 
46 27.85 
46 28.01 
46 27.96 
46 28.04 
46 27.83 
46 27.7 
46 27.83 
46 28.19 
46 28.17 
46 28.13 
46 27.99 
46 27.97 
46 27.64 
46 27.8 
46 27.62 
46 27.34 
46 27.3 
46 26.98 
46 26.81 
46 26.63 
46 26.31 
46 26.12 
46 25.77 
46 25.36 
46 25.11 
46 24.85 
46 24.54 
46 24.34 
46 23.87 
46 23.55 
46 23.28 
46 22.82 
46 22.32 
46 21.77 
46 21.29 
46 20.96 
46 20.38 
46 20.02 
46 19.77 
46 19.22 
46 18.69 
46 18.13 
46 17.59 
46 16.71 
46 16.35 
46 15.68 
46 15.1 
46 14.46 
46 13.77 
46 13.02 
46 12.42 
46 11.65 
46 10.24 
46 10.14 
46 9.45 
46 8.63 
46 7.84 
46 6.92 
46 0.61 
46 0.41 
46 0.34 
46 0.31 
46 0.28 
46 0.24 
46 0.18 
46 0.14 
46 0.09 
46 0.04 
46 0.02 
46 0 
46 0 
46 0 
46 0 
46 0 
46 0 
46 0 
46 0 
46 0 
46 0 
46 0 
46 0 
46 0 
46 0 
46 0 
46 0 
46 0 
46 0 
46 0 
46 0 
46 0 
46 0 
46 0 
46 0 
46 0 
46 0 
46 0 
46 0 
46 0 
46 0 
46 0 
46 0 
46 0 
46 0 
46 0 
46 0 
46 0 
46 0 
46 0 
46 0 
46 0 
46 0 
46 0 
46 0 
46 0 
46 0 
46 0 
46 0 
46 0 
46 0 
46 0 
46 0 
46 0 
46 0 
46 0 
46 0 
46 0 
46 0 
46 0 
46 0 
46 0 
46 0 
46 0 
46 0 
46 0 
46 0 
46 0 
46 0 
46 0 
46 0 
46 0 
46 0 
46 0 
46 0 
46 0 
47 0 
47 0 
47 0 
47 0 
47 0 
47 0 
47 0 
47 0 
47 0 
47 0 
47 0 
47 0 
47 0 
47 0 
47 0 
47 0 
47 0 
47 0 
47 0 
47 0 
47 0 
47 0 
47 0 
47 0 
47 0 
47 0 
47 0 
47 0 
47 0 
47 0 
47 0 
47 0 
47 0 
47 0 
47 0 
47 0 
47 0 
47 0 
47 0 
47 0 
47 0 
47 0 
47 0 
47 0 
47 0 
47 0 
47 0 
47 0 
47 0 
47 0 
47 0 
47 0 
47 0 
47 0 
47 0 
47 0 
47 0 
47 0 
47 0 
47 0 
47 0 
47 0 
47 0 
47 0 
47 0 
47 0 
47 0 
47 0 
47 0 
47 0 
47 0 
47 0 
47 0 
47 0 
47 0 
47 0 
47 0 
47 0 
47 0 
47 0 
47 0 
47 0 
47 0 
47 0 
47 0 
47 0 
47 0.01 
47 0.06 
47 0.32 
47 0.59 
47 0.88 
47 1.38 
47 2.33 
47 3.1 
47 4.54 
47 5.59 
47 6.51 
47 7.15 
47 7.93 
47 8.69 
47 9.37 
47 10.11 
47 10.89 
47 11.62 
47 12.3 
47 13.0 
47 13.69 
47 14.27 
47 14.87 
47 15.33 
47 16.04 
47 16.55 
47 17.09 
47 17.56 
47 17.96 
47 18.47 
47 19.02 
47 19.39 
47 19.86 
47 20.12 
47 20.6 
47 21.04 
47 21.46 
47 21.74 
47 22.15 
47 22.52 
47 22.84 
47 23.23 
47 23.58 
47 23.79 
47 23.88 
47 24.04 
47 24.39 
47 24.45 
47 24.83 
47 24.71 
47 25.14 
47 25.31 
47 25.41 
47 25.42 
47 25.91 
47 26.26 
47 26.68 
47 26.76 
47 26.92 
47 27.19 
47 27.24 
47 27.3 
47 27.35 
47 27.39 
47 27.39 
47 27.35 
47 27.31 
47 27.17 
47 26.99 
47 27.06 
47 26.98 
47 26.65 
47 26.69 
47 26.63 
47 26.48 
47 26.25 
47 25.95 
47 25.75 
47 25.36 
47 25.22 
47 25.08 
47 24.96 
47 24.71 
47 24.38 
47 24.02 
47 23.84 
47 23.27 
47 23.05 
47 22.8 
47 22.34 
47 21.95 
47 21.46 
47 21.17 
47 20.72 
47 20.19 
47 19.65 
47 19.22 
47 18.77 
47 18.23 
47 17.76 
47 17.19 
47 16.74 
47 16.18 
47 15.49 
47 14.99 
47 14.3 
47 13.69 
47 13.01 
47 12.28 
47 11.6 
47 10.93 
47 10.21 
47 9.5 
47 8.66 
47 7.91 
47 7.1 
47 1.27 
47 0.41 
47 0.38 
47 0.32 
47 0.31 
47 0.26 
47 0.19 
47 0.18 
47 0.11 
47 0.05 
47 0.03 
47 0 
47 0 
47 0 
47 0 
47 0 
47 0 
47 0 
47 0 
47 0 
47 0 
47 0 
47 0 
47 0 
47 0 
47 0 
47 0 
47 0 
47 0 
47 0 
47 0 
47 0 
47 0 
47 0 
47 0 
47 0 
47 0 
47 0 
47 0 
47 0 
47 0 
47 0 
47 0 
47 0 
47 0 
47 0 
47 0 
47 0 
47 0 
47 0 
47 0 
47 0 
47 0 
47 0 
47 0 
47 0 
47 0 
47 0 
47 0 
47 0 
47 0 
47 0 
47 0 
47 0 
47 0 
47 0 
47 0 
47 0 
47 0 
47 0 
47 0 
47 0 
47 0 
47 0 
47 0 
47 0 
47 0 
47 0 
47 0 
47 0 
47 0 
47 0 
47 0 
47 0 
47 0 
47 0 
48 0 
48 0 
48 0 
48 0 
48 0 
48 0 
48 0 
48 0 
48 0 
48 0 
48 0 
48 0 
48 0 
48 0 
48 0 
48 0 
48 0 
48 0 
48 0 
48 0 
48 0 
48 0 
48 0 
48 0 
48 0 
48 0 
48 0 
48 0 
48 0 
48 0 
48 0 
48 0 
48 0 
48 0 
48 0 
48 0 
48 0 
48 0 
48 0 
48 0 
48 0 
48 0 
48 0 
48 0 
48 0 
48 0 
48 0 
48 0 
48 0 
48 0 
48 0 
48 0 
48 0 
48 0 
48 0 
48 0 
48 0 
48 0 
48 0 
48 0 
48 0 
48 0 
48 0 
48 0 
48 0 
48 0 
48 0 
48 0 
48 0 
48 0 
48 0 
48 0 
48 0 
48 0 
48 0 
48 0 
48 0 
48 0 
48 0 
48 0 
48 0 
48 0 
48 0 
48 0 
48 0 
48 0 
48 0.01 
48 0.14 
48 0.54 
48 0.89 
48 0.97 
48 1.93 
48 2.66 
48 3.56 
48 4.94 
48 6.03 
48 6.83 
48 7.57 
48 8.27 
48 9.05 
48 9.85 
48 10.46 
48 11.21 
48 11.95 
48 12.64 
48 13.3 
48 13.87 
48 14.51 
48 15.12 
48 15.72 
48 16.26 
48 16.84 
48 17.36 
48 17.96 
48 18.55 
48 19.02 
48 19.51 
48 19.93 
48 20.34 
48 20.75 
48 21.41 
48 21.87 
48 22.36 
48 22.79 
48 23.06 
48 23.34 
48 23.79 
48 24.0 
48 24.21 
48 24.63 
48 24.92 
48 24.96 
48 25.3 
48 25.56 
48 25.71 
48 25.79 
48 26.06 
48 26.19 
48 26.5 
48 26.52 
48 26.64 
48 26.8 
48 26.97 
48 27.04 
48 27.1 
48 27.15 
48 27.25 
48 27.17 
48 27.28 
48 27.16 
48 27.28 
48 27.22 
48 27.27 
48 26.98 
48 26.81 
48 27.03 
48 26.94 
48 26.71 
48 26.7 
48 26.55 
48 26.35 
48 26.17 
48 25.92 
48 25.72 
48 25.47 
48 25.33 
48 24.67 
48 24.7 
48 24.23 
48 23.99 
48 23.72 
48 23.47 
48 23.06 
48 22.66 
48 22.35 
48 22.13 
48 21.37 
48 20.94 
48 20.42 
48 19.97 
48 19.56 
48 19.16 
48 18.86 
48 18.05 
48 17.57 
48 17.08 
48 16.44 
48 15.87 
48 15.32 
48 14.66 
48 14.23 
48 13.43 
48 12.49 
48 11.19 
48 11.04 
48 10.77 
48 11.11 
48 10.2 
48 8.81 
48 8.53 
48 7.55 
48 6.73 
48 2.97 
48 0.55 
48 0.5 
48 0.43 
48 0.41 
48 0.33 
48 0.25 
48 0.18 
48 0.11 
48 0.07 
48 0 
48 0 
48 0 
48 0 
48 0 
48 0 
48 0 
48 0 
48 0 
48 0 
48 0 
48 0 
48 0 
48 0 
48 0 
48 0 
48 0 
48 0 
48 0 
48 0 
48 0 
48 0 
48 0 
48 0 
48 0 
48 0 
48 0 
48 0 
48 0 
48 0 
48 0 
48 0 
48 0 
48 0 
48 0 
48 0 
48 0 
48 0 
48 0 
48 0 
48 0 
48 0 
48 0 
48 0 
48 0 
48 0 
48 0 
48 0 
48 0 
48 0 
48 0 
48 0 
48 0 
48 0 
48 0 
48 0 
48 0 
48 0 
48 0 
48 0 
48 0 
48 0 
48 0 
48 0 
48 0 
48 0 
48 0 
48 0 
48 0 
48 0 
48 0 
48 0 
48 0 
48 0 
48 0 
48 0 
49 0 
49 0 
49 0 
49 0 
49 0 
49 0 
49 0 
49 0 
49 0 
49 0 
49 0 
49 0 
49 0 
49 0 
49 0 
49 0 
49 0 
49 0 
49 0 
49 0 
49 0 
49 0 
49 0 
49 0 
49 0 
49 0 
49 0 
49 0 
49 0 
49 0 
49 0 
49 0 
49 0 
49 0 
49 0 
49 0 
49 0 
49 0 
49 0 
49 0 
49 0 
49 0 
49 0 
49 0 
49 0 
49 0 
49 0 
49 0 
49 0 
49 0 
49 0 
49 0 
49 0 
49 0 
49 0 
49 0 
49 0 
49 0 
49 0 
49 0 
49 0 
49 0 
49 0 
49 0 
49 0 
49 0 
49 0 
49 0 
49 0 
49 0 
49 0 
49 0 
49 0 
49 0 
49 0 
49 0 
49 0 
49 0 
49 0 
49 0 
49 0 
49 0 
49 0 
49 0 
49 0 
49 0.12 
49 0.33 
49 0.56 
49 0.66 
49 0.97 
49 1.22 
49 1.34 
49 3.14 
49 5.0 
49 6.32 
49 7.19 
49 3.41 
49 7.92 
49 8.61 
49 6.03 
49 9.59 
49 9.71 
49 9.89 
49 11.7 
49 12.54 
49 13.51 
49 14.38 
49 15.27 
49 13.86 
49 15.96 
49 16.54 
49 16.81 
49 17.39 
49 17.84 
49 18.38 
49 18.81 
49 19.21 
49 19.68 
49 20.07 
49 20.56 
49 20.86 
49 21.21 
49 21.46 
49 21.8 
49 22.23 
49 22.55 
49 23.06 
49 23.6 
49 23.66 
49 23.7 
49 23.94 
49 24.22 
49 24.35 
49 24.41 
49 24.95 
49 25.51 
49 25.34 
49 25.39 
49 25.53 
49 25.54 
49 25.69 
49 25.66 
49 25.76 
49 25.92 
49 26.07 
49 25.83 
49 25.87 
49 26.25 
49 25.86 
49 25.73 
49 25.64 
49 25.64 
49 25.74 
49 25.67 
49 25.55 
49 25.58 
49 25.81 
49 25.58 
49 25.45 
49 25.34 
49 25.19 
49 25.09 
49 25.12 
49 25.25 
49 25.27 
49 25.17 
49 24.7 
49 24.02 
49 23.27 
49 23.66 
49 23.23 
49 22.98 
49 22.69 
49 22.12 
49 21.79 
49 21.31 
49 21.14 
49 20.6 
49 20.34 
49 20.13 
49 19.94 
49 19.82 
49 19.92 
49 19.19 
49 18.23 
49 17.13 
49 16.28 
49 15.61 
49 15.24 
49 13.95 
49 7.58 
49 13.35 
49 12.7 
49 12.8 
49 11.81 
49 11.09 
49 10.67 
49 9.86 
49 9.05 
49 8.23 
49 7.43 
49 6.61 
49 5.32 
49 0.97 
49 0.88 
49 0.94 
49 1.06 
49 1.19 
49 1.32 
49 1.29 
49 1.15 
49 0.88 
49 0.63 
49 0.38 
49 0.01 
49 0 
49 0 
49 0 
49 0 
49 0 
49 0 
49 0 
49 0 
49 0 
49 0 
49 0 
49 0 
49 0 
49 0 
49 0 
49 0 
49 0 
49 0 
49 0 
49 0 
49 0 
49 0 
49 0 
49 0 
49 0 
49 0 
49 0 
49 0 
49 0 
49 0 
49 0 
49 0 
49 0 
49 0 
49 0 
49 0 
49 0 
49 0 
49 0 
49 0 
49 0 
49 0 
49 0 
49 0 
49 0 
49 0 
49 0 
49 0 
49 0 
49 0 
49 0 
49 0 
49 0 
49 0 
49 0 
49 0 
49 0 
49 0 
49 0 
49 0 
49 0 
49 0 
49 0 
49 0 
49 0 
49 0 
49 0 
49 0 
49 0 
49 0 
49 0 
49 0 
49 0 
50 0 
50 0 
50 0 
50 0 
50 0 
50 0 
50 0 
50 0 
50 0 
50 0 
50 0 
50 0 
50 0 
50 0 
50 0 
50 0 
50 0 
50 0 
50 0 
50 0 
50 0 
50 0 
50 0 
50 0 
50 0 
50 0 
50 0 
50 0 
50 0 
50 0 
50 0 
50 0 
50 0 
50 0 
50 0 
50 0 
50 0 
50 0 
50 0 
50 0 
50 0 
50 0 
50 0 
50 0 
50 0 
50 0 
50 0 
50 0 
50 0 
50 0 
50 0 
50 0 
50 0 
50 0 
50 0 
50 0 
50 0 
50 0 
50 0 
50 0 
50 0 
50 0 
50 0 
50 0 
50 0 
50 0 
50 0 
50 0 
50 0 
50 0 
50 0 
50 0 
50 0 
50 0 
50 0 
50 0 
50 0 
50 0 
50 0 
50 0 
50 0 
50 0 
50 0 
50 0 
50 0 
50 0 
50 0 
50 0 
50 0 
50 0 
50 0 
50 0 
50 0 
50 0 
50 0 
50 0 
50 0 
50 0 
50 7.84 
50 8.81 
50 9.62 
50 10.37 
50 11.19 
50 11.87 
50 12.67 
50 13.23 
50 13.84 
50 14.47 
50 15.11 
50 15.62 
50 16.18 
50 16.69 
50 17.29 
50 17.78 
50 18.28 
50 18.83 
50 19.27 
50 19.6 
50 19.98 
50 20.44 
50 20.87 
50 21.16 
50 21.18 
50 21.41 
50 21.69 
50 22.2 
50 22.57 
50 22.73 
50 23.38 
50 23.5 
50 23.85 
50 24.14 
50 24.5 
50 24.61 
50 24.69 
50 24.84 
50 25.09 
50 25.35 
50 25.23 
50 25.44 
50 25.38 
50 25.38 
50 25.54 
50 25.64 
50 25.55 
50 25.64 
50 25.74 
50 25.61 
50 25.57 
50 25.57 
50 25.51 
50 25.45 
50 25.22 
50 25.4 
50 25.47 
50 25.33 
50 25.21 
50 25.3 
50 25.17 
50 25.07 
50 25.05 
50 24.82 
50 24.55 
50 24.3 
50 24.14 
50 24.09 
50 23.78 
50 23.51 
50 23.2 
50 23.12 
50 22.67 
50 22.39 
50 22.21 
50 21.77 
50 21.48 
50 21.08 
50 20.61 
50 20.27 
50 19.86 
50 19.58 
50 19.07 
50 18.62 
50 18.02 
50 17.57 
50 17.11 
50 16.58 
50 16.13 
50 15.48 
50 14.91 
50 14.41 
50 13.77 
50 13.15 
50 12.52 
50 11.97 
50 11.34 
50 10.67 
50 10.03 
50 9.35 
50 8.67 
50 8.04 
50 7.35 
50 6.56 
50 5.89 
50 0.47 
50 0.49 
50 0.41 
50 0.34 
50 0.32 
50 0.26 
50 0.18 
50 0.14 
50 0.07 
50 0.01 
50 0 
50 0 
50 0 
50 0 
50 0 
50 0 
50 0 
50 0 
50 0 
50 0 
50 0 
50 0 
50 0 
50 0 
50 0 
50 0 
50 0 
50 0 
50 0 
50 0 
50 0 
50 0 
50 0 
50 0 
50 0 
50 0 
50 0 
50 0 
50 0 
50 0 
50 0 
50 0 
50 0 
50 0 
50 0 
50 0 
50 0 
50 0 
50 0 
50 0 
50 0 
50 0 
50 0 
50 0 
50 0 
50 0 
50 0 
50 0 
50 0 
50 0 
50 0 
50 0 
50 0 
50 0 
50 0 
50 0 
50 0 
50 0 
50 0 
50 0 
50 0 
50 0 
50 0 
50 0 
50 0 
50 0 
50 0 
50 0 
50 0 
50 0 
50 0 
50 0 
50 0 
50 0 
50 0 
51 0 
51 0 
51 0 
51 0 
51 0 
51 0 
51 0 
51 0 
51 0 
51 0 
51 0 
51 0 
51 0 
51 0 
51 0 
51 0 
51 0 
51 0 
51 0 
51 0 
51 0 
51 0 
51 0 
51 0 
51 0 
51 0 
51 0 
51 0 
51 0 
51 0 
51 0 
51 0 
51 0 
51 0 
51 0 
51 0 
51 0 
51 0 
51 0 
51 0 
51 0 
51 0 
51 0 
51 0 
51 0 
51 0 
51 0 
51 0 
51 0 
51 0 
51 0 
51 0 
51 0 
51 0 
51 0 
51 0 
51 0 
51 0 
51 0 
51 0 
51 0 
51 0 
51 0 
51 0 
51 0 
51 0 
51 0 
51 0 
51 0 
51 0 
51 0 
51 0 
51 0 
51 0 
51 0 
51 0 
51 0 
51 0 
51 0 
51 0 
51 0 
51 0 
51 0 
51 0 
51 0 
51 0 
51 0 
51 0 
51 0 
51 0 
51 0 
51 0 
51 0 
51 0 
51 0 
51 0 
51 0 
51 0 
51 0 
51 0 
51 0 
51 2.3 
51 2.63 
51 2.75 
51 3.31 
51 3.45 
51 3.56 
51 3.96 
51 4.12 
51 4.08 
51 5.13 
51 6.1 
51 6.87 
51 7.59 
51 7.54 
51 8.2 
51 9.76 
51 9.91 
51 10.03 
51 10.04 
51 9.4 
51 14.15 
51 13.76 
51 10.13 
51 8.11 
51 10.17 
51 12.79 
51 14.83 
51 15.3 
51 9.6 
51 11.11 
51 13.8 
51 17.7 
51 19.34 
51 18.23 
51 19.92 
51 22.14 
51 21.63 
51 20.03 
51 19.44 
51 19.83 
51 15.95 
51 21.4 
51 11.67 
51 13.63 
51 16.34 
51 19.14 
51 28.35 
51 25.2 
51 22.63 
51 27.74 
51 26.12 
51 26.52 
51 25.35 
51 24.53 
51 19.86 
51 18.6 
51 20.98 
51 21.32 
51 18.01 
51 22.68 
51 20.95 
51 19.29 
51 26.11 
51 25.45 
51 25.3 
51 20.2 
51 14.82 
51 18.84 
51 15.95 
51 16.37 
51 20.93 
51 14.29 
51 17.28 
51 17.52 
51 21.19 
51 19.32 
51 16.0 
51 14.75 
51 12.51 
51 12.34 
51 14.82 
51 13.74 
51 11.12 
51 9.25 
51 8.46 
51 10.56 
51 13.26 
51 13.81 
51 10.85 
51 8.32 
51 8.55 
51 11.94 
51 10.54 
51 11.29 
51 7.06 
51 6.3 
51 7.12 
51 7.41 
51 7.48 
51 4.93 
51 4.06 
51 3.77 
51 2.38 
51 1.71 
51 1.37 
51 1.03 
51 0.77 
51 0.57 
51 0.38 
51 0.22 
51 0.12 
51 0.06 
51 0 
51 0 
51 0 
51 0 
51 0 
51 0 
51 0 
51 0 
51 0 
51 0 
51 0 
51 0 
51 0 
51 0 
51 0 
51 0 
51 0 
51 0 
51 0 
51 0 
51 0 
51 0 
51 0 
51 0 
51 0 
51 0 
51 0 
51 0 
51 0 
51 0 
51 0 
51 0 
51 0 
51 0 
51 0 
51 0 
51 0 
51 0 
51 0 
51 0 
51 0 
51 0 
51 0 
51 0 
51 0 
51 0 
51 0 
51 0 
51 0 
51 0 
51 0 
51 0 
51 0 
51 0 
51 0 
51 0 
51 0 
51 0 
51 0 
51 0 
51 0 
51 0 
51 0 
51 0 
51 0 
51 0 
51 0 
51 0 
51 0 
51 0 
51 0 
51 0 
51 0 
51 0 
51 0 
52 0 
52 0 
52 0 
52 0 
52 0 
52 0 
52 0 
52 0 
52 0 
52 0 
52 0 
52 0 
52 0 
52 0 
52 0 
52 0 
52 0 
52 0 
52 0 
52 0 
52 0 
52 0 
52 0 
52 0 
52 0 
52 0 
52 0 
52 0 
52 0 
52 0 
52 0 
52 0 
52 0 
52 0 
52 0 
52 0 
52 0 
52 0 
52 0 
52 0 
52 0 
52 0 
52 0 
52 0 
52 0 
52 0 
52 0 
52 0 
52 0 
52 0 
52 0 
52 0 
52 0 
52 0 
52 0 
52 0 
52 0 
52 0 
52 0 
52 0 
52 0 
52 0 
52 0 
52 0 
52 0 
52 0 
52 0 
52 0 
52 0 
52 0 
52 0 
52 0 
52 0 
52 0 
52 0 
52 0 
52 0 
52 0 
52 0 
52 0 
52 0 
52 0 
52 0 
52 0 
52 0 
52 0 
52 0 
52 0 
52 0 
52 0 
52 0 
52 0 
52 0 
52 0 
52 0 
52 0 
52 0 
52 0 
52 8.67 
52 9.5 
52 10.28 
52 11.05 
52 11.79 
52 12.56 
52 13.27 
52 13.86 
52 14.55 
52 15.13 
52 15.85 
52 16.39 
52 17.09 
52 17.57 
52 18.13 
52 18.67 
52 19.26 
52 19.72 
52 19.83 
52 20.3 
52 20.91 
52 21.63 
52 21.91 
52 22.39 
52 22.8 
52 23.16 
52 23.64 
52 23.84 
52 24.15 
52 24.33 
52 24.47 
52 24.65 
52 24.92 
52 25.17 
52 25.52 
52 25.71 
52 25.86 
52 25.86 
52 26.15 
52 26.39 
52 26.55 
52 26.75 
52 26.89 
52 27.29 
52 27.33 
52 27.5 
52 27.45 
52 27.49 
52 27.68 
52 27.91 
52 27.98 
52 27.92 
52 27.91 
52 27.82 
52 27.77 
52 27.73 
52 27.66 
52 27.7 
52 27.51 
52 27.25 
52 27.12 
52 26.88 
52 26.62 
52 26.92 
52 26.94 
52 27.12 
52 25.89 
52 19.05 
52 26.32 
52 26.61 
52 24.91 
52 24.99 
52 24.75 
52 24.27 
52 24.15 
52 23.49 
52 21.57 
52 23.22 
52 22.48 
52 22.18 
52 21.46 
52 21.22 
52 20.62 
52 20.29 
52 19.73 
52 19.2 
52 18.33 
52 18.08 
52 17.51 
52 17.03 
52 16.69 
52 16.05 
52 6.93 
52 1.44 
52 1.66 
52 7.88 
52 10.39 
52 13.08 
52 7.51 
52 4.28 
52 2.78 
52 7.5 
52 8.67 
52 0.96 
52 1.08 
52 0.52 
52 0.38 
52 0.44 
52 0.78 
52 0.79 
52 1.05 
52 0.72 
52 0.29 
52 0.12 
52 0.01 
52 0 
52 0 
52 0 
52 0 
52 0 
52 0 
52 0 
52 0 
52 0 
52 0 
52 0 
52 0 
52 0 
52 0 
52 0 
52 0 
52 0 
52 0 
52 0 
52 0 
52 0 
52 0 
52 0 
52 0 
52 0 
52 0 
52 0 
52 0 
52 0 
52 0 
52 0 
52 0 
52 0 
52 0 
52 0 
52 0 
52 0 
52 0 
52 0 
52 0 
52 0 
52 0 
52 0 
52 0 
52 0 
52 0 
52 0 
52 0 
52 0 
52 0 
52 0 
52 0 
52 0 
52 0 
52 0 
52 0 
52 0 
52 0 
52 0 
52 0 
52 0 
52 0 
52 0 
52 0 
52 0 
52 0 
52 0 
52 0 
52 0 
52 0 
52 0 
52 0 
52 0 
52 0 
52 0 
53 0 
53 0 
53 0 
53 0 
53 0 
53 0 
53 0 
53 0 
53 0 
53 0 
53 0 
53 0 
53 0 
53 0 
53 0 
53 0 
53 0 
53 0 
53 0 
53 0 
53 0 
53 0 
53 0 
53 0 
53 0 
53 0 
53 0 
53 0 
53 0 
53 0 
53 0 
53 0 
53 0 
53 0 
53 0 
53 0 
53 0 
53 0 
53 0 
53 0 
53 0 
53 0 
53 0 
53 0 
53 0 
53 0 
53 0 
53 0 
53 0 
53 0 
53 0 
53 0 
53 0 
53 0 
53 0 
53 0 
53 0 
53 0 
53 0 
53 0 
53 0 
53 0 
53 0 
53 0 
53 0 
53 0 
53 0 
53 0 
53 0 
53 0 
53 0 
53 0 
53 0 
53 0 
53 0 
53 0 
53 0 
53 0 
53 0 
53 0 
53 0 
53 0 
53 0 
53 0 
53 0 
53 0.06 
53 0.38 
53 0.79 
53 1.18 
53 1.71 
53 2.53 
53 3.64 
53 4.45 
53 5.22 
53 5.97 
53 6.67 
53 7.36 
53 8.08 
53 8.74 
53 9.49 
53 10.24 
53 10.99 
53 11.75 
53 12.47 
53 13.12 
53 13.83 
53 14.42 
53 15.11 
53 15.85 
53 16.35 
53 17.05 
53 17.52 
53 18.11 
53 18.83 
53 19.67 
53 19.62 
53 20.59 
53 21.89 
53 22.1 
53 22.32 
53 22.32 
53 22.49 
53 22.93 
53 23.59 
53 24.14 
53 24.34 
53 24.83 
53 25.2 
53 25.59 
53 25.95 
53 25.95 
53 26.39 
53 26.35 
53 26.73 
53 27.23 
53 27.35 
53 27.37 
53 27.58 
53 27.96 
53 27.92 
53 28.53 
53 8.69 
53 29.54 
53 30.01 
53 30.2 
53 4.98 
53 5.83 
53 5.47 
53 5.05 
53 5.28 
53 5.67 
53 4.41 
53 3.53 
53 3.31 
53 2.07 
53 1.63 
53 0.87 
53 0.72 
53 1.0 
53 0.73 
53 0.59 
53 1.04 
53 1.82 
53 2.38 
53 3.75 
53 5.04 
53 6.05 
53 5.37 
53 3.79 
53 3.26 
53 2.77 
53 2.56 
53 2.03 
53 1.37 
53 0.86 
53 0.57 
53 0.47 
53 0.7 
53 0.66 
53 0.71 
53 1.18 
53 1.59 
53 2.21 
53 2.57 
53 1.9 
53 0.74 
53 0.45 
53 0.6 
53 0.9 
53 1.66 
53 2.45 
53 2.44 
53 2.1 
53 1.96 
53 2.42 
53 2.35 
53 2.38 
53 2.49 
53 2.84 
53 3.29 
53 3.36 
53 3.27 
53 2.6 
53 2.07 
53 1.32 
53 0.93 
53 0.87 
53 0.89 
53 0.73 
53 0.5 
53 0.32 
53 0.17 
53 0.06 
53 0.01 
53 0 
53 0 
53 0 
53 0 
53 0 
53 0 
53 0 
53 0 
53 0 
53 0 
53 0 
53 0 
53 0 
53 0 
53 0 
53 0 
53 0 
53 0 
53 0 
53 0 
53 0 
53 0 
53 0 
53 0 
53 0 
53 0 
53 0 
53 0 
53 0 
53 0 
53 0 
53 0 
53 0 
53 0 
53 0 
53 0 
53 0 
53 0 
53 0 
53 0 
53 0 
53 0 
53 0 
53 0 
53 0 
53 0 
53 0 
53 0 
53 0 
53 0 
53 0 
53 0 
53 0 
53 0 
53 0 
53 0 
53 0 
53 0 
53 0 
53 0 
53 0 
53 0 
53 0 
53 0 
53 0 
53 0 
53 0 
53 0 
53 0 
53 0 
53 0 
53 0 
53 0 
53 0 
54 0 
54 0 
54 0 
54 0 
54 0 
54 0 
54 0 
54 0 
54 0 
54 0 
54 0 
54 0 
54 0 
54 0 
54 0 
54 0 
54 0 
54 0 
54 0 
54 0 
54 0 
54 0 
54 0 
54 0 
54 0 
54 0 
54 0 
54 0 
54 0 
54 0 
54 0 
54 0 
54 0 
54 0 
54 0 
54 0 
54 0 
54 0 
54 0 
54 0 
54 0 
54 0 
54 0 
54 0 
54 0 
54 0 
54 0 
54 0 
54 0 
54 0 
54 0 
54 0 
54 0 
54 0 
54 0 
54 0 
54 0 
54 0 
54 0 
54 0 
54 0 
54 0 
54 0 
54 0 
54 0 
54 0 
54 0 
54 0 
54 0 
54 0 
54 0 
54 0 
54 0 
54 0 
54 0 
54 0 
54 0 
54 0 
54 0 
54 0 
54 0 
54 0 
54 0 
54 0 
54 0.02 
54 0.17 
54 0.69 
54 1.06 
54 1.63 
54 2.46 
54 3.56 
54 4.3 
54 5.02 
54 5.84 
54 6.68 
54 7.31 
54 8.12 
54 8.87 
54 9.65 
54 10.47 
54 11.29 
54 12.13 
54 12.78 
54 13.64 
54 14.36 
54 15.1 
54 15.77 
54 16.35 
54 16.97 
54 17.61 
54 18.29 
54 18.76 
54 19.45 
54 19.97 
54 20.64 
54 21.12 
54 21.64 
54 22.13 
54 22.71 
54 23.1 
54 23.45 
54 23.87 
54 24.33 
54 24.86 
54 25.26 
54 25.4 
54 26.0 
54 26.39 
54 26.7 
54 26.93 
54 27.12 
54 27.31 
54 27.57 
54 27.68 
54 28.09 
54 28.13 
54 28.36 
54 28.23 
54 28.63 
54 28.72 
54 28.87 
54 28.7 
54 29.08 
54 29.04 
54 29.16 
54 28.78 
54 28.88 
54 29.03 
54 29.03 
54 29.06 
54 28.95 
54 28.91 
54 28.61 
54 28.88 
54 28.55 
54 28.58 
54 28.73 
54 28.71 
54 28.7 
54 28.28 
54 28.16 
54 27.87 
54 27.55 
54 27.09 
54 26.77 
54 26.68 
54 26.76 
54 26.29 
54 26.05 
54 25.7 
54 25.25 
54 24.85 
54 24.85 
54 24.9 
54 24.4 
54 24.0 
54 23.35 
54 22.78 
54 22.56 
54 22.29 
54 22.08 
54 21.36 
54 20.92 
54 20.54 
54 20.06 
54 19.44 
54 18.81 
54 18.29 
54 17.73 
54 17.14 
54 16.55 
54 15.8 
54 15.2 
54 14.5 
54 13.73 
54 13.03 
54 12.3 
54 11.55 
54 10.77 
54 10.03 
54 9.21 
54 8.48 
54 7.67 
54 6.74 
54 1.21 
54 0.43 
54 0.44 
54 0.38 
54 0.3 
54 0.26 
54 0.24 
54 0.14 
54 0.08 
54 0.05 
54 0 
54 0 
54 0 
54 0 
54 0 
54 0 
54 0 
54 0 
54 0 
54 0 
54 0 
54 0 
54 0 
54 0 
54 0 
54 0 
54 0 
54 0 
54 0 
54 0 
54 0 
54 0 
54 0 
54 0 
54 0 
54 0 
54 0 
54 0 
54 0 
54 0 
54 0 
54 0 
54 0 
54 0 
54 0 
54 0 
54 0 
54 0 
54 0 
54 0 
54 0 
54 0 
54 0 
54 0 
54 0 
54 0 
54 0 
54 0 
54 0 
54 0 
54 0 
54 0 
54 0 
54 0 
54 0 
54 0 
54 0 
54 0 
54 0 
54 0 
54 0 
54 0 
54 0 
54 0 
54 0 
54 0 
54 0 
54 0 
54 0 
54 0 
54 0 
54 0 
54 0 
54 0 
55 0 
55 0 
55 0 
55 0 
55 0 
55 0 
55 0 
55 0 
55 0 
55 0 
55 0 
55 0 
55 0 
55 0 
55 0 
55 0 
55 0 
55 0 
55 0 
55 0 
55 0 
55 0 
55 0 
55 0 
55 0 
55 0 
55 0 
55 0 
55 0 
55 0 
55 0 
55 0 
55 0 
55 0 
55 0 
55 0 
55 0 
55 0 
55 0 
55 0 
55 0 
55 0 
55 0 
55 0 
55 0 
55 0 
55 0 
55 0 
55 0 
55 0 
55 0 
55 0 
55 0 
55 0 
55 0 
55 0 
55 0 
55 0 
55 0 
55 0 
55 0 
55 0 
55 0 
55 0 
55 0 
55 0 
55 0 
55 0 
55 0 
55 0 
55 0 
55 0 
55 0 
55 0 
55 0 
55 0 
55 0 
55 0 
55 0 
55 0 
55 0 
55 0 
55 0 
55 0 
55 0.03 
55 0.2 
55 0.58 
55 0.98 
55 1.64 
55 2.47 
55 3.66 
55 4.42 
55 5.14 
55 5.96 
55 6.76 
55 7.52 
55 8.26 
55 9.16 
55 9.96 
55 10.7 
55 11.52 
55 12.31 
55 13.08 
55 13.83 
55 14.52 
55 15.2 
55 15.83 
55 16.53 
55 17.17 
55 17.7 
55 18.38 
55 18.94 
55 19.41 
55 20.04 
55 20.46 
55 20.88 
55 21.42 
55 21.86 
55 22.26 
55 22.7 
55 23.03 
55 23.43 
55 23.82 
55 24.16 
55 24.71 
55 24.77 
55 25.16 
55 25.42 
55 25.57 
55 25.86 
55 26.1 
55 26.19 
55 26.51 
55 26.9 
55 27.13 
55 27.36 
55 27.36 
55 27.51 
55 27.59 
55 27.78 
55 27.74 
55 28.08 
55 28.3 
55 28.51 
55 28.65 
55 28.56 
55 28.53 
55 28.52 
55 28.47 
55 28.54 
55 28.69 
55 28.58 
55 28.48 
55 28.3 
55 28.45 
55 28.39 
55 28.11 
55 27.86 
55 27.76 
55 27.5 
55 27.5 
55 27.32 
55 27.14 
55 26.99 
55 26.73 
55 26.3 
55 26.21 
55 25.9 
55 25.9 
55 25.69 
55 22.09 
55 22.47 
55 23.2 
55 25.52 
55 24.71 
55 24.02 
55 23.31 
55 22.58 
55 21.84 
55 22.77 
55 16.97 
55 15.6 
55 13.72 
55 11.51 
55 15.51 
55 11.63 
55 14.91 
55 11.41 
55 12.23 
55 10.67 
55 10.92 
55 9.83 
55 8.17 
55 6.54 
55 6.61 
55 5.0 
55 5.61 
55 5.82 
55 6.26 
55 6.36 
55 5.99 
55 7.1 
55 8.41 
55 7.81 
55 3.05 
55 1.85 
55 1.66 
55 1.46 
55 1.24 
55 1.06 
55 0.85 
55 0.68 
55 0.45 
55 0.26 
55 0.1 
55 0 
55 0 
55 0 
55 0 
55 0 
55 0 
55 0 
55 0 
55 0 
55 0 
55 0 
55 0 
55 0 
55 0 
55 0 
55 0 
55 0 
55 0 
55 0 
55 0 
55 0 
55 0 
55 0 
55 0 
55 0 
55 0 
55 0 
55 0 
55 0 
55 0 
55 0 
55 0 
55 0 
55 0 
55 0 
55 0 
55 0 
55 0 
55 0 
55 0 
55 0 
55 0 
55 0 
55 0 
55 0 
55 0 
55 0 
55 0 
55 0 
55 0 
55 0 
55 0 
55 0 
55 0 
55 0 
55 0 
55 0 
55 0 
55 0 
55 0 
55 0 
55 0 
55 0 
55 0 
55 0 
55 0 
55 0 
55 0 
55 0 
55 0 
55 0 
55 0 
55 0 
56 0 
56 0 
56 0 
56 0 
56 0 
56 0 
56 0 
56 0 
56 0 
56 0 
56 0 
56 0 
56 0 
56 0 
56 0 
56 0 
56 0 
56 0 
56 0 
56 0 
56 0 
56 0 
56 0 
56 0 
56 0 
56 0 
56 0 
56 0 
56 0 
56 0 
56 0 
56 0 
56 0 
56 0 
56 0 
56 0 
56 0 
56 0 
56 0 
56 0 
56 0 
56 0 
56 0 
56 0 
56 0 
56 0 
56 0 
56 0 
56 0 
56 0 
56 0 
56 0 
56 0 
56 0 
56 0 
56 0 
56 0 
56 0 
56 0 
56 0 
56 0 
56 0 
56 0 
56 0 
56 0 
56 0 
56 0 
56 0 
56 0 
56 0 
56 0 
56 0 
56 0 
56 0 
56 0 
56 0 
56 0 
56 0 
56 0 
56 0 
56 0 
56 0 
56 0 
56 0.01 
56 0.1 
56 0.48 
56 0.88 
56 1.3 
56 1.92 
56 2.96 
56 3.85 
56 4.39 
56 5.16 
56 5.87 
56 6.64 
56 7.41 
56 8.14 
56 8.9 
56 9.77 
56 10.41 
56 11.22 
56 12.02 
56 12.72 
56 13.45 
56 14.14 
56 14.93 
56 15.56 
56 16.34 
56 16.84 
56 17.53 
56 18.2 
56 18.65 
56 19.26 
56 19.65 
56 20.09 
56 20.61 
56 21.19 
56 21.67 
56 21.99 
56 22.55 
56 22.85 
56 23.37 
56 23.61 
56 24.0 
56 24.25 
56 24.46 
56 24.56 
56 24.97 
56 25.33 
56 25.54 
56 25.74 
56 26.02 
56 26.23 
56 26.45 
56 26.66 
56 26.81 
56 26.97 
56 27.02 
56 27.41 
56 27.59 
56 27.46 
56 27.6 
56 27.53 
56 27.76 
56 27.75 
56 27.66 
56 27.7 
56 27.55 
56 27.78 
56 27.93 
56 27.78 
56 27.69 
56 27.8 
56 27.61 
56 27.38 
56 27.55 
56 27.36 
56 27.28 
56 26.99 
56 26.95 
56 26.64 
56 26.47 
56 26.41 
56 26.32 
56 26.11 
56 25.81 
56 25.73 
56 25.36 
56 25.25 
56 24.78 
56 24.6 
56 24.23 
56 23.89 
56 23.53 
56 23.25 
56 23.02 
56 22.61 
56 22.16 
56 21.69 
56 21.24 
56 20.94 
56 20.51 
56 19.9 
56 19.35 
56 18.84 
56 18.15 
56 17.73 
56 17.02 
56 16.36 
56 15.75 
56 15.4 
56 14.66 
56 14.04 
56 13.45 
56 12.79 
56 10.84 
56 11.09 
56 10.62 
56 9.68 
56 7.12 
56 7.34 
56 6.95 
56 5.74 
56 3.01 
56 3.24 
56 0.53 
56 0.44 
56 0.41 
56 0.35 
56 0.31 
56 0.31 
56 0.28 
56 0.18 
56 0.1 
56 0.01 
56 0 
56 0 
56 0 
56 0 
56 0 
56 0 
56 0 
56 0 
56 0 
56 0 
56 0 
56 0 
56 0 
56 0 
56 0 
56 0 
56 0 
56 0 
56 0 
56 0 
56 0 
56 0 
56 0 
56 0 
56 0 
56 0 
56 0 
56 0 
56 0 
56 0 
56 0 
56 0 
56 0 
56 0 
56 0 
56 0 
56 0 
56 0 
56 0 
56 0 
56 0 
56 0 
56 0 
56 0 
56 0 
56 0 
56 0 
56 0 
56 0 
56 0 
56 0 
56 0 
56 0 
56 0 
56 0 
56 0 
56 0 
56 0 
56 0 
56 0 
56 0 
56 0 
56 0 
56 0 
56 0 
56 0 
56 0 
56 0 
56 0 
56 0 
56 0 
56 0 
56 0 
57 0 
57 0 
57 0 
57 0 
57 0 
57 0 
57 0 
57 0 
57 0 
57 0 
57 0 
57 0 
57 0 
57 0 
57 0 
57 0 
57 0 
57 0 
57 0 
57 0 
57 0 
57 0 
57 0 
57 0 
57 0 
57 0 
57 0 
57 0 
57 0 
57 0 
57 0 
57 0 
57 0 
57 0 
57 0 
57 0 
57 0 
57 0 
57 0 
57 0 
57 0 
57 0 
57 0 
57 0 
57 0 
57 0 
57 0 
57 0 
57 0 
57 0 
57 0 
57 0 
57 0 
57 0 
57 0 
57 0 
57 0 
57 0 
57 0 
57 0 
57 0 
57 0 
57 0 
57 0 
57 0 
57 0 
57 0 
57 0 
57 0 
57 0 
57 0 
57 0 
57 0 
57 0 
57 0 
57 0 
57 0 
57 0 
57 0 
57 0 
57 0 
57 0 
57 0 
57 0.19 
57 0.53 
57 0.9 
57 1.2 
57 2.27 
57 2.41 
57 3.4 
57 5.0 
57 3.95 
57 4.3 
57 4.1 
57 4.12 
57 3.85 
57 4.98 
57 5.29 
57 6.29 
57 5.69 
57 6.89 
57 7.18 
57 8.6 
57 9.25 
57 8.23 
57 9.03 
57 10.01 
57 9.88 
57 8.98 
57 8.25 
57 7.95 
57 7.07 
57 6.94 
57 6.83 
57 6.89 
57 7.46 
57 8.3 
57 13.0 
57 13.08 
57 10.7 
57 11.81 
57 9.88 
57 12.18 
57 9.81 
57 11.22 
57 17.65 
57 19.32 
57 14.3 
57 12.15 
57 10.01 
57 8.95 
57 8.46 
57 8.59 
57 9.04 
57 9.47 
57 10.36 
57 10.74 
57 10.63 
57 10.76 
57 10.08 
57 11.75 
57 17.57 
57 15.4 
57 20.18 
57 20.26 
57 12.52 
57 11.85 
57 11.59 
57 13.2 
57 15.32 
57 22.81 
57 17.23 
57 23.3 
57 20.36 
57 12.22 
57 12.9 
57 12.12 
57 14.7 
57 18.17 
57 15.47 
57 23.91 
57 16.93 
57 29.28 
57 16.14 
57 14.98 
57 12.88 
57 12.48 
57 11.47 
57 10.31 
57 9.76 
57 10.25 
57 9.95 
57 9.62 
57 9.65 
57 9.86 
57 10.11 
57 9.53 
57 8.28 
57 7.42 
57 6.91 
57 6.61 
57 6.66 
57 6.41 
57 5.65 
57 4.83 
57 4.34 
57 4.1 
57 3.8 
57 3.75 
57 3.75 
57 3.36 
57 2.85 
57 2.37 
57 2.16 
57 2.03 
57 2.04 
57 2.08 
57 1.97 
57 1.6 
57 1.35 
57 1.0 
57 0.74 
57 0.57 
57 0.46 
57 0.44 
57 0.33 
57 0.31 
57 0.3 
57 0.26 
57 0.13 
57 0.05 
57 0 
57 0 
57 0 
57 0 
57 0 
57 0 
57 0 
57 0 
57 0 
57 0 
57 0 
57 0 
57 0 
57 0 
57 0 
57 0 
57 0 
57 0 
57 0 
57 0 
57 0 
57 0 
57 0 
57 0 
57 0 
57 0 
57 0 
57 0 
57 0 
57 0 
57 0 
57 0 
57 0 
57 0 
57 0 
57 0 
57 0 
57 0 
57 0 
57 0 
57 0 
57 0 
57 0 
57 0 
57 0 
57 0 
57 0 
57 0 
57 0 
57 0 
57 0 
57 0 
57 0 
57 0 
57 0 
57 0 
57 0 
57 0 
57 0 
57 0 
57 0 
57 0 
57 0 
57 0 
57 0 
57 0 
57 0 
57 0 
57 0 
57 0 
57 0 
57 0 
57 0 
57 0 
57 0 
57 0 
57 0 
58 0 
58 0 
58 0 
58 0 
58 0 
58 0 
58 0 
58 0 
58 0 
58 0 
58 0 
58 0 
58 0 
58 0 
58 0 
58 0 
58 0 
58 0 
58 0 
58 0 
58 0 
58 0 
58 0 
58 0 
58 0 
58 0 
58 0 
58 0 
58 0 
58 0 
58 0 
58 0 
58 0 
58 0 
58 0 
58 0 
58 0 
58 0 
58 0 
58 0 
58 0 
58 0 
58 0 
58 0 
58 0 
58 0 
58 0 
58 0 
58 0 
58 0 
58 0 
58 0 
58 0 
58 0 
58 0 
58 0 
58 0 
58 0 
58 0 
58 0 
58 0 
58 0 
58 0 
58 0 
58 0 
58 0 
58 0 
58 0 
58 0 
58 0 
58 0 
58 0 
58 0 
58 0 
58 0 
58 0 
58 0 
58 0 
58 0 
58 0 
58 0 
58 0 
58 0 
58 0 
58 0.22 
58 0.61 
58 0.95 
58 1.36 
58 2.39 
58 3.11 
58 3.82 
58 4.38 
58 5.09 
58 5.85 
58 6.59 
58 7.27 
58 8.04 
58 8.78 
58 9.49 
58 10.27 
58 10.89 
58 11.67 
58 12.38 
58 13.03 
58 13.8 
58 14.42 
58 15.0 
58 15.65 
58 16.28 
58 16.83 
58 17.45 
58 17.94 
58 18.5 
58 18.92 
58 19.38 
58 19.97 
58 20.4 
58 20.81 
58 21.36 
58 21.6 
58 22.15 
58 22.42 
58 22.93 
58 23.33 
58 23.5 
58 23.72 
58 24.14 
58 24.47 
58 24.68 
58 24.84 
58 25.26 
58 25.3 
58 25.37 
58 25.49 
58 25.54 
58 25.98 
58 25.9 
58 26.1 
58 26.16 
58 26.28 
58 26.53 
58 26.61 
58 26.79 
58 26.91 
58 26.84 
58 26.78 
58 26.86 
58 26.95 
58 26.97 
58 26.91 
58 26.79 
58 26.92 
58 26.91 
58 26.88 
58 26.81 
58 26.58 
58 26.42 
58 26.42 
58 26.27 
58 26.06 
58 26.0 
58 25.69 
58 25.5 
58 25.39 
58 25.08 
58 24.87 
58 24.62 
58 24.39 
58 24.14 
58 23.97 
58 23.65 
58 23.3 
58 23.02 
58 22.72 
58 22.35 
58 22.08 
58 21.67 
58 21.36 
58 20.94 
58 20.45 
58 20.01 
58 19.63 
58 19.25 
58 18.95 
58 18.22 
58 17.61 
58 17.09 
58 16.6 
58 16.02 
58 15.55 
58 14.92 
58 14.33 
58 13.77 
58 13.04 
58 12.42 
58 11.76 
58 11.1 
58 10.52 
58 9.75 
58 9.12 
58 8.32 
58 7.63 
58 6.9 
58 6.19 
58 5.44 
58 0.61 
58 0.52 
58 0.46 
58 0.41 
58 0.35 
58 0.31 
58 0.24 
58 0.19 
58 0.09 
58 0.04 
58 0 
58 0 
58 0 
58 0 
58 0 
58 0 
58 0 
58 0 
58 0 
58 0 
58 0 
58 0 
58 0 
58 0 
58 0 
58 0 
58 0 
58 0 
58 0 
58 0 
58 0 
58 0 
58 0 
58 0 
58 0 
58 0 
58 0 
58 0 
58 0 
58 0 
58 0 
58 0 
58 0 
58 0 
58 0 
58 0 
58 0 
58 0 
58 0 
58 0 
58 0 
58 0 
58 0 
58 0 
58 0 
58 0 
58 0 
58 0 
58 0 
58 0 
58 0 
58 0 
58 0 
58 0 
58 0 
58 0 
58 0 
58 0 
58 0 
58 0 
58 0 
58 0 
58 0 
58 0 
58 0 
58 0 
58 0 
58 0 
58 0 
58 0 
58 0 
58 0 
58 0 
59 0 
59 0 
59 0 
59 0 
59 0 
59 0 
59 0 
59 0 
59 0 
59 0 
59 0 
59 0 
59 0 
59 0 
59 0 
59 0 
59 0 
59 0 
59 0 
59 0 
59 0 
59 0 
59 0 
59 0 
59 0 
59 0 
59 0 
59 0 
59 0 
59 0 
59 0 
59 0 
59 0 
59 0 
59 0 
59 0 
59 0 
59 0 
59 0 
59 0 
59 0 
59 0 
59 0 
59 0 
59 0 
59 0 
59 0 
59 0 
59 0 
59 0 
59 0 
59 0 
59 0 
59 0 
59 0 
59 0 
59 0 
59 0 
59 0 
59 0 
59 0 
59 0 
59 0 
59 0 
59 0 
59 0 
59 0 
59 0 
59 0 
59 0 
59 0 
59 0 
59 0 
59 0 
59 0 
59 0 
59 0 
59 0 
59 0 
59 0 
59 0 
59 0 
59 0 
59 0.01 
59 0.32 
59 0.63 
59 0.85 
59 1.79 
59 2.66 
59 3.33 
59 4.05 
59 4.5 
59 5.38 
59 6.06 
59 6.79 
59 7.55 
59 8.24 
59 9.03 
59 9.78 
59 10.51 
59 11.26 
59 11.92 
59 12.57 
59 13.21 
59 13.82 
59 14.57 
59 15.21 
59 15.82 
59 16.35 
59 16.99 
59 17.54 
59 18.11 
59 18.55 
59 18.97 
59 19.5 
59 19.88 
59 20.38 
59 20.79 
59 21.27 
59 21.68 
59 21.93 
59 22.36 
59 22.66 
59 23.0 
59 23.29 
59 23.53 
59 23.77 
59 24.23 
59 24.43 
59 24.56 
59 24.75 
59 24.91 
59 25.05 
59 25.29 
59 25.57 
59 25.58 
59 25.75 
59 26.14 
59 26.24 
59 26.34 
59 26.43 
59 26.47 
59 26.75 
59 26.68 
59 26.69 
59 26.75 
59 26.82 
59 27.1 
59 26.95 
59 26.88 
59 26.89 
59 26.79 
59 26.68 
59 26.67 
59 26.58 
59 26.6 
59 26.56 
59 26.17 
59 25.99 
59 25.87 
59 25.28 
59 25.68 
59 25.68 
59 25.37 
59 25.16 
59 24.91 
59 24.73 
59 24.58 
59 23.8 
59 24.15 
59 23.57 
59 23.04 
59 22.22 
59 22.21 
59 21.36 
59 21.52 
59 21.67 
59 21.34 
59 21.07 
59 20.71 
59 20.11 
59 19.64 
59 19.05 
59 17.83 
59 16.87 
59 16.68 
59 16.22 
59 16.31 
59 16.43 
59 15.95 
59 14.29 
59 14.03 
59 12.81 
59 12.03 
59 12.23 
59 10.05 
59 8.81 
59 11.19 
59 10.36 
59 9.38 
59 8.27 
59 6.3 
59 3.86 
59 5.18 
59 4.49 
59 0.99 
59 0.7 
59 0.65 
59 0.58 
59 0.52 
59 0.41 
59 0.27 
59 0.22 
59 0.15 
59 0.06 
59 0 
59 0 
59 0 
59 0 
59 0 
59 0 
59 0 
59 0 
59 0 
59 0 
59 0 
59 0 
59 0 
59 0 
59 0 
59 0 
59 0 
59 0 
59 0 
59 0 
59 0 
59 0 
59 0 
59 0 
59 0 
59 0 
59 0 
59 0 
59 0 
59 0 
59 0 
59 0 
59 0 
59 0 
59 0 
59 0 
59 0 
59 0 
59 0 
59 0 
59 0 
59 0 
59 0 
59 0 
59 0 
59 0 
59 0 
59 0 
59 0 
59 0 
59 0 
59 0 
59 0 
59 0 
59 0 
59 0 
59 0 
59 0 
59 0 
59 0 
59 0 
59 0 
59 0 
59 0 
59 0 
59 0 
59 0 
59 0 
59 0 
59 0 
59 0 
59 0 
59 0 
60 0 
32 0 
32 0 
32 0 
32 0 
32 0 
32 0 
32 0 
32 0 
32 0 
32 0 
32 0 
32 0 
32 0 
32 0 
32 0 
32 0 
32 0 
32 0 
32 0 
32 0 
32 0 
32 0 
32 0 
32 0 
32 0 
32 0 
32 0 
32 0 
32 0 
32 0 
32 0 
32 0 
32 0 
32 0 
32 0 
32 0 
32 0 
32 0 
32 0 
32 0 
32 0 
32 0 
32 0 
32 0 
32 0 
32 0 
32 0 
32 0 
32 0 
32 0 
32 0 
32 0 
32 0 
32 0 
32 0 
32 0 
32 0 
32 0 
32 0 
32 0 
32 0 
32 0 
32 0 
32 0 
32 0 
32 0 
32 0 
32 0 
32 0 
32 0 
32 0 
32 0 
32 0 
32 0 
32 0 
32 0 
32 0 
32 0 
32 0 
32 0 
32 0 
32 0 
32 0 
32 0 
32 0 
32 0 
32 0 
32 0 
32 0 
32 0.01 
32 0.07 
32 0.13 
32 0.22 
32 0.33 
32 0.42 
32 0.64 
32 0.87 
32 1.09 
32 1.29 
32 1.58 
32 1.82 
32 2.14 
32 2.61 
32 3.38 
32 4.09 
32 4.7 
32 5.74 
32 7.09 
32 8.04 
32 9.0 
32 10.02 
32 10.87 
32 11.8 
32 12.63 
32 13.36 
32 14.09 
32 14.8 
32 15.36 
32 16.22 
32 16.8 
32 17.62 
32 18.28 
32 19.18 
32 19.61 
32 20.32 
32 20.72 
32 21.36 
32 21.97 
32 22.63 
32 23.13 
32 23.71 
32 24.73 
32 24.84 
32 25.61 
32 26.37 
32 26.56 
32 26.97 
32 27.41 
32 27.51 
32 0 
32 28.33 
32 28.92 
32 29.1 
32 29.52 
32 30.06 
32 30.31 
32 30.2 
32 30.63 
32 30.86 
32 30.83 
32 31.14 
32 30.84 
32 30.92 
32 31.08 
32 30.91 
32 31.22 
32 31.43 
32 0 
32 0 
32 31.21 
32 31.14 
32 30.67 
32 30.47 
32 30.14 
32 29.95 
32 29.93 
32 29.87 
32 29.2 
32 28.82 
32 28.36 
32 27.99 
32 27.38 
32 26.67 
32 26.11 
32 25.7 
32 25.27 
32 24.66 
32 24.05 
32 23.54 
32 22.99 
32 22.19 
32 21.6 
32 20.86 
32 20.17 
32 19.32 
32 18.77 
32 17.99 
32 17.24 
32 16.38 
32 15.73 
32 14.81 
32 14.19 
32 13.23 
32 12.35 
32 10.57 
32 8.24 
32 2.82 
32 0.46 
32 0.43 
32 0.37 
32 0.34 
32 0.33 
32 0.26 
32 0.23 
32 0.13 
32 0.13 
32 0.08 
32 0.04 
32 0 
32 0 
32 0 
32 0 
32 0 
32 0 
32 0 
32 0 
32 0 
32 0 
32 0 
32 0 
32 0 
32 0 
32 0 
32 0 
32 0 
32 0 
32 0 
32 0 
32 0 
32 0 
32 0 
32 0 
32 0 
32 0 
32 0 
32 0 
32 0 
32 0 
32 0 
32 0 
32 0 
32 0 
32 0 
32 0 
32 0 
32 0 
32 0 
32 0 
32 0 
32 0 
32 0 
32 0 
32 0 
32 0 
32 0 
32 0 
32 0 
32 0 
32 0 
32 0 
32 0 
32 0 
32 0 
32 0 
32 0 
32 0 
32 0 
32 0 
32 0 
32 0 
32 0 
32 0 
32 0 
32 0 
32 0 
32 0 
32 0 
32 0 
32 0 
32 0 
32 0 
32 0 
32 0 
32 0 
32 0 
32 0 
32 0 
33 0 
33 0 
33 0 
33 0 
33 0 
33 0 
33 0 
33 0 
33 0 
33 0 
33 0 
33 0 
33 0 
33 0 
33 0 
33 0 
33 0 
33 0 
33 0 
33 0 
33 0 
33 0 
33 0 
33 0 
33 0 
33 0 
33 0 
33 0 
33 0 
33 0 
33 0 
33 0 
33 0 
33 0 
33 0 
33 0 
33 0 
33 0 
33 0 
33 0 
33 0 
33 0 
33 0 
33 0 
33 0 
33 0 
33 0 
33 0 
33 0 
33 0 
33 0 
33 0 
33 0 
33 0 
33 0 
33 0 
33 0 
33 0 
33 0 
33 0 
33 0 
33 0 
33 0 
33 0 
33 0 
33 0 
33 0 
33 0 
33 0 
33 0 
33 0 
33 0 
33 0 
33 0 
33 0 
33 0 
33 0 
33 0 
33 0 
33 0 
33 0 
33 0 
33 0 
33 0 
33 0 
33 0 
33 0 
33 0 
33 0 
33 0 
33 0.01 
33 0.04 
33 0.19 
33 0.21 
33 0.3 
33 0.42 
33 0.63 
33 0.86 
33 1.04 
33 1.29 
33 1.53 
33 1.77 
33 2.07 
33 2.59 
33 3.16 
33 3.89 
33 4.59 
33 5.74 
33 7.02 
33 7.9 
33 8.84 
33 9.88 
33 10.7 
33 11.44 
33 12.35 
33 13.12 
33 13.84 
33 14.38 
33 15.13 
33 15.89 
33 16.69 
33 17.36 
33 17.98 
33 18.79 
33 19.42 
33 19.93 
33 20.63 
33 21.15 
33 21.53 
33 22.4 
33 22.69 
33 23.13 
33 24.16 
33 25.21 
33 26.46 
33 26.6 
33 23.91 
33 27.07 
33 27.33 
33 27.85 
33 27.86 
33 27.75 
33 27.99 
33 28.82 
33 30.13 
33 30.4 
33 31.01 
33 28.15 
33 30.77 
33 30.54 
33 30.84 
33 30.65 
33 30.72 
33 30.69 
33 30.88 
33 30.82 
33 30.8 
33 30.88 
33 30.89 
33 30.74 
33 30.74 
33 30.54 
33 30.3 
33 30.08 
33 30.08 
33 29.58 
33 29.26 
33 28.83 
33 28.53 
33 27.96 
33 27.95 
33 27.33 
33 26.89 
33 26.4 
33 25.8 
33 25.14 
33 24.56 
33 24.02 
33 23.72 
33 23.19 
33 22.05 
33 21.86 
33 20.81 
33 20.88 
33 19.96 
33 20.33 
33 19.97 
33 19.39 
33 15.67 
33 13.68 
33 14.8 
33 11.42 
33 8.19 
33 8.83 
33 8.25 
33 6.12 
33 6.02 
33 3.55 
33 2.03 
33 1.43 
33 0.96 
33 0.56 
33 0.35 
33 0.28 
33 0.2 
33 0.17 
33 0.1 
33 0.04 
33 0.02 
33 0 
33 0 
33 0 
33 0 
33 0 
33 0 
33 0 
33 0 
33 0 
33 0 
33 0 
33 0 
33 0 
33 0 
33 0 
33 0 
33 0 
33 0 
33 0 
33 0 
33 0 
33 0 
33 0 
33 0 
33 0 
33 0 
33 0 
33 0 
33 0 
33 0 
33 0 
33 0 
33 0 
33 0 
33 0 
33 0 
33 0 
33 0 
33 0 
33 0 
33 0 
33 0 
33 0 
33 0 
33 0 
33 0 
33 0 
33 0 
33 0 
33 0 
33 0 
33 0 
33 0 
33 0 
33 0 
33 0 
33 0 
33 0 
33 0 
33 0 
33 0 
33 0 
33 0 
33 0 
33 0 
33 0 
33 0 
33 0 
33 0 
33 0 
33 0 
33 0 
33 0 
33 0 
33 0 
33 0 
33 0 
33 0 
33 0 
34 0 
34 0 
34 0 
34 0 
34 0 
34 0 
34 0 
34 0 
34 0 
34 0 
34 0 
34 0 
34 0 
34 0 
34 0 
34 0 
34 0 
34 0 
34 0 
34 0 
34 0 
34 0 
34 0 
34 0 
34 0 
34 0 
34 0 
34 0 
34 0 
34 0 
34 0 
34 0 
34 0 
34 0 
34 0 
34 0 
34 0 
34 0 
34 0 
34 0 
34 0 
34 0 
34 0 
34 0 
34 0 
34 0 
34 0 
34 0 
34 0 
34 0 
34 0 
34 0 
34 0 
34 0 
34 0 
34 0 
34 0 
34 0 
34 0 
34 0 
34 0 
34 0 
34 0 
34 0 
34 0 
34 0 
34 0 
34 0 
34 0 
34 0 
34 0 
34 0 
34 0 
34 0 
34 0 
34 0 
34 0 
34 0 
34 0 
34 0 
34 0 
34 0 
34 0 
34 0 
34 0 
34 0 
34 0 
34 0 
34 0 
34 0.08 
34 0.16 
34 0.23 
34 0.28 
34 0.48 
34 0.67 
34 0.85 
34 1.14 
34 1.56 
34 1.89 
34 2.3 
34 2.53 
34 3.71 
34 4.08 
34 5.36 
34 6.45 
34 7.15 
34 7.85 
34 7.21 
34 5.98 
34 8.3 
34 10.03 
34 7.21 
34 8.37 
34 6.25 
34 8.52 
34 12.77 
34 6.3 
34 8.0 
34 9.94 
34 8.11 
34 7.54 
34 9.68 
34 13.9 
34 16.51 
34 20.28 
34 21.83 
34 23.34 
34 15.19 
34 9.83 
34 10.25 
34 14.56 
34 20.0 
34 17.46 
34 19.49 
34 18.66 
34 24.8 
34 22.84 
34 21.37 
34 17.99 
34 24.31 
34 23.95 
34 22.26 
34 17.62 
34 18.08 
34 14.42 
34 15.21 
34 24.14 
34 25.42 
34 27.01 
34 26.19 
34 26.45 
34 26.07 
34 27.28 
34 25.77 
34 14.05 
34 18.91 
34 14.87 
34 14.33 
34 16.78 
34 15.63 
34 15.01 
34 15.83 
34 10.12 
34 19.72 
34 29.4 
34 25.79 
34 20.86 
34 23.47 
34 14.27 
34 25.6 
34 25.23 
34 27.32 
34 26.21 
34 25.51 
34 24.86 
34 24.34 
34 23.81 
34 23.29 
34 22.6 
34 22.05 
34 21.57 
34 20.99 
34 17.46 
34 11.97 
34 15.98 
34 18.49 
34 17.75 
34 13.0 
34 8.82 
34 2.0 
34 5.97 
34 14.18 
34 13.31 
34 12.3 
34 11.41 
34 10.51 
34 9.12 
34 5.34 
34 0.61 
34 0.54 
34 0.52 
34 0.41 
34 0.32 
34 0.27 
34 0.21 
34 0.11 
34 0.1 
34 0.03 
34 0 
34 0 
34 0 
34 0 
34 0 
34 0 
34 0 
34 0 
34 0 
34 0 
34 0 
34 0 
34 0 
34 0 
34 0 
34 0 
34 0 
34 0 
34 0 
34 0 
34 0 
34 0 
34 0 
34 0 
34 0 
34 0 
34 0 
34 0 
34 0 
34 0 
34 0 
34 0 
34 0 
34 0 
34 0 
34 0 
34 0 
34 0 
34 0 
34 0 
34 0 
34 0 
34 0 
34 0 
34 0 
34 0 
34 0 
34 0 
34 0 
34 0 
34 0 
34 0 
34 0 
34 0 
34 0 
34 0 
34 0 
34 0 
34 0 
34 0 
34 0 
34 0 
34 0 
34 0 
34 0 
34 0 
34 0 
34 0 
34 0 
34 0 
34 0 
34 0 
34 0 
34 0 
34 0 
34 0 
34 0 
34 0 
34 0 
34 0 
35 0 
35 0 
35 0 
35 0 
35 0 
35 0 
35 0 
35 0 
35 0 
35 0 
35 0 
35 0 
35 0 
35 0 
35 0 
35 0 
35 0 
35 0 
35 0 
35 0 
35 0 
35 0 
35 0 
35 0 
35 0 
35 0 
35 0 
35 0 
35 0 
35 0 
35 0 
35 0 
35 0 
35 0 
35 0 
35 0 
35 0 
35 0 
35 0 
35 0 
35 0 
35 0 
35 0 
35 0 
35 0 
35 0 
35 0 
35 0 
35 0 
35 0 
35 0 
35 0 
35 0 
35 0 
35 0 
35 0 
35 0 
35 0 
35 0 
35 0 
35 0 
35 0 
35 0 
35 0 
35 0 
35 0 
35 0 
35 0 
35 0 
35 0 
35 0 
35 0 
35 0 
35 0 
35 0 
35 0 
35 0 
35 0 
35 0 
35 0 
35 0 
35 0 
35 0 
35 0 
35 0 
35 0 
35 0 
35 0 
35 0 
35 0 
35 0 
35 0 
35 0 
35 0 
35 0 
35 0 
35 0 
35 0 
35 0 
35 0 
35 0 
35 0 
35 0 
35 0 
35 3.35 
35 4.33 
35 4.98 
35 6.3 
35 7.41 
35 8.32 
35 9.2 
35 9.92 
35 10.58 
35 11.37 
35 12.04 
35 12.7 
35 13.36 
35 13.81 
35 14.54 
35 15.34 
35 15.9 
35 16.73 
35 17.27 
35 17.86 
35 18.71 
35 19.02 
35 19.53 
35 20.27 
35 20.72 
35 21.32 
35 21.5 
35 22.04 
35 22.83 
35 22.71 
35 23.49 
35 23.95 
35 24.21 
35 24.67 
35 24.97 
35 25.09 
35 25.64 
35 25.94 
35 26.25 
35 26.22 
35 26.78 
35 27.01 
35 27.27 
35 26.95 
35 27.68 
35 27.76 
35 27.98 
35 28.12 
35 28.27 
35 28.52 
35 28.53 
35 28.47 
35 28.57 
35 28.6 
35 28.58 
35 28.63 
35 28.64 
35 28.39 
35 28.12 
35 28.18 
35 27.62 
35 27.46 
35 27.04 
35 26.8 
35 26.35 
35 25.79 
35 25.84 
35 25.46 
35 24.97 
35 24.55 
35 24.09 
35 23.44 
35 23.03 
35 22.54 
35 21.91 
35 21.29 
35 20.58 
35 20.25 
35 19.58 
35 18.88 
35 18.07 
35 17.6 
35 16.96 
35 16.08 
35 15.41 
35 14.44 
35 13.36 
35 12.81 
35 12.3 
35 11.53 
35 10.94 
35 10.01 
35 9.2 
35 6.59 
35 0.97 
35 0.91 
35 0.92 
35 0.96 
35 1.02 
35 0.9 
35 0.69 
35 0.44 
35 0.22 
35 0.1 
35 0.01 
35 0 
35 0 
35 0 
35 0 
35 0 
35 0 
35 0 
35 0 
35 0 
35 0 
35 0 
35 0 
35 0 
35 0 
35 0 
35 0 
35 0 
35 0 
35 0 
35 0 
35 0 
35 0 
35 0 
35 0 
35 0 
35 0 
35 0 
35 0 
35 0 
35 0 
35 0 
35 0 
35 0 
35 0 
35 0 
35 0 
35 0 
35 0 
35 0 
35 0 
35 0 
35 0 
35 0 
35 0 
35 0 
35 0 
35 0 
35 0 
35 0 
35 0 
35 0 
35 0 
35 0 
35 0 
35 0 
35 0 
35 0 
35 0 
35 0 
35 0 
35 0 
35 0 
35 0 
35 0 
35 0 
35 0 
35 0 
35 0 
35 0 
35 0 
35 0 
35 0 
35 0 
35 0 
35 0 
35 0 
35 0 
35 0 
35 0 
36 0 
36 0 
36 0 
36 0 
36 0 
36 0 
36 0 
36 0 
36 0 
36 0 
36 0 
36 0 
36 0 
36 0 
36 0 
36 0 
36 0 
36 0 
36 0 
36 0 
36 0 
36 0 
36 0 
36 0 
36 0 
36 0 
36 0 
36 0 
36 0 
36 0 
36 0 
36 0 
36 0 
36 0 
36 0 
36 0 
36 0 
36 0 
36 0 
36 0 
36 0 
36 0 
36 0 
36 0 
36 0 
36 0 
36 0 
36 0 
36 0 
36 0 
36 0 
36 0 
36 0 
36 0 
36 0 
36 0 
36 0 
36 0 
36 0 
36 0 
36 0 
36 0 
36 0 
36 0 
36 0 
36 0 
36 0 
36 0 
36 0 
36 0 
36 0 
36 0 
36 0 
36 0 
36 0 
36 0 
36 0 
36 0 
36 0 
36 0 
36 0 
36 0 
36 0 
36 0 
36 0 
36 0 
36 0 
36 0 
36 0 
36 0 
36 0 
36 0 
36 0 
36 0 
36 0 
36 0 
36 0 
36 0 
36 0 
36 0 
36 0 
36 0 
36 0 
36 0 
36 0 
36 0 
36 0 
36 0 
36 0 
36 0 
36 6.91 
36 7.41 
36 7.42 
36 8.41 
36 9.61 
36 9.92 
36 10.69 
36 11.68 
36 12.94 
36 13.93 
36 14.69 
36 15.07 
36 16.21 
36 16.15 
36 17.58 
36 17.46 
36 17.87 
36 17.29 
36 18.1 
36 20.15 
36 21.14 
36 0 
36 0 
36 0 
36 0 
36 18.19 
36 20.3 
36 23.12 
36 25.17 
36 26.33 
36 25.13 
36 25.15 
36 24.93 
36 26.34 
36 26.96 
36 26.82 
36 25.48 
36 26.0 
36 26.81 
36 26.98 
36 27.36 
36 26.95 
36 28.73 
36 29.59 
36 29.42 
36 29.37 
36 29.26 
36 29.23 
36 28.23 
36 28.72 
36 28.63 
36 28.47 
36 28.72 
36 27.72 
36 28.26 
36 27.05 
36 28.01 
36 27.38 
36 27.15 
36 26.88 
36 26.22 
36 25.94 
36 25.5 
36 25.07 
36 24.49 
36 24.21 
36 23.15 
36 23.16 
36 22.51 
36 21.96 
36 21.59 
36 20.81 
36 20.2 
36 19.61 
36 18.79 
36 18.27 
36 17.38 
36 16.67 
36 16.0 
36 15.26 
36 14.5 
36 13.71 
36 0 
36 0 
36 0 
36 0 
36 9.73 
36 8.42 
36 0.88 
36 0.6 
36 0.55 
36 0.5 
36 0.46 
36 0.42 
36 0.3 
36 0.27 
36 0.19 
36 0.13 
36 0.04 
36 0.02 
36 0 
36 0 
36 0 
36 0 
36 0 
36 0 
36 0 
36 0 
36 0 
36 0 
36 0 
36 0 
36 0 
36 0 
36 0 
36 0 
36 0 
36 0 
36 0 
36 0 
36 0 
36 0 
36 0 
36 0 
36 0 
36 0 
36 0 
36 0 
36 0 
36 0 
36 0 
36 0 
36 0 
36 0 
36 0 
36 0 
36 0 
36 0 
36 0 
36 0 
36 0 
36 0 
36 0 
36 0 
36 0 
36 0 
36 0 
36 0 
36 0 
36 0 
36 0 
36 0 
36 0 
36 0 
36 0 
36 0 
36 0 
36 0 
36 0 
36 0 
36 0 
36 0 
36 0 
36 0 
36 0 
36 0 
36 0 
36 0 
36 0 
36 0 
36 0 
36 0 
36 0 
36 0 
36 0 
36 0 
36 0 
36 0 
37 0 
37 0 
37 0 
37 0 
37 0 
37 0 
37 0 
37 0 
37 0 
37 0 
37 0 
37 0 
37 0 
37 0 
37 0 
37 0 
37 0 
37 0 
37 0 
37 0 
37 0 
37 0 
37 0 
37 0 
37 0 
37 0 
37 0 
37 0 
37 0 
37 0 
37 0 
37 0 
37 0 
37 0 
37 0 
37 0 
37 0 
37 0 
37 0 
37 0 
37 0 
37 0 
37 0 
37 0 
37 0 
37 0 
37 0 
37 0 
37 0 
37 0 
37 0 
37 0 
37 0 
37 0 
37 0 
37 0 
37 0 
37 0 
37 0 
37 0 
37 0 
37 0 
37 0 
37 0 
37 0 
37 0 
37 0 
37 0 
37 0 
37 0 
37 0 
37 0 
37 0 
37 0 
37 0 
37 0 
37 0 
37 0 
37 0 
37 0 
37 0 
37 0 
37 0 
37 0 
37 0 
37 0 
37 0 
37 0 
37 0 
37 0 
37 0.05 
37 0.17 
37 0.27 
37 0.36 
37 0.53 
37 0.68 
37 0.9 
37 1.18 
37 1.38 
37 1.56 
37 1.83 
37 2.1 
37 2.44 
37 2.99 
37 3.84 
37 4.63 
37 5.48 
37 6.68 
37 7.84 
37 8.81 
37 9.66 
37 10.64 
37 11.34 
37 11.96 
37 12.72 
37 13.38 
37 13.94 
37 14.57 
37 15.24 
37 15.99 
37 16.76 
37 17.49 
37 17.71 
37 18.71 
37 19.43 
37 19.69 
37 20.37 
37 21.03 
37 21.32 
37 21.96 
37 22.16 
37 22.97 
37 23.78 
37 24.05 
37 24.4 
37 24.83 
37 25.02 
37 25.49 
37 25.98 
37 26.3 
37 26.37 
37 26.94 
37 27.38 
37 27.55 
37 27.73 
37 27.91 
37 28.31 
37 28.5 
37 28.52 
37 28.53 
37 28.17 
37 29.11 
37 29.0 
37 29.13 
37 29.32 
37 29.2 
37 29.07 
37 29.56 
37 29.34 
37 29.5 
37 29.25 
37 28.92 
37 28.81 
37 28.67 
37 28.58 
37 28.33 
37 27.56 
37 27.57 
37 27.14 
37 26.88 
37 26.61 
37 26.0 
37 25.75 
37 25.27 
37 24.88 
37 24.34 
37 23.98 
37 23.31 
37 22.98 
37 22.26 
37 21.87 
37 21.13 
37 20.57 
37 19.99 
37 19.24 
37 18.63 
37 17.9 
37 17.21 
37 16.45 
37 15.72 
37 15.03 
37 14.35 
37 13.56 
37 12.81 
37 12.06 
37 11.2 
37 10.34 
37 9.47 
37 1.32 
37 0.53 
37 0.49 
37 0.46 
37 0.4 
37 0.35 
37 0.3 
37 0.25 
37 0.18 
37 0.11 
37 0.1 
37 0.05 
37 0 
37 0 
37 0 
37 0 
37 0 
37 0 
37 0 
37 0 
37 0 
37 0 
37 0 
37 0 
37 0 
37 0 
37 0 
37 0 
37 0 
37 0 
37 0 
37 0 
37 0 
37 0 
37 0 
37 0 
37 0 
37 0 
37 0 
37 0 
37 0 
37 0 
37 0 
37 0 
37 0 
37 0 
37 0 
37 0 
37 0 
37 0 
37 0 
37 0 
37 0 
37 0 
37 0 
37 0 
37 0 
37 0 
37 0 
37 0 
37 0 
37 0 
37 0 
37 0 
37 0 
37 0 
37 0 
37 0 
37 0 
37 0 
37 0 
37 0 
37 0 
37 0 
37 0 
37 0 
37 0 
37 0 
37 0 
37 0 
37 0 
37 0 
37 0 
37 0 
37 0 
37 0 
37 0 
37 0 
37 0 
37 0 
38 0 
38 0 
38 0 
38 0 
38 0 
38 0 
38 0 
38 0 
38 0 
38 0 
38 0 
38 0 
38 0 
38 0 
38 0 
38 0 
38 0 
38 0 
38 0 
38 0 
38 0 
38 0 
38 0 
38 0 
38 0 
38 0 
38 0 
38 0 
38 0 
38 0 
38 0 
38 0 
38 0 
38 0 
38 0 
38 0 
38 0 
38 0 
38 0 
38 0 
38 0 
38 0 
38 0 
38 0 
38 0 
38 0 
38 0 
38 0 
38 0 
38 0 
38 0 
38 0 
38 0 
38 0 
38 0 
38 0 
38 0 
38 0 
38 0 
38 0 
38 0 
38 0 
38 0 
38 0 
38 0 
38 0 
38 0 
38 0 
38 0 
38 0 
38 0 
38 0 
38 0 
38 0 
38 0 
38 0 
38 0 
38 0 
38 0 
38 0 
38 0 
38 0 
38 0 
38 0 
38 0 
38 0 
38 0 
38 0 
38 0 
38 0 
38 0 
38 0 
38 0 
38 0 
38 0 
38 0 
38 0 
38 0 
38 0 
38 0 
38 0 
38 0 
38 0 
38 0 
38 0 
38 0 
38 0 
38 0 
38 0 
38 8.5 
38 9.53 
38 10.47 
38 10.97 
38 11.72 
38 12.47 
38 13.03 
38 13.75 
38 14.34 
38 15.0 
38 15.75 
38 16.28 
38 17.1 
38 17.56 
38 18.28 
38 19.04 
38 19.38 
38 20.02 
38 20.56 
38 21.07 
38 21.65 
38 22.03 
38 22.44 
38 23.23 
38 23.36 
38 23.71 
38 24.33 
38 24.71 
38 24.9 
38 25.25 
38 25.49 
38 26.01 
38 26.53 
38 27.02 
38 27.57 
38 27.8 
38 28.0 
38 28.26 
38 28.42 
38 28.67 
38 28.66 
38 28.81 
38 29.03 
38 28.89 
38 29.3 
38 29.21 
38 29.12 
38 28.87 
38 29.15 
38 28.97 
38 29.02 
38 28.79 
38 28.53 
38 28.38 
38 28.19 
38 28.03 
38 27.79 
38 27.57 
38 27.23 
38 26.87 
38 26.48 
38 26.11 
38 25.7 
38 25.48 
38 24.86 
38 24.45 
38 23.97 
38 23.45 
38 22.9 
38 22.47 
38 21.83 
38 21.42 
38 20.84 
38 20.39 
38 19.71 
38 19.13 
38 18.45 
38 17.81 
38 17.25 
38 16.49 
38 15.71 
38 14.98 
38 14.15 
38 13.48 
38 12.73 
38 11.86 
38 11.15 
38 10.26 
38 9.4 
38 1.87 
38 0.57 
38 0.52 
38 0.46 
38 0.44 
38 0.39 
38 0.31 
38 0.27 
38 0.18 
38 0.16 
38 0.1 
38 0.05 
38 0 
38 0 
38 0 
38 0 
38 0 
38 0 
38 0 
38 0 
38 0 
38 0 
38 0 
38 0 
38 0 
38 0 
38 0 
38 0 
38 0 
38 0 
38 0 
38 0 
38 0 
38 0 
38 0 
38 0 
38 0 
38 0 
38 0 
38 0 
38 0 
38 0 
38 0 
38 0 
38 0 
38 0 
38 0 
38 0 
38 0 
38 0 
38 0 
38 0 
38 0 
38 0 
38 0 
38 0 
38 0 
38 0 
38 0 
38 0 
38 0 
38 0 
38 0 
38 0 
38 0 
38 0 
38 0 
38 0 
38 0 
38 0 
38 0 
38 0 
38 0 
38 0 
38 0 
38 0 
38 0 
38 0 
38 0 
38 0 
38 0 
38 0 
38 0 
38 0 
38 0 
38 0 
38 0 
38 0 
38 0 
38 0 
39 0 
39 0 
39 0 
39 0 
39 0 
39 0 
39 0 
39 0 
39 0 
39 0 
39 0 
39 0 
39 0 
39 0 
39 0 
39 0 
39 0 
39 0 
39 0 
39 0 
39 0 
39 0 
39 0 
39 0 
39 0 
39 0 
39 0 
39 0 
39 0 
39 0 
39 0 
39 0 
39 0 
39 0 
39 0 
39 0 
39 0 
39 0 
39 0 
39 0 
39 0 
39 0 
39 0 
39 0 
39 0 
39 0 
39 0 
39 0 
39 0 
39 0 
39 0 
39 0 
39 0 
39 0 
39 0 
39 0 
39 0 
39 0 
39 0 
39 0 
39 0 
39 0 
39 0 
39 0 
39 0 
39 0 
39 0 
39 0 
39 0 
39 0 
39 0 
39 0 
39 0 
39 0 
39 0 
39 0 
39 0 
39 0 
39 0 
39 0 
39 0 
39 0 
39 0 
39 0 
39 0 
39 0 
39 0 
39 0 
39 0 
39 0 
39 0 
39 0 
39 0 
39 0 
39 0 
39 0 
39 0 
39 0 
39 0 
39 0 
39 0 
39 0 
39 0 
39 0 
39 0 
39 0 
39 0 
39 0 
39 0 
39 8.63 
39 9.72 
39 10.57 
39 11.24 
39 11.93 
39 12.49 
39 13.18 
39 13.87 
39 14.47 
39 15.18 
39 16.08 
39 16.65 
39 17.37 
39 17.81 
39 18.45 
39 19.16 
39 19.38 
39 20.02 
39 20.7 
39 21.01 
39 21.89 
39 22.29 
39 22.74 
39 23.46 
39 23.84 
39 23.96 
39 24.5 
39 25.04 
39 25.34 
39 25.54 
39 26.04 
39 26.31 
39 26.84 
39 27.01 
39 27.52 
39 27.64 
39 27.83 
39 28.04 
39 28.33 
39 28.25 
39 28.46 
39 28.6 
39 28.72 
39 28.67 
39 29.05 
39 28.87 
39 28.99 
39 28.91 
39 29.06 
39 28.97 
39 28.89 
39 28.84 
39 28.44 
39 28.34 
39 28.11 
39 27.85 
39 27.82 
39 27.49 
39 27.25 
39 26.78 
39 26.66 
39 26.19 
39 25.72 
39 25.3 
39 24.79 
39 24.51 
39 23.92 
39 23.42 
39 23.03 
39 22.41 
39 22.01 
39 21.41 
39 20.84 
39 20.2 
39 19.73 
39 19.09 
39 18.4 
39 17.65 
39 16.99 
39 16.32 
39 15.57 
39 14.85 
39 14.11 
39 13.3 
39 12.56 
39 11.74 
39 10.94 
39 10.2 
39 9.38 
39 2.7 
39 0.62 
39 0.6 
39 0.54 
39 0.47 
39 0.47 
39 0.36 
39 0.34 
39 0.26 
39 0.18 
39 0.09 
39 0.09 
39 0.05 
39 0 
39 0 
39 0 
39 0 
39 0 
39 0 
39 0 
39 0 
39 0 
39 0 
39 0 
39 0 
39 0 
39 0 
39 0 
39 0 
39 0 
39 0 
39 0 
39 0 
39 0 
39 0 
39 0 
39 0 
39 0 
39 0 
39 0 
39 0 
39 0 
39 0 
39 0 
39 0 
39 0 
39 0 
39 0 
39 0 
39 0 
39 0 
39 0 
39 0 
39 0 
39 0 
39 0 
39 0 
39 0 
39 0 
39 0 
39 0 
39 0 
39 0 
39 0 
39 0 
39 0 
39 0 
39 0 
39 0 
39 0 
39 0 
39 0 
39 0 
39 0 
39 0 
39 0 
39 0 
39 0 
39 0 
39 0 
39 0 
39 0 
39 0 
39 0 
39 0 
39 0 
39 0 
39 0 
39 0 
39 0 
40 0 
40 0 
40 0 
40 0 
40 0 
40 0 
40 0 
40 0 
40 0 
40 0 
40 0 
40 0 
40 0 
40 0 
40 0 
40 0 
40 0 
40 0 
40 0 
40 0 
40 0 
40 0 
40 0 
40 0 
40 0 
40 0 
40 0 
40 0 
40 0 
40 0 
40 0 
40 0 
40 0 
40 0 
40 0 
40 0 
40 0 
40 0 
40 0 
40 0 
40 0 
40 0 
40 0 
40 0 
40 0 
40 0 
40 0 
40 0 
40 0 
40 0 
40 0 
40 0 
40 0 
40 0 
40 0 
40 0 
40 0 
40 0 
40 0 
40 0 
40 0 
40 0 
40 0 
40 0 
40 0 
40 0 
40 0 
40 0 
40 0 
40 0 
40 0 
40 0 
40 0 
40 0 
40 0 
40 0 
40 0 
40 0 
40 0 
40 0 
40 0 
40 0 
40 0 
40 0 
40 0 
40 0 
40 0 
40 0 
40 0 
40 0.03 
40 0.13 
40 0.21 
40 0.35 
40 0.57 
40 0.67 
40 0.96 
40 1.21 
40 1.46 
40 1.78 
40 2.42 
40 2.95 
40 3.69 
40 4.29 
40 5.06 
40 7.29 
40 8.8 
40 10.24 
40 10.32 
40 11.35 
40 9.67 
40 8.87 
40 9.34 
40 9.65 
40 8.5 
40 7.24 
40 6.43 
40 6.25 
40 6.64 
40 6.64 
40 8.25 
40 14.79 
40 16.55 
40 12.43 
40 13.2 
40 20.53 
40 20.6 
40 20.43 
40 20.99 
40 21.62 
40 21.18 
40 20.38 
40 23.43 
40 21.89 
40 21.14 
40 20.29 
40 24.29 
40 25.62 
40 25.63 
40 26.55 
40 26.96 
40 25.32 
40 27.69 
40 27.47 
40 28.15 
40 28.82 
40 28.04 
40 29.14 
40 31.17 
40 29.44 
40 28.48 
40 13.69 
40 17.16 
40 19.32 
40 9.88 
40 22.01 
40 22.23 
40 16.37 
40 27.07 
40 24.86 
40 29.6 
40 28.63 
40 29.06 
40 29.3 
40 29.11 
40 28.88 
40 28.74 
40 28.21 
40 27.79 
40 27.24 
40 26.94 
40 26.58 
40 26.23 
40 25.84 
40 25.42 
40 25.06 
40 24.78 
40 24.28 
40 23.92 
40 23.53 
40 23.31 
40 23.01 
40 22.56 
40 22.18 
40 15.24 
40 20.74 
40 20.02 
40 15.04 
40 10.56 
40 10.86 
40 11.38 
40 8.78 
40 14.17 
40 14.3 
40 13.09 
40 12.06 
40 11.22 
40 10.43 
40 9.55 
40 4.07 
40 0.63 
40 0.56 
40 0.5 
40 0.37 
40 0.33 
40 0.24 
40 0.15 
40 0.08 
40 0.05 
40 0.05 
40 0 
40 0 
40 0 
40 0 
40 0 
40 0 
40 0 
40 0 
40 0 
40 0 
40 0 
40 0 
40 0 
40 0 
40 0 
40 0 
40 0 
40 0 
40 0 
40 0 
40 0 
40 0 
40 0 
40 0 
40 0 
40 0 
40 0 
40 0 
40 0 
40 0 
40 0 
40 0 
40 0 
40 0 
40 0 
40 0 
40 0 
40 0 
40 0 
40 0 
40 0 
40 0 
40 0 
40 0 
40 0 
40 0 
40 0 
40 0 
40 0 
40 0 
40 0 
40 0 
40 0 
40 0 
40 0 
40 0 
40 0 
40 0 
40 0 
40 0 
40 0 
40 0 
40 0 
40 0 
40 0 
40 0 
40 0 
40 0 
40 0 
40 0 
40 0 
40 0 
40 0 
40 0 
40 0 
40 0 
40 0 
40 0 
40 0 
41 0 
41 0 
41 0 
41 0 
41 0 
41 0 
41 0 
41 0 
41 0 
41 0 
41 0 
41 0 
41 0 
41 0 
41 0 
41 0 
41 0 
41 0 
41 0 
41 0 
41 0 
41 0 
41 0 
41 0 
41 0 
41 0 
41 0 
41 0 
41 0 
41 0 
41 0 
41 0 
41 0 
41 0 
41 0 
41 0 
41 0 
41 0 
41 0 
41 0 
41 0 
41 0 
41 0 
41 0 
41 0 
41 0 
41 0 
41 0 
41 0 
41 0 
41 0 
41 0 
41 0 
41 0 
41 0 
41 0 
41 0 
41 0 
41 0 
41 0 
41 0 
41 0 
41 0 
41 0 
41 0 
41 0 
41 0 
41 0 
41 0 
41 0 
41 0 
41 0 
41 0 
41 0 
41 0 
41 0 
41 0 
41 0 
41 0 
41 0 
41 0 
41 0 
41 0 
41 0 
41 0 
41 0 
41 0 
41 0 
41 0 
41 0 
41 0.01 
41 0.06 
41 0.19 
41 0.46 
41 0.56 
41 0.75 
41 0.94 
41 1.12 
41 1.35 
41 1.55 
41 1.83 
41 2.24 
41 2.75 
41 3.38 
41 4.14 
41 5.07 
41 5.55 
41 5.93 
41 7.95 
41 8.89 
41 9.9 
41 10.6 
41 11.25 
41 11.7 
41 3.51 
41 11.22 
41 12.25 
41 14.99 
41 15.34 
41 16.23 
41 16.61 
41 17.63 
41 17.77 
41 18.42 
41 18.98 
41 19.43 
41 19.88 
41 20.78 
41 21.35 
41 22.09 
41 22.72 
41 23.11 
41 23.52 
41 24.28 
41 24.51 
41 25.0 
41 25.32 
41 23.07 
41 25.19 
41 26.45 
41 26.56 
41 26.97 
41 27.26 
41 27.52 
41 27.97 
41 28.05 
41 28.39 
41 28.77 
41 28.93 
41 29.14 
41 29.31 
41 29.52 
41 29.62 
41 29.64 
41 29.77 
41 29.63 
41 29.5 
41 29.65 
41 29.62 
41 29.44 
41 29.29 
41 29.09 
41 28.7 
41 28.55 
41 28.37 
41 27.99 
41 27.6 
41 27.23 
41 27.05 
41 26.81 
41 25.98 
41 25.71 
41 25.41 
41 24.99 
41 24.36 
41 23.94 
41 23.62 
41 23.0 
41 22.52 
41 22.05 
41 21.44 
41 21.07 
41 20.46 
41 19.88 
41 19.28 
41 18.52 
41 17.91 
41 17.33 
41 16.55 
41 15.87 
41 15.16 
41 14.5 
41 13.61 
41 12.79 
41 11.96 
41 11.15 
41 10.31 
41 9.56 
41 5.46 
41 0.52 
41 0.49 
41 0.44 
41 0.38 
41 0.34 
41 0.33 
41 0.28 
41 0.18 
41 0.18 
41 0.11 
41 0.05 
41 0.05 
41 0 
41 0 
41 0 
41 0 
41 0 
41 0 
41 0 
41 0 
41 0 
41 0 
41 0 
41 0 
41 0 
41 0 
41 0 
41 0 
41 0 
41 0 
41 0 
41 0 
41 0 
41 0 
41 0 
41 0 
41 0 
41 0 
41 0 
41 0 
41 0 
41 0 
41 0 
41 0 
41 0 
41 0 
41 0 
41 0 
41 0 
41 0 
41 0 
41 0 
41 0 
41 0 
41 0 
41 0 
41 0 
41 0 
41 0 
41 0 
41 0 
41 0 
41 0 
41 0 
41 0 
41 0 
41 0 
41 0 
41 0 
41 0 
41 0 
41 0 
41 0 
41 0 
41 0 
41 0 
41 0 
41 0 
41 0 
41 0 
41 0 
41 0 
41 0 
41 0 
41 0 
41 0 
41 0 
41 0 
41 0 
42 0 
42 0 
42 0 
42 0 
42 0 
42 0 
42 0 
42 0 
42 0 
42 0 
42 0 
42 0 
42 0 
42 0 
42 0 
42 0 
42 0 
42 0 
42 0 
42 0 
42 0 
42 0 
42 0 
42 0 
42 0 
42 0 
42 0 
42 0 
42 0 
42 0 
42 0 
42 0 
42 0 
42 0 
42 0 
42 0 
42 0 
42 0 
42 0 
42 0 
42 0 
42 0 
42 0 
42 0 
42 0 
42 0 
42 0 
42 0 
42 0 
42 0 
42 0 
42 0 
42 0 
42 0 
42 0 
42 0 
42 0 
42 0 
42 0 
42 0 
42 0 
42 0 
42 0 
42 0 
42 0 
42 0 
42 0 
42 0 
42 0 
42 0 
42 0 
42 0 
42 0 
42 0 
42 0 
42 0 
42 0 
42 0 
42 0 
42 0 
42 0 
42 0 
42 0 
42 0 
42 0 
42 0 
42 0 
42 0 
42 0 
42 0 
42 0 
42 0 
42 0 
42 0 
42 0 
42 0 
42 0 
42 0 
42 0 
42 0 
42 0 
42 0 
42 0 
42 0 
42 0 
42 0 
42 0 
42 0 
42 0 
42 0 
42 9.82 
42 10.66 
42 11.29 
42 12.07 
42 12.73 
42 13.44 
42 14.1 
42 14.8 
42 15.47 
42 16.18 
42 16.61 
42 17.64 
42 17.86 
42 18.7 
42 19.24 
42 19.56 
42 19.98 
42 20.8 
42 21.35 
42 21.9 
42 22.65 
42 23.06 
42 23.58 
42 23.83 
42 24.31 
42 24.64 
42 24.91 
42 25.18 
42 25.62 
42 26.07 
42 26.25 
42 26.68 
42 26.9 
42 27.3 
42 27.54 
42 27.92 
42 27.89 
42 28.02 
42 28.42 
42 28.75 
42 28.75 
42 28.87 
42 28.71 
42 28.89 
42 29.36 
42 29.24 
42 29.2 
42 29.24 
42 29.18 
42 29.28 
42 28.99 
42 28.95 
42 27.03 
42 26.28 
42 27.48 
42 27.3 
42 27.47 
42 26.94 
42 27.01 
42 26.86 
42 26.18 
42 25.84 
42 26.03 
42 25.46 
42 25.03 
42 22.85 
42 18.96 
42 18.53 
42 20.61 
42 22.51 
42 22.15 
42 21.74 
42 21.27 
42 20.79 
42 18.31 
42 17.39 
42 16.19 
42 16.28 
42 17.57 
42 16.78 
42 15.55 
42 10.28 
42 13.91 
42 13.08 
42 12.27 
42 11.46 
42 10.59 
42 9.8 
42 6.71 
42 0.82 
42 0.7 
42 0.65 
42 0.61 
42 0.59 
42 0.6 
42 0.56 
42 0.52 
42 0.5 
42 0.39 
42 0.29 
42 0.08 
42 0 
42 0 
42 0 
42 0 
42 0 
42 0 
42 0 
42 0 
42 0 
42 0 
42 0 
42 0 
42 0 
42 0 
42 0 
42 0 
42 0 
42 0 
42 0 
42 0 
42 0 
42 0 
42 0 
42 0 
42 0 
42 0 
42 0 
42 0 
42 0 
42 0 
42 0 
42 0 
42 0 
42 0 
42 0 
42 0 
42 0 
42 0 
42 0 
42 0 
42 0 
42 0 
42 0 
42 0 
42 0 
42 0 
42 0 
42 0 
42 0 
42 0 
42 0 
42 0 
42 0 
42 0 
42 0 
42 0 
42 0 
42 0 
42 0 
42 0 
42 0 
42 0 
42 0 
42 0 
42 0 
42 0 
42 0 
42 0 
42 0 
42 0 
42 0 
42 0 
42 0 
42 0 
42 0 
42 0 
42 0 
43 0 
43 0 
43 0 
43 0 
43 0 
43 0 
43 0 
43 0 
43 0 
43 0 
43 0 
43 0 
43 0 
43 0 
43 0 
43 0 
43 0 
43 0 
43 0 
43 0 
43 0 
43 0 
43 0 
43 0 
43 0 
43 0 
43 0 
43 0 
43 0 
43 0 
43 0 
43 0 
43 0 
43 0 
43 0 
43 0 
43 0 
43 0 
43 0 
43 0 
43 0 
43 0 
43 0 
43 0 
43 0 
43 0 
43 0 
43 0 
43 0 
43 0 
43 0 
43 0 
43 0 
43 0 
43 0 
43 0 
43 0 
43 0 
43 0 
43 0 
43 0 
43 0 
43 0 
43 0 
43 0 
43 0 
43 0 
43 0 
43 0 
43 0 
43 0 
43 0 
43 0 
43 0 
43 0 
43 0 
43 0 
43 0 
43 0 
43 0 
43 0 
43 0 
43 0 
43 0 
43 0 
43 0 
43 0 
43 0 
43 0 
43 0 
43 0 
43 0 
43 0 
43 0 
43 0 
43 0 
43 0 
43 0 
43 0 
43 0 
43 0 
43 0 
43 0 
43 0 
43 0 
43 0 
43 0 
43 0 
43 8.25 
43 9.08 
43 10.04 
43 10.69 
43 11.36 
43 12.04 
43 12.74 
43 13.4 
43 14.02 
43 14.85 
43 15.32 
43 16.22 
43 16.73 
43 17.75 
43 18.03 
43 18.67 
43 19.28 
43 19.61 
43 20.16 
43 20.96 
43 21.69 
43 22.21 
43 23.07 
43 23.27 
43 23.81 
43 24.22 
43 24.56 
43 24.9 
43 25.19 
43 25.55 
43 25.97 
43 26.3 
43 26.67 
43 27.08 
43 27.28 
43 27.53 
43 27.7 
43 27.98 
43 28.37 
43 28.6 
43 28.55 
43 28.67 
43 28.68 
43 28.72 
43 28.72 
43 28.83 
43 29.06 
43 29.16 
43 29.1 
43 29.16 
43 29.12 
43 29.06 
43 28.77 
43 28.53 
43 28.38 
43 28.1 
43 27.77 
43 27.46 
43 27.3 
43 26.87 
43 26.61 
43 26.19 
43 25.81 
43 25.35 
43 25.06 
43 24.67 
43 24.3 
43 23.84 
43 23.18 
43 22.87 
43 22.37 
43 22.01 
43 21.31 
43 20.77 
43 20.26 
43 19.54 
43 18.98 
43 18.33 
43 17.72 
43 17.08 
43 16.55 
43 15.91 
43 15.21 
43 14.56 
43 13.75 
43 12.95 
43 12.21 
43 11.44 
43 10.69 
43 9.94 
43 7.93 
43 0.66 
43 0.5 
43 0.49 
43 0.47 
43 0.42 
43 0.37 
43 0.34 
43 0.28 
43 0.2 
43 0.15 
43 0.08 
43 0.03 
43 0 
43 0 
43 0 
43 0 
43 0 
43 0 
43 0 
43 0 
43 0 
43 0 
43 0 
43 0 
43 0 
43 0 
43 0 
43 0 
43 0 
43 0 
43 0 
43 0 
43 0 
43 0 
43 0 
43 0 
43 0 
43 0 
43 0 
43 0 
43 0 
43 0 
43 0 
43 0 
43 0 
43 0 
43 0 
43 0 
43 0 
43 0 
43 0 
43 0 
43 0 
43 0 
43 0 
43 0 
43 0 
43 0 
43 0 
43 0 
43 0 
43 0 
43 0 
43 0 
43 0 
43 0 
43 0 
43 0 
43 0 
43 0 
43 0 
43 0 
43 0 
43 0 
43 0 
43 0 
43 0 
43 0 
43 0 
43 0 
43 0 
43 0 
43 0 
43 0 
43 0 
43 0 
43 0 
43 0 
43 0 
44 0 
44 0 
44 0 
44 0 
44 0 
44 0 
44 0 
44 0 
44 0 
44 0 
44 0 
44 0 
44 0 
44 0 
44 0 
44 0 
44 0 
44 0 
44 0 
44 0 
44 0 
44 0 
44 0 
44 0 
44 0 
44 0 
44 0 
44 0 
44 0 
44 0 
44 0 
44 0 
44 0 
44 0 
44 0 
44 0 
44 0 
44 0 
44 0 
44 0 
44 0 
44 0 
44 0 
44 0 
44 0 
44 0 
44 0 
44 0 
44 0 
44 0 
44 0 
44 0 
44 0 
44 0 
44 0 
44 0 
44 0 
44 0 
44 0 
44 0 
44 0 
44 0 
44 0 
44 0 
44 0 
44 0 
44 0 
44 0 
44 0 
44 0 
44 0 
44 0 
44 0 
44 0 
44 0 
44 0 
44 0 
44 0 
44 0 
44 0 
44 0 
44 0 
44 0 
44 0 
44 0 
44 0 
44 0 
44 0 
44 0.08 
44 0.11 
44 0.24 
44 0.34 
44 0.48 
44 0.65 
44 0.8 
44 0.98 
44 1.18 
44 1.37 
44 1.54 
44 1.81 
44 2.23 
44 2.64 
44 3.14 
44 3.86 
44 4.66 
44 5.56 
44 6.62 
44 7.52 
44 8.36 
44 9.09 
44 10.11 
44 10.7 
44 11.33 
44 12.24 
44 12.93 
44 13.71 
44 14.33 
44 15.01 
44 15.58 
44 16.43 
44 16.94 
44 17.93 
44 18.04 
44 18.82 
44 19.48 
44 19.77 
44 20.46 
44 21.14 
44 21.58 
44 22.25 
44 22.96 
44 23.32 
44 23.76 
44 24.25 
44 24.48 
44 24.9 
44 25.04 
44 25.5 
44 26.02 
44 26.09 
44 26.48 
44 26.83 
44 26.93 
44 27.19 
44 27.47 
44 27.81 
44 28.07 
44 28.13 
44 28.21 
44 28.34 
44 28.59 
44 28.95 
44 28.91 
44 28.81 
44 28.95 
44 29.21 
44 29.1 
44 29.17 
44 28.97 
44 28.92 
44 28.84 
44 28.75 
44 28.43 
44 28.05 
44 27.86 
44 27.61 
44 27.25 
44 27.1 
44 26.8 
44 26.51 
44 26.03 
44 25.76 
44 25.42 
44 24.97 
44 24.59 
44 24.06 
44 23.62 
44 22.81 
44 22.68 
44 22.07 
44 21.78 
44 19.96 
44 20.69 
44 20.06 
44 17.89 
44 16.58 
44 18.77 
44 14.34 
44 15.49 
44 16.61 
44 9.32 
44 12.96 
44 8.81 
44 8.45 
44 7.77 
44 4.04 
44 3.62 
44 4.27 
44 3.31 
44 2.2 
44 1.95 
44 1.88 
44 1.81 
44 1.66 
44 1.47 
44 1.33 
44 1.05 
44 0.82 
44 0.6 
44 0.35 
44 0.13 
44 0.04 
44 0 
44 0 
44 0 
44 0 
44 0 
44 0 
44 0 
44 0 
44 0 
44 0 
44 0 
44 0 
44 0 
44 0 
44 0 
44 0 
44 0 
44 0 
44 0 
44 0 
44 0 
44 0 
44 0 
44 0 
44 0 
44 0 
44 0 
44 0 
44 0 
44 0 
44 0 
44 0 
44 0 
44 0 
44 0 
44 0 
44 0 
44 0 
44 0 
44 0 
44 0 
44 0 
44 0 
44 0 
44 0 
44 0 
44 0 
44 0 
44 0 
44 0 
44 0 
44 0 
44 0 
44 0 
44 0 
44 0 
44 0 
44 0 
44 0 
44 0 
44 0 
44 0 
44 0 
44 0 
44 0 
44 0 
44 0 
44 0 
44 0 
44 0 
44 0 
44 0 
44 0 
44 0 
44 0 
44 0 
45 0 
45 0 
45 0 
45 0 
45 0 
45 0 
45 0 
45 0 
45 0 
45 0 
45 0 
45 0 
45 0 
45 0 
45 0 
45 0 
45 0 
45 0 
45 0 
45 0 
45 0 
45 0 
45 0 
45 0 
45 0 
45 0 
45 0 
45 0 
45 0 
45 0 
45 0 
45 0 
45 0 
45 0 
45 0 
45 0 
45 0 
45 0 
45 0 
45 0 
45 0 
45 0 
45 0 
45 0 
45 0 
45 0 
45 0 
45 0 
45 0 
45 0 
45 0 
45 0 
45 0 
45 0 
45 0 
45 0 
45 0 
45 0 
45 0 
45 0 
45 0 
45 0 
45 0 
45 0 
45 0 
45 0 
45 0 
45 0 
45 0 
45 0 
45 0 
45 0 
45 0 
45 0 
45 0 
45 0 
45 0 
45 0 
45 0 
45 0 
45 0 
45 0 
45 0 
45 0 
45 0 
45 0 
45 0 
45 0 
45 0 
45 0 
45 0 
45 0 
45 0 
45 0 
45 0 
45 0 
45 0 
45 0 
45 0 
45 0 
45 0 
45 0 
45 0 
45 0 
45 0 
45 0 
45 0 
45 0 
45 0 
45 0 
45 0 
45 0 
45 0 
45 0 
45 0 
45 2.15 
45 2.52 
45 2.91 
45 3.01 
45 2.91 
45 2.91 
45 3.29 
45 3.25 
45 3.84 
45 3.48 
45 4.17 
45 3.61 
45 3.26 
45 3.9 
45 4.22 
45 5.5 
45 5.27 
45 4.58 
45 4.95 
45 5.64 
45 6.11 
45 5.94 
45 5.14 
45 5.9 
45 5.64 
45 5.77 
45 5.94 
45 6.63 
45 6.97 
45 7.34 
45 7.9 
45 7.19 
45 8.16 
45 9.32 
45 9.79 
45 8.72 
45 9.46 
45 9.38 
45 9.92 
45 10.55 
45 12.15 
45 12.18 
45 19.9 
45 15.33 
45 14.09 
45 11.16 
45 32.64 
45 26.81 
45 16.28 
45 28.38 
45 28.25 
45 28.47 
45 27.6 
45 27.39 
45 27.43 
45 27.35 
45 25.45 
45 21.49 
45 23.41 
45 21.48 
45 21.03 
45 20.75 
45 14.75 
45 17.13 
45 19.3 
45 21.2 
45 15.92 
45 16.83 
45 8.5 
45 8.33 
45 8.1 
45 9.9 
45 8.87 
45 9.86 
45 7.7 
45 6.88 
45 8.68 
45 10.37 
45 7.89 
45 7.4 
45 5.63 
45 4.44 
45 4.54 
45 3.88 
45 2.95 
45 2.53 
45 2.11 
45 1.93 
45 2.22 
45 1.65 
45 1.18 
45 0.94 
45 1.03 
45 1.08 
45 0.91 
45 0.77 
45 0.55 
45 0.15 
45 0 
45 0 
45 0 
45 0 
45 0 
45 0 
45 0 
45 0 
45 0 
45 0 
45 0 
45 0 
45 0 
45 0 
45 0 
45 0 
45 0 
45 0 
45 0 
45 0 
45 0 
45 0 
45 0 
45 0 
45 0 
45 0 
45 0 
45 0 
45 0 
45 0 
45 0 
45 0 
45 0 
45 0 
45 0 
45 0 
45 0 
45 0 
45 0 
45 0 
45 0 
45 0 
45 0 
45 0 
45 0 
45 0 
45 0 
45 0 
45 0 
45 0 
45 0 
45 0 
45 0 
45 0 
45 0 
45 0 
45 0 
45 0 
45 0 
45 0 
45 0 
45 0 
45 0 
45 0 
45 0 
45 0 
45 0 
45 0 
45 0 
45 0 
45 0 
45 0 
45 0 
45 0 
45 0 
46 0 
46 0 
46 0 
46 0 
46 0 
46 0 
46 0 
46 0 
46 0 
46 0 
46 0 
46 0 
46 0 
46 0 
46 0 
46 0 
46 0 
46 0 
46 0 
46 0 
46 0 
46 0 
46 0 
46 0 
46 0 
46 0 
46 0 
46 0 
46 0 
46 0 
46 0 
46 0 
46 0 
46 0 
46 0 
46 0 
46 0 
46 0 
46 0 
46 0 
46 0 
46 0 
46 0 
46 0 
46 0 
46 0 
46 0 
46 0 
46 0 
46 0 
46 0 
46 0 
46 0 
46 0 
46 0 
46 0 
46 0 
46 0 
46 0 
46 0 
46 0 
46 0 
46 0 
46 0 
46 0 
46 0 
46 0 
46 0 
46 0 
46 0 
46 0 
46 0 
46 0 
46 0 
46 0 
46 0 
46 0 
46 0 
46 0 
46 0 
46 0 
46 0 
46 0 
46 0 
46 0 
46 0 
46 0 
46 0 
46 0.07 
46 0.13 
46 0.21 
46 0.34 
46 0.55 
46 0.73 
46 0.84 
46 1.03 
46 1.18 
46 1.39 
46 1.68 
46 2.02 
46 2.37 
46 2.88 
46 3.51 
46 4.24 
46 5.08 
46 6.22 
46 7.3 
46 8.25 
46 9.31 
46 10.17 
46 10.88 
46 11.71 
46 12.43 
46 13.21 
46 14.07 
46 14.67 
46 15.5 
46 16.2 
46 17.04 
46 17.89 
46 18.66 
46 19.4 
46 19.92 
46 20.78 
46 21.75 
46 21.83 
46 22.33 
46 23.02 
46 23.94 
46 24.71 
46 25.28 
46 25.7 
46 26.39 
46 26.82 
46 26.91 
46 27.95 
46 28.17 
46 28.44 
46 28.73 
46 29.3 
46 29.85 
46 30.07 
46 30.49 
46 30.85 
46 30.96 
46 31.43 
46 31.61 
46 31.83 
46 31.69 
46 31.73 
46 32.42 
46 33.0 
46 33.01 
46 33.19 
46 33.34 
46 20.03 
46 33.29 
46 33.4 
46 33.37 
46 33.07 
46 32.75 
46 32.62 
46 32.36 
46 32.01 
46 31.63 
46 31.4 
46 31.03 
46 30.48 
46 30.21 
46 29.65 
46 29.4 
46 28.9 
46 28.42 
46 27.92 
46 27.62 
46 27.04 
46 26.51 
46 25.86 
46 25.34 
46 24.76 
46 24.18 
46 23.65 
46 23.04 
46 22.42 
46 21.81 
46 21.0 
46 20.3 
46 19.55 
46 18.78 
46 17.99 
46 17.29 
46 16.46 
46 15.53 
46 14.68 
46 13.89 
46 13.03 
46 12.18 
46 11.23 
46 10.19 
46 3.37 
46 0.44 
46 0.47 
46 0.4 
46 0.38 
46 0.33 
46 0.28 
46 0.24 
46 0.2 
46 0.18 
46 0.09 
46 0.05 
46 0.01 
46 0 
46 0 
46 0 
46 0 
46 0 
46 0 
46 0 
46 0 
46 0 
46 0 
46 0 
46 0 
46 0 
46 0 
46 0 
46 0 
46 0 
46 0 
46 0 
46 0 
46 0 
46 0 
46 0 
46 0 
46 0 
46 0 
46 0 
46 0 
46 0 
46 0 
46 0 
46 0 
46 0 
46 0 
46 0 
46 0 
46 0 
46 0 
46 0 
46 0 
46 0 
46 0 
46 0 
46 0 
46 0 
46 0 
46 0 
46 0 
46 0 
46 0 
46 0 
46 0 
46 0 
46 0 
46 0 
46 0 
46 0 
46 0 
46 0 
46 0 
46 0 
46 0 
46 0 
46 0 
46 0 
46 0 
46 0 
46 0 
46 0 
46 0 
46 0 
46 0 
46 0 
46 0 
46 0 
46 0 
47 0 
47 0 
47 0 
47 0 
47 0 
47 0 
47 0 
47 0 
47 0 
47 0 
47 0 
47 0 
47 0 
47 0 
47 0 
47 0 
47 0 
47 0 
47 0 
47 0 
47 0 
47 0 
47 0 
47 0 
47 0 
47 0 
47 0 
47 0 
47 0 
47 0 
47 0 
47 0 
47 0 
47 0 
47 0 
47 0 
47 0 
47 0 
47 0 
47 0 
47 0 
47 0 
47 0 
47 0 
47 0 
47 0 
47 0 
47 0 
47 0 
47 0 
47 0 
47 0 
47 0 
47 0 
47 0 
47 0 
47 0 
47 0 
47 0 
47 0 
47 0 
47 0 
47 0 
47 0 
47 0 
47 0 
47 0 
47 0 
47 0 
47 0 
47 0 
47 0 
47 0 
47 0 
47 0 
47 0 
47 0 
47 0 
47 0 
47 0 
47 0 
47 0 
47 0 
47 0 
47 0 
47 0 
47 0 
47 0.01 
47 0.04 
47 0.17 
47 0.2 
47 0.3 
47 0.54 
47 0.68 
47 0.79 
47 1.01 
47 1.14 
47 1.42 
47 1.66 
47 1.92 
47 2.29 
47 2.77 
47 3.02 
47 4.06 
47 5.0 
47 6.05 
47 7.26 
47 8.16 
47 9.11 
47 9.98 
47 10.61 
47 11.32 
47 12.19 
47 12.73 
47 13.43 
47 14.17 
47 14.84 
47 15.83 
47 16.45 
47 17.24 
47 17.96 
47 18.63 
47 19.09 
47 19.71 
47 20.24 
47 20.66 
47 21.38 
47 22.16 
47 22.99 
47 23.57 
47 23.86 
47 24.15 
47 24.87 
47 25.17 
47 26.0 
47 26.07 
47 26.38 
47 26.76 
47 27.3 
47 27.51 
47 28.26 
47 28.91 
47 29.5 
47 29.93 
47 30.06 
47 30.58 
47 31.15 
47 31.22 
47 31.37 
47 31.59 
47 31.92 
47 31.93 
47 32.23 
47 31.96 
47 32.12 
47 32.25 
47 32.25 
47 32.03 
47 31.81 
47 31.93 
47 31.92 
47 31.51 
47 31.28 
47 31.08 
47 30.74 
47 30.18 
47 30.34 
47 29.84 
47 29.46 
47 29.27 
47 28.92 
47 28.37 
47 27.74 
47 27.4 
47 27.01 
47 26.44 
47 26.02 
47 25.28 
47 25.01 
47 24.41 
47 23.73 
47 23.09 
47 22.66 
47 21.82 
47 21.28 
47 20.72 
47 19.94 
47 19.34 
47 18.44 
47 17.94 
47 17.1 
47 16.3 
47 15.52 
47 14.61 
47 13.77 
47 12.97 
47 12.22 
47 11.3 
47 10.43 
47 7.37 
47 0.64 
47 0.42 
47 0.4 
47 0.33 
47 0.32 
47 0.28 
47 0.27 
47 0.17 
47 0.17 
47 0.12 
47 0.04 
47 0.05 
47 0 
47 0 
47 0 
47 0 
47 0 
47 0 
47 0 
47 0 
47 0 
47 0 
47 0 
47 0 
47 0 
47 0 
47 0 
47 0 
47 0 
47 0 
47 0 
47 0 
47 0 
47 0 
47 0 
47 0 
47 0 
47 0 
47 0 
47 0 
47 0 
47 0 
47 0 
47 0 
47 0 
47 0 
47 0 
47 0 
47 0 
47 0 
47 0 
47 0 
47 0 
47 0 
47 0 
47 0 
47 0 
47 0 
47 0 
47 0 
47 0 
47 0 
47 0 
47 0 
47 0 
47 0 
47 0 
47 0 
47 0 
47 0 
47 0 
47 0 
47 0 
47 0 
47 0 
47 0 
47 0 
47 0 
47 0 
47 0 
47 0 
47 0 
47 0 
47 0 
47 0 
47 0 
47 0 
47 0 
48 0 
48 0 
48 0 
48 0 
48 0 
48 0 
48 0 
48 0 
48 0 
48 0 
48 0 
48 0 
48 0 
48 0 
48 0 
48 0 
48 0 
48 0 
48 0 
48 0 
48 0 
48 0 
48 0 
48 0 
48 0 
48 0 
48 0 
48 0 
48 0 
48 0 
48 0 
48 0 
48 0 
48 0 
48 0 
48 0 
48 0 
48 0 
48 0 
48 0 
48 0 
48 0 
48 0 
48 0 
48 0 
48 0 
48 0 
48 0 
48 0 
48 0 
48 0 
48 0 
48 0 
48 0 
48 0 
48 0 
48 0 
48 0 
48 0 
48 0 
48 0 
48 0 
48 0 
48 0 
48 0 
48 0 
48 0 
48 0 
48 0 
48 0 
48 0 
48 0 
48 0 
48 0 
48 0 
48 0 
48 0 
48 0 
48 0 
48 0 
48 0 
48 0 
48 0 
48 0 
48 0 
48 0 
48 0 
48 0 
48 0.06 
48 0.17 
48 0.3 
48 0.39 
48 0 
48 0 
48 0.94 
48 1.1 
48 1.23 
48 1.43 
48 1.67 
48 1.99 
48 2.37 
48 2.91 
48 3.25 
48 4.16 
48 5.21 
48 6.33 
48 7.43 
48 8.45 
48 9.36 
48 10.33 
48 10.85 
48 11.73 
48 12.38 
48 13.3 
48 14.04 
48 14.81 
48 15.6 
48 16.33 
48 17.09 
48 17.98 
48 18.65 
48 19.52 
48 20.08 
48 20.79 
48 21.34 
48 21.71 
48 22.2 
48 23.04 
48 23.64 
48 24.54 
48 25.02 
48 25.27 
48 25.89 
48 26.19 
48 26.8 
48 27.28 
48 27.43 
48 27.7 
48 28.57 
48 28.86 
48 29.36 
48 29.6 
48 30.05 
48 30.45 
48 30.28 
48 30.53 
48 31.01 
48 31.05 
48 31.34 
48 31.46 
48 31.66 
48 32.04 
48 32.09 
48 32.16 
48 32.26 
48 32.23 
48 32.15 
48 32.13 
48 32.27 
48 32.15 
48 31.89 
48 31.57 
48 31.3 
48 30.95 
48 30.63 
48 30.25 
48 29.54 
48 29.54 
48 29.2 
48 28.65 
48 28.25 
48 27.97 
48 27.54 
48 27.19 
48 26.56 
48 26.27 
48 25.57 
48 25.05 
48 24.36 
48 23.77 
48 23.24 
48 22.72 
48 22.17 
48 21.38 
48 20.83 
48 20.22 
48 19.49 
48 18.78 
48 18.07 
48 17.25 
48 16.57 
48 15.87 
48 14.65 
48 12.85 
48 12.71 
48 12.45 
48 12.74 
48 11.72 
48 10.21 
48 9.55 
48 2.13 
48 0.71 
48 0.64 
48 0.56 
48 0.46 
48 0.39 
48 0.33 
48 0.27 
48 0.23 
48 0.16 
48 0.12 
48 0.06 
48 0 
48 0 
48 0 
48 0 
48 0 
48 0 
48 0 
48 0 
48 0 
48 0 
48 0 
48 0 
48 0 
48 0 
48 0 
48 0 
48 0 
48 0 
48 0 
48 0 
48 0 
48 0 
48 0 
48 0 
48 0 
48 0 
48 0 
48 0 
48 0 
48 0 
48 0 
48 0 
48 0 
48 0 
48 0 
48 0 
48 0 
48 0 
48 0 
48 0 
48 0 
48 0 
48 0 
48 0 
48 0 
48 0 
48 0 
48 0 
48 0 
48 0 
48 0 
48 0 
48 0 
48 0 
48 0 
48 0 
48 0 
48 0 
48 0 
48 0 
48 0 
48 0 
48 0 
48 0 
48 0 
48 0 
48 0 
48 0 
48 0 
48 0 
48 0 
48 0 
48 0 
48 0 
48 0 
48 0 
49 0 
49 0 
49 0 
49 0 
49 0 
49 0 
49 0 
49 0 
49 0 
49 0 
49 0 
49 0 
49 0 
49 0 
49 0 
49 0 
49 0 
49 0 
49 0 
49 0 
49 0 
49 0 
49 0 
49 0 
49 0 
49 0 
49 0 
49 0 
49 0 
49 0 
49 0 
49 0 
49 0 
49 0 
49 0 
49 0 
49 0 
49 0 
49 0 
49 0 
49 0 
49 0 
49 0 
49 0 
49 0 
49 0 
49 0 
49 0 
49 0 
49 0 
49 0 
49 0 
49 0 
49 0 
49 0 
49 0 
49 0 
49 0 
49 0 
49 0 
49 0 
49 0 
49 0 
49 0 
49 0 
49 0 
49 0 
49 0 
49 0 
49 0 
49 0 
49 0 
49 0 
49 0 
49 0 
49 0 
49 0 
49 0 
49 0 
49 0 
49 0 
49 0 
49 0 
49 0 
49 0 
49 0.06 
49 0.26 
49 0.42 
49 0.6 
49 0.82 
49 1.06 
49 1.22 
49 1.64 
49 2.03 
49 2.25 
49 2.67 
49 2.31 
49 2.87 
49 2.76 
49 2.42 
49 3.06 
49 2.97 
49 3.42 
49 4.3 
49 5.48 
49 6.75 
49 8.25 
49 9.43 
49 9.78 
49 10.85 
49 11.43 
49 12.09 
49 12.68 
49 13.33 
49 13.95 
49 14.69 
49 15.31 
49 16.16 
49 16.83 
49 17.59 
49 18.17 
49 18.94 
49 19.43 
49 20.01 
49 20.39 
49 20.91 
49 21.78 
49 22.7 
49 23.09 
49 23.49 
49 23.86 
49 24.39 
49 25.02 
49 25.33 
49 25.93 
49 26.08 
49 26.55 
49 26.78 
49 27.19 
49 27.36 
49 27.8 
49 27.99 
49 28.19 
49 28.62 
49 28.87 
49 29.14 
49 29.53 
49 29.99 
49 29.31 
49 29.67 
49 29.88 
49 29.9 
49 30.1 
49 30.31 
49 30.33 
49 30.29 
49 30.44 
49 30.66 
49 30.64 
49 30.46 
49 30.34 
49 30.23 
49 30.29 
49 30.19 
49 30.32 
49 30.09 
49 29.69 
49 28.94 
49 26.73 
49 28.14 
49 27.81 
49 27.59 
49 26.96 
49 26.28 
49 25.77 
49 25.07 
49 25.07 
49 24.19 
49 23.83 
49 23.7 
49 23.69 
49 23.29 
49 23.48 
49 22.6 
49 21.31 
49 19.9 
49 18.88 
49 18.3 
49 17.81 
49 16.47 
49 8.03 
49 14.72 
49 13.13 
49 14.83 
49 13.67 
49 12.7 
49 12.32 
49 11.4 
49 10.37 
49 9.34 
49 5.87 
49 1.53 
49 0.97 
49 0.95 
49 0.9 
49 1.0 
49 1.16 
49 1.29 
49 1.47 
49 1.44 
49 1.25 
49 0.98 
49 0.69 
49 0.43 
49 0.01 
49 0 
49 0 
49 0 
49 0 
49 0 
49 0 
49 0 
49 0 
49 0 
49 0 
49 0 
49 0 
49 0 
49 0 
49 0 
49 0 
49 0 
49 0 
49 0 
49 0 
49 0 
49 0 
49 0 
49 0 
49 0 
49 0 
49 0 
49 0 
49 0 
49 0 
49 0 
49 0 
49 0 
49 0 
49 0 
49 0 
49 0 
49 0 
49 0 
49 0 
49 0 
49 0 
49 0 
49 0 
49 0 
49 0 
49 0 
49 0 
49 0 
49 0 
49 0 
49 0 
49 0 
49 0 
49 0 
49 0 
49 0 
49 0 
49 0 
49 0 
49 0 
49 0 
49 0 
49 0 
49 0 
49 0 
49 0 
49 0 
49 0 
49 0 
49 0 
49 0 
49 0 
50 0 
50 0 
50 0 
50 0 
50 0 
50 0 
50 0 
50 0 
50 0 
50 0 
50 0 
50 0 
50 0 
50 0 
50 0 
50 0 
50 0 
50 0 
50 0 
50 0 
50 0 
50 0 
50 0 
50 0 
50 0 
50 0 
50 0 
50 0 
50 0 
50 0 
50 0 
50 0 
50 0 
50 0 
50 0 
50 0 
50 0 
50 0 
50 0 
50 0 
50 0 
50 0 
50 0 
50 0 
50 0 
50 0 
50 0 
50 0 
50 0 
50 0 
50 0 
50 0 
50 0 
50 0 
50 0 
50 0 
50 0 
50 0 
50 0 
50 0 
50 0 
50 0 
50 0 
50 0 
50 0 
50 0 
50 0 
50 0 
50 0 
50 0 
50 0 
50 0 
50 0 
50 0 
50 0 
50 0 
50 0 
50 0 
50 0 
50 0 
50 0 
50 0 
50 0 
50 0 
50 0 
50 0 
50 0 
50 0 
50 0 
50 0 
50 0 
50 0 
50 0 
50 0 
50 0 
50 0 
50 0 
50 0 
50 0 
50 0 
50 0 
50 0 
50 0 
50 0 
50 0 
50 0 
50 0 
50 8.84 
50 9.85 
50 10.59 
50 11.2 
50 11.88 
50 12.58 
50 13.4 
50 14.21 
50 14.94 
50 15.58 
50 16.3 
50 16.95 
50 17.51 
50 18.22 
50 18.82 
50 19.31 
50 19.86 
50 20.33 
50 20.89 
50 21.52 
50 22.01 
50 22.99 
50 23.31 
50 24.06 
50 24.52 
50 25.13 
50 25.45 
50 25.95 
50 26.33 
50 26.6 
50 26.8 
50 27.38 
50 27.53 
50 27.87 
50 28.01 
50 28.39 
50 28.7 
50 28.91 
50 29.01 
50 29.14 
50 29.28 
50 29.37 
50 29.76 
50 29.87 
50 29.98 
50 30.04 
50 30.04 
50 30.28 
50 30.19 
50 30.28 
50 30.43 
50 30.23 
50 30.12 
50 29.89 
50 29.84 
50 29.45 
50 29.23 
50 28.92 
50 28.73 
50 28.3 
50 27.96 
50 27.65 
50 27.25 
50 26.86 
50 26.54 
50 26.2 
50 25.8 
50 25.32 
50 24.98 
50 24.42 
50 24.1 
50 23.52 
50 22.9 
50 22.28 
50 21.85 
50 21.23 
50 20.69 
50 20.1 
50 19.39 
50 18.77 
50 18.09 
50 17.44 
50 16.73 
50 16.03 
50 15.27 
50 14.52 
50 13.81 
50 13.01 
50 12.25 
50 11.41 
50 10.67 
50 9.87 
50 9.17 
50 8.17 
50 4.17 
50 0.52 
50 0.49 
50 0.43 
50 0.4 
50 0.32 
50 0.28 
50 0.26 
50 0.16 
50 0.11 
50 0.02 
50 0 
50 0 
50 0 
50 0 
50 0 
50 0 
50 0 
50 0 
50 0 
50 0 
50 0 
50 0 
50 0 
50 0 
50 0 
50 0 
50 0 
50 0 
50 0 
50 0 
50 0 
50 0 
50 0 
50 0 
50 0 
50 0 
50 0 
50 0 
50 0 
50 0 
50 0 
50 0 
50 0 
50 0 
50 0 
50 0 
50 0 
50 0 
50 0 
50 0 
50 0 
50 0 
50 0 
50 0 
50 0 
50 0 
50 0 
50 0 
50 0 
50 0 
50 0 
50 0 
50 0 
50 0 
50 0 
50 0 
50 0 
50 0 
50 0 
50 0 
50 0 
50 0 
50 0 
50 0 
50 0 
50 0 
50 0 
50 0 
50 0 
50 0 
50 0 
50 0 
50 0 
50 0 
50 0 
50 0 
51 0 
51 0 
51 0 
51 0 
51 0 
51 0 
51 0 
51 0 
51 0 
51 0 
51 0 
51 0 
51 0 
51 0 
51 0 
51 0 
51 0 
51 0 
51 0 
51 0 
51 0 
51 0 
51 0 
51 0 
51 0 
51 0 
51 0 
51 0 
51 0 
51 0 
51 0 
51 0 
51 0 
51 0 
51 0 
51 0 
51 0 
51 0 
51 0 
51 0 
51 0 
51 0 
51 0 
51 0 
51 0 
51 0 
51 0 
51 0 
51 0 
51 0 
51 0 
51 0 
51 0 
51 0 
51 0 
51 0 
51 0 
51 0 
51 0 
51 0 
51 0 
51 0 
51 0 
51 0 
51 0 
51 0 
51 0 
51 0 
51 0 
51 0 
51 0 
51 0 
51 0 
51 0 
51 0 
51 0 
51 0 
51 0 
51 0 
51 0 
51 0 
51 0 
51 0 
51 0 
51 0 
51 0 
51 0.12 
51 0.32 
51 0.54 
51 0.62 
51 0.8 
51 1.07 
51 1.41 
51 1.43 
51 1.65 
51 1.88 
51 1.95 
51 2.2 
51 2.44 
51 2.48 
51 2.59 
51 2.91 
51 3.11 
51 3.15 
51 3.9 
51 4.23 
51 4.31 
51 4.86 
51 4.81 
51 4.73 
51 6.01 
51 7.1 
51 7.45 
51 9.84 
51 8.87 
51 9.43 
51 10.73 
51 10.86 
51 11.26 
51 11.56 
51 10.12 
51 17.36 
51 13.05 
51 11.11 
51 9.32 
51 13.09 
51 14.28 
51 16.56 
51 16.95 
51 12.44 
51 11.16 
51 12.39 
51 19.47 
51 21.31 
51 20.37 
51 22.42 
51 24.93 
51 24.38 
51 22.33 
51 21.98 
51 23.07 
51 17.84 
51 24.11 
51 13.17 
51 15.56 
51 18.67 
51 21.63 
51 32.43 
51 28.5 
51 25.39 
51 32.03 
51 30.2 
51 30.72 
51 29.4 
51 29.34 
51 23.3 
51 21.19 
51 24.76 
51 25.0 
51 20.98 
51 26.02 
51 25.14 
51 23.23 
51 30.8 
51 30.48 
51 30.41 
51 22.67 
51 18.0 
51 22.77 
51 18.38 
51 19.85 
51 24.3 
51 16.6 
51 20.51 
51 20.28 
51 25.0 
51 23.21 
51 19.04 
51 17.96 
51 14.81 
51 14.28 
51 17.45 
51 15.7 
51 12.88 
51 10.76 
51 9.83 
51 12.43 
51 15.11 
51 16.16 
51 12.26 
51 9.65 
51 9.95 
51 13.52 
51 12.01 
51 12.52 
51 8.25 
51 7.14 
51 7.94 
51 8.33 
51 8.37 
51 5.51 
51 4.29 
51 3.02 
51 2.3 
51 1.87 
51 1.42 
51 1.09 
51 0.79 
51 0.53 
51 0.32 
51 0.21 
51 0.12 
51 0.02 
51 0 
51 0 
51 0 
51 0 
51 0 
51 0 
51 0 
51 0 
51 0 
51 0 
51 0 
51 0 
51 0 
51 0 
51 0 
51 0 
51 0 
51 0 
51 0 
51 0 
51 0 
51 0 
51 0 
51 0 
51 0 
51 0 
51 0 
51 0 
51 0 
51 0 
51 0 
51 0 
51 0 
51 0 
51 0 
51 0 
51 0 
51 0 
51 0 
51 0 
51 0 
51 0 
51 0 
51 0 
51 0 
51 0 
51 0 
51 0 
51 0 
51 0 
51 0 
51 0 
51 0 
51 0 
51 0 
51 0 
51 0 
51 0 
51 0 
51 0 
51 0 
51 0 
51 0 
51 0 
51 0 
51 0 
51 0 
51 0 
51 0 
51 0 
51 0 
51 0 
51 0 
51 0 
51 0 
52 0 
52 0 
52 0 
52 0 
52 0 
52 0 
52 0 
52 0 
52 0 
52 0 
52 0 
52 0 
52 0 
52 0 
52 0 
52 0 
52 0 
52 0 
52 0 
52 0 
52 0 
52 0 
52 0 
52 0 
52 0 
52 0 
52 0 
52 0 
52 0 
52 0 
52 0 
52 0 
52 0 
52 0 
52 0 
52 0 
52 0 
52 0 
52 0 
52 0 
52 0 
52 0 
52 0 
52 0 
52 0 
52 0 
52 0 
52 0 
52 0 
52 0 
52 0 
52 0 
52 0 
52 0 
52 0 
52 0 
52 0 
52 0 
52 0 
52 0 
52 0 
52 0 
52 0 
52 0 
52 0 
52 0 
52 0 
52 0 
52 0 
52 0 
52 0 
52 0 
52 0 
52 0 
52 0 
52 0 
52 0 
52 0 
52 0 
52 0 
52 0 
52 0 
52 0 
52 0 
52 0 
52 0 
52 0 
52 0.15 
52 0.23 
52 0.29 
52 0.45 
52 0.61 
52 0.8 
52 0.99 
52 1.24 
52 1.39 
52 1.51 
52 1.72 
52 1.95 
52 2.37 
52 2.75 
52 3.16 
52 3.97 
52 5.18 
52 6.55 
52 7.75 
52 8.57 
52 9.61 
52 10.5 
52 11.24 
52 11.95 
52 12.8 
52 13.45 
52 14.3 
52 14.91 
52 15.87 
52 16.54 
52 17.25 
52 17.94 
52 18.62 
52 19.36 
52 20.13 
52 20.51 
52 21.34 
52 21.55 
52 22.25 
52 22.99 
52 23.75 
52 24.46 
52 24.81 
52 25.21 
52 25.77 
52 26.36 
52 26.5 
52 27.14 
52 27.47 
52 27.77 
52 28.21 
52 28.78 
52 29.01 
52 29.48 
52 30.15 
52 30.42 
52 30.74 
52 30.79 
52 31.29 
52 31.73 
52 31.8 
52 32.24 
52 32.43 
52 32.73 
52 32.69 
52 32.8 
52 32.82 
52 32.99 
52 33.17 
52 33.11 
52 33.03 
52 32.81 
52 32.6 
52 32.26 
52 32.46 
52 32.74 
52 32.93 
52 31.45 
52 25.39 
52 31.82 
52 32.09 
52 30.17 
52 30.01 
52 29.82 
52 29.13 
52 28.85 
52 28.29 
52 27.82 
52 27.64 
52 26.98 
52 26.41 
52 25.75 
52 25.13 
52 24.52 
52 23.66 
52 23.17 
52 22.55 
52 21.87 
52 21.21 
52 20.4 
52 19.72 
52 19.29 
52 18.66 
52 2.68 
52 1.51 
52 1.84 
52 5.89 
52 11.13 
52 15.72 
52 8.9 
52 4.61 
52 3.03 
52 7.78 
52 10.04 
52 0.95 
52 1.11 
52 0.53 
52 0.34 
52 0.42 
52 0.79 
52 0.85 
52 1.13 
52 0.75 
52 0.25 
52 0.07 
52 0 
52 0 
52 0 
52 0 
52 0 
52 0 
52 0 
52 0 
52 0 
52 0 
52 0 
52 0 
52 0 
52 0 
52 0 
52 0 
52 0 
52 0 
52 0 
52 0 
52 0 
52 0 
52 0 
52 0 
52 0 
52 0 
52 0 
52 0 
52 0 
52 0 
52 0 
52 0 
52 0 
52 0 
52 0 
52 0 
52 0 
52 0 
52 0 
52 0 
52 0 
52 0 
52 0 
52 0 
52 0 
52 0 
52 0 
52 0 
52 0 
52 0 
52 0 
52 0 
52 0 
52 0 
52 0 
52 0 
52 0 
52 0 
52 0 
52 0 
52 0 
52 0 
52 0 
52 0 
52 0 
52 0 
52 0 
52 0 
52 0 
52 0 
52 0 
52 0 
52 0 
52 0 
52 0 
52 0 
53 0 
53 0 
53 0 
53 0 
53 0 
53 0 
53 0 
53 0 
53 0 
53 0 
53 0 
53 0 
53 0 
53 0 
53 0 
53 0 
53 0 
53 0 
53 0 
53 0 
53 0 
53 0 
53 0 
53 0 
53 0 
53 0 
53 0 
53 0 
53 0 
53 0 
53 0 
53 0 
53 0 
53 0 
53 0 
53 0 
53 0 
53 0 
53 0 
53 0 
53 0 
53 0 
53 0 
53 0 
53 0 
53 0 
53 0 
53 0 
53 0 
53 0 
53 0 
53 0 
53 0 
53 0 
53 0 
53 0 
53 0 
53 0 
53 0 
53 0 
53 0 
53 0 
53 0 
53 0 
53 0 
53 0 
53 0 
53 0 
53 0 
53 0 
53 0 
53 0 
53 0 
53 0 
53 0 
53 0 
53 0 
53 0 
53 0 
53 0 
53 0 
53 0 
53 0 
53 0 
53 0 
53 0.01 
53 0.1 
53 0.18 
53 0.24 
53 0.45 
53 0.56 
53 0.78 
53 0.95 
53 1.2 
53 1.4 
53 1.54 
53 1.68 
53 1.83 
53 2.11 
53 2.45 
53 2.99 
53 3.56 
53 4.33 
53 5.38 
53 7.07 
53 8.02 
53 8.83 
53 9.86 
53 10.71 
53 11.5 
53 12.21 
53 12.93 
53 13.69 
53 14.69 
53 16.49 
53 16.37 
53 17.67 
53 19.29 
53 19.83 
53 20.16 
53 19.91 
53 20.57 
53 20.98 
53 21.99 
53 22.8 
53 23.49 
53 24.3 
53 24.94 
53 25.75 
53 26.48 
53 26.4 
53 27.22 
53 27.4 
53 27.96 
53 28.79 
53 29.54 
53 29.56 
53 29.7 
53 30.27 
53 23.9 
53 31.64 
53 3.03 
53 33.34 
53 27.85 
53 33.06 
53 5.66 
53 6.85 
53 6.23 
53 5.64 
53 6.0 
53 6.56 
53 5.1 
53 3.99 
53 3.7 
53 2.27 
53 1.83 
53 0.89 
53 0.81 
53 1.1 
53 0.79 
53 0.64 
53 1.04 
53 1.92 
53 2.56 
53 4.25 
53 5.81 
53 7.23 
53 6.57 
53 4.27 
53 3.87 
53 3.09 
53 2.9 
53 2.19 
53 1.46 
53 0.88 
53 0.6 
53 0.45 
53 0.77 
53 0.75 
53 0.73 
53 1.37 
53 1.76 
53 2.47 
53 2.97 
53 2.11 
53 0.81 
53 0.46 
53 0.58 
53 0.89 
53 1.83 
53 2.75 
53 2.81 
53 2.45 
53 2.23 
53 2.79 
53 2.62 
53 2.77 
53 2.88 
53 3.21 
53 3.77 
53 3.83 
53 3.62 
53 2.95 
53 2.32 
53 1.45 
53 0.93 
53 0.96 
53 0.95 
53 0.74 
53 0.53 
53 0.32 
53 0.19 
53 0.04 
53 0 
53 0 
53 0 
53 0 
53 0 
53 0 
53 0 
53 0 
53 0 
53 0 
53 0 
53 0 
53 0 
53 0 
53 0 
53 0 
53 0 
53 0 
53 0 
53 0 
53 0 
53 0 
53 0 
53 0 
53 0 
53 0 
53 0 
53 0 
53 0 
53 0 
53 0 
53 0 
53 0 
53 0 
53 0 
53 0 
53 0 
53 0 
53 0 
53 0 
53 0 
53 0 
53 0 
53 0 
53 0 
53 0 
53 0 
53 0 
53 0 
53 0 
53 0 
53 0 
53 0 
53 0 
53 0 
53 0 
53 0 
53 0 
53 0 
53 0 
53 0 
53 0 
53 0 
53 0 
53 0 
53 0 
53 0 
53 0 
53 0 
53 0 
53 0 
53 0 
53 0 
53 0 
53 0 
54 0 
54 0 
54 0 
54 0 
54 0 
54 0 
54 0 
54 0 
54 0 
54 0 
54 0 
54 0 
54 0 
54 0 
54 0 
54 0 
54 0 
54 0 
54 0 
54 0 
54 0 
54 0 
54 0 
54 0 
54 0 
54 0 
54 0 
54 0 
54 0 
54 0 
54 0 
54 0 
54 0 
54 0 
54 0 
54 0 
54 0 
54 0 
54 0 
54 0 
54 0 
54 0 
54 0 
54 0 
54 0 
54 0 
54 0 
54 0 
54 0 
54 0 
54 0 
54 0 
54 0 
54 0 
54 0 
54 0 
54 0 
54 0 
54 0 
54 0 
54 0 
54 0 
54 0 
54 0 
54 0 
54 0 
54 0 
54 0 
54 0 
54 0 
54 0 
54 0 
54 0 
54 0 
54 0 
54 0 
54 0 
54 0 
54 0 
54 0 
54 0 
54 0 
54 0 
54 0 
54 0 
54 0 
54 0.05 
54 0.12 
54 0.18 
54 0.27 
54 0.47 
54 0.61 
54 0.78 
54 1.06 
54 1.29 
54 1.42 
54 1.59 
54 1.84 
54 2.08 
54 2.52 
54 3.03 
54 3.79 
54 4.82 
54 6.38 
54 7.72 
54 8.8 
54 9.59 
54 10.66 
54 11.49 
54 12.28 
54 13.05 
54 13.91 
54 14.6 
54 15.61 
54 16.33 
54 17.27 
54 17.96 
54 18.87 
54 19.72 
54 20.46 
54 21.06 
54 21.51 
54 22.13 
54 22.94 
54 23.48 
54 24.19 
54 24.97 
54 25.77 
54 26.8 
54 27.15 
54 27.46 
54 28.23 
54 28.71 
54 28.94 
54 29.55 
54 30.1 
54 30.34 
54 30.42 
54 31.11 
54 31.56 
54 32.03 
54 31.81 
54 32.49 
54 32.49 
54 32.82 
54 32.93 
54 33.23 
54 33.39 
54 33.28 
54 33.42 
54 33.46 
54 33.36 
54 33.43 
54 33.34 
54 33.39 
54 33.27 
54 33.33 
54 33.39 
54 33.38 
54 33.32 
54 33.39 
54 33.22 
54 33.28 
54 32.61 
54 32.46 
54 32.35 
54 32.31 
54 31.93 
54 31.5 
54 30.98 
54 30.53 
54 30.04 
54 29.91 
54 29.74 
54 29.16 
54 28.76 
54 27.95 
54 27.06 
54 26.68 
54 26.24 
54 26.01 
54 25.41 
54 24.59 
54 24.06 
54 23.49 
54 22.88 
54 22.07 
54 21.31 
54 20.63 
54 19.9 
54 19.1 
54 18.22 
54 17.49 
54 16.49 
54 15.64 
54 14.76 
54 13.81 
54 12.83 
54 11.91 
54 11.02 
54 10.11 
54 9.18 
54 8.2 
54 4.3 
54 0.45 
54 0.45 
54 0.38 
54 0.36 
54 0.31 
54 0.23 
54 0.21 
54 0.09 
54 0.06 
54 0.01 
54 0 
54 0 
54 0 
54 0 
54 0 
54 0 
54 0 
54 0 
54 0 
54 0 
54 0 
54 0 
54 0 
54 0 
54 0 
54 0 
54 0 
54 0 
54 0 
54 0 
54 0 
54 0 
54 0 
54 0 
54 0 
54 0 
54 0 
54 0 
54 0 
54 0 
54 0 
54 0 
54 0 
54 0 
54 0 
54 0 
54 0 
54 0 
54 0 
54 0 
54 0 
54 0 
54 0 
54 0 
54 0 
54 0 
54 0 
54 0 
54 0 
54 0 
54 0 
54 0 
54 0 
54 0 
54 0 
54 0 
54 0 
54 0 
54 0 
54 0 
54 0 
54 0 
54 0 
54 0 
54 0 
54 0 
54 0 
54 0 
54 0 
54 0 
54 0 
54 0 
54 0 
54 0 
55 0 
55 0 
55 0 
55 0 
55 0 
55 0 
55 0 
55 0 
55 0 
55 0 
55 0 
55 0 
55 0 
55 0 
55 0 
55 0 
55 0 
55 0 
55 0 
55 0 
55 0 
55 0 
55 0 
55 0 
55 0 
55 0 
55 0 
55 0 
55 0 
55 0 
55 0 
55 0 
55 0 
55 0 
55 0 
55 0 
55 0 
55 0 
55 0 
55 0 
55 0 
55 0 
55 0 
55 0 
55 0 
55 0 
55 0 
55 0 
55 0 
55 0 
55 0 
55 0 
55 0 
55 0 
55 0 
55 0 
55 0 
55 0 
55 0 
55 0 
55 0 
55 0 
55 0 
55 0 
55 0 
55 0 
55 0 
55 0 
55 0 
55 0 
55 0 
55 0 
55 0 
55 0 
55 0 
55 0 
55 0 
55 0 
55 0 
55 0 
55 0 
55 0 
55 0 
55 0 
55 0 
55 0.04 
55 0.07 
55 0.15 
55 0.28 
55 0.35 
55 0.58 
55 0.72 
55 0.95 
55 1.19 
55 1.41 
55 1.51 
55 0 
55 0 
55 2.18 
55 2.66 
55 3.0 
55 3.96 
55 5.21 
55 6.72 
55 7.96 
55 8.88 
55 9.88 
55 10.79 
55 11.66 
55 12.33 
55 13.0 
55 13.89 
55 14.57 
55 15.53 
55 16.37 
55 17.23 
55 17.76 
55 18.5 
55 19.44 
55 19.92 
55 20.59 
55 21.03 
55 21.82 
55 22.17 
55 22.79 
55 23.37 
55 24.2 
55 24.78 
55 25.61 
55 0 
55 23.77 
55 26.58 
55 27.28 
55 27.83 
55 28.4 
55 28.89 
55 29.13 
55 29.52 
55 30.15 
55 30.25 
55 30.48 
55 31.09 
55 31.55 
55 31.95 
55 32.05 
55 32.2 
55 32.76 
55 32.71 
55 32.63 
55 33.09 
55 32.96 
55 33.23 
55 33.33 
55 33.27 
55 33.49 
55 33.51 
55 33.58 
55 33.3 
55 33.42 
55 32.89 
55 32.9 
55 32.65 
55 32.09 
55 31.91 
55 31.72 
55 31.52 
55 31.18 
55 31.19 
55 30.89 
55 30.47 
55 26.04 
55 26.7 
55 27.61 
55 30.46 
55 29.55 
55 28.51 
55 27.44 
55 26.93 
55 25.99 
55 26.85 
55 19.64 
55 17.64 
55 16.29 
55 13.48 
55 18.04 
55 13.63 
55 17.53 
55 13.37 
55 14.54 
55 12.62 
55 12.7 
55 11.46 
55 9.45 
55 7.52 
55 7.58 
55 5.68 
55 6.28 
55 6.52 
55 7.04 
55 7.21 
55 6.61 
55 7.89 
55 9.47 
55 8.21 
55 0 
55 0 
55 0 
55 1.58 
55 1.3 
55 1.12 
55 0.92 
55 0.69 
55 0.45 
55 0.22 
55 0.02 
55 0 
55 0 
55 0 
55 0 
55 0 
55 0 
55 0 
55 0 
55 0 
55 0 
55 0 
55 0 
55 0 
55 0 
55 0 
55 0 
55 0 
55 0 
55 0 
55 0 
55 0 
55 0 
55 0 
55 0 
55 0 
55 0 
55 0 
55 0 
55 0 
55 0 
55 0 
55 0 
55 0 
55 0 
55 0 
55 0 
55 0 
55 0 
55 0 
55 0 
55 0 
55 0 
55 0 
55 0 
55 0 
55 0 
55 0 
55 0 
55 0 
55 0 
55 0 
55 0 
55 0 
55 0 
55 0 
55 0 
55 0 
55 0 
55 0 
55 0 
55 0 
55 0 
55 0 
55 0 
55 0 
55 0 
55 0 
55 0 
55 0 
55 0 
55 0 
55 0 
55 0 
56 0 
56 0 
56 0 
56 0 
56 0 
56 0 
56 0 
56 0 
56 0 
56 0 
56 0 
56 0 
56 0 
56 0 
56 0 
56 0 
56 0 
56 0 
56 0 
56 0 
56 0 
56 0 
56 0 
56 0 
56 0 
56 0 
56 0 
56 0 
56 0 
56 0 
56 0 
56 0 
56 0 
56 0 
56 0 
56 0 
56 0 
56 0 
56 0 
56 0 
56 0 
56 0 
56 0 
56 0 
56 0 
56 0 
56 0 
56 0 
56 0 
56 0 
56 0 
56 0 
56 0 
56 0 
56 0 
56 0 
56 0 
56 0 
56 0 
56 0 
56 0 
56 0 
56 0 
56 0 
56 0 
56 0 
56 0 
56 0 
56 0 
56 0 
56 0 
56 0 
56 0 
56 0 
56 0 
56 0 
56 0 
56 0 
56 0 
56 0 
56 0 
56 0 
56 0 
56 0 
56 0.01 
56 0.06 
56 0.18 
56 0.27 
56 0.42 
56 0.57 
56 0.75 
56 0.94 
56 1.13 
56 1.38 
56 1.58 
56 1.74 
56 1.84 
56 2.21 
56 2.39 
56 2.94 
56 3.63 
56 4.46 
56 5.53 
56 6.95 
56 8.24 
56 9.1 
56 10.0 
56 10.83 
56 11.67 
56 12.46 
56 13.15 
56 13.92 
56 14.54 
56 15.54 
56 16.27 
56 17.23 
56 17.89 
56 18.58 
56 19.28 
56 19.86 
56 20.52 
56 21.01 
56 21.6 
56 22.22 
56 22.79 
56 23.64 
56 23.95 
56 24.89 
56 25.51 
56 25.87 
56 26.02 
56 26.97 
56 27.56 
56 27.88 
56 28.18 
56 28.78 
56 29.12 
56 29.72 
56 30.08 
56 30.25 
56 30.53 
56 30.88 
56 31.51 
56 31.35 
56 31.49 
56 31.65 
56 31.92 
56 32.03 
56 32.11 
56 32.91 
56 32.84 
56 32.68 
56 32.84 
56 32.96 
56 32.82 
56 33.29 
56 33.13 
56 32.91 
56 32.8 
56 32.61 
56 32.42 
56 32.1 
56 31.92 
56 31.57 
56 31.77 
56 31.17 
56 30.92 
56 30.48 
56 30.37 
56 30.04 
56 29.49 
56 29.24 
56 28.79 
56 28.2 
56 27.7 
56 27.26 
56 26.87 
56 26.26 
56 25.83 
56 25.35 
56 24.94 
56 24.25 
56 23.79 
56 23.01 
56 22.49 
56 21.58 
56 20.89 
56 19.96 
56 19.23 
56 18.51 
56 17.98 
56 17.25 
56 16.43 
56 15.62 
56 14.76 
56 12.95 
56 12.76 
56 12.1 
56 11.2 
56 8.0 
56 8.25 
56 7.67 
56 6.4 
56 3.27 
56 0.76 
56 0.51 
56 0.37 
56 0.34 
56 0.24 
56 0.25 
56 0.23 
56 0.17 
56 0.11 
56 0.05 
56 0 
56 0 
56 0 
56 0 
56 0 
56 0 
56 0 
56 0 
56 0 
56 0 
56 0 
56 0 
56 0 
56 0 
56 0 
56 0 
56 0 
56 0 
56 0 
56 0 
56 0 
56 0 
56 0 
56 0 
56 0 
56 0 
56 0 
56 0 
56 0 
56 0 
56 0 
56 0 
56 0 
56 0 
56 0 
56 0 
56 0 
56 0 
56 0 
56 0 
56 0 
56 0 
56 0 
56 0 
56 0 
56 0 
56 0 
56 0 
56 0 
56 0 
56 0 
56 0 
56 0 
56 0 
56 0 
56 0 
56 0 
56 0 
56 0 
56 0 
56 0 
56 0 
56 0 
56 0 
56 0 
56 0 
56 0 
56 0 
56 0 
56 0 
56 0 
56 0 
56 0 
56 0 
57 0 
57 0 
57 0 
57 0 
57 0 
57 0 
57 0 
57 0 
57 0 
57 0 
57 0 
57 0 
57 0 
57 0 
57 0 
57 0 
57 0 
57 0 
57 0 
57 0 
57 0 
57 0 
57 0 
57 0 
57 0 
57 0 
57 0 
57 0 
57 0 
57 0 
57 0 
57 0 
57 0 
57 0 
57 0 
57 0 
57 0 
57 0 
57 0 
57 0 
57 0 
57 0 
57 0 
57 0 
57 0 
57 0 
57 0 
57 0 
57 0 
57 0 
57 0 
57 0 
57 0 
57 0 
57 0 
57 0 
57 0 
57 0 
57 0 
57 0 
57 0 
57 0 
57 0 
57 0 
57 0 
57 0 
57 0 
57 0 
57 0 
57 0 
57 0 
57 0 
57 0 
57 0 
57 0 
57 0 
57 0 
57 0 
57 0 
57 0 
57 0 
57 0 
57 0 
57 0.1 
57 0.4 
57 0.71 
57 1.04 
57 1.42 
57 1.79 
57 2.28 
57 2.91 
57 3.12 
57 3.26 
57 3.37 
57 3.56 
57 3.66 
57 4.29 
57 4.61 
57 5.25 
57 5.57 
57 6.39 
57 7.04 
57 8.13 
57 8.73 
57 8.09 
57 9.01 
57 9.97 
57 10.02 
57 9.48 
57 8.97 
57 8.74 
57 7.95 
57 7.92 
57 7.77 
57 7.9 
57 8.6 
57 9.58 
57 14.18 
57 14.43 
57 11.96 
57 13.23 
57 11.19 
57 13.27 
57 11.27 
57 12.63 
57 19.59 
57 21.35 
57 16.38 
57 13.91 
57 11.54 
57 10.33 
57 9.79 
57 10.03 
57 10.63 
57 11.06 
57 12.18 
57 12.63 
57 12.37 
57 12.38 
57 11.67 
57 13.85 
57 19.09 
57 18.35 
57 23.44 
57 24.88 
57 14.6 
57 14.0 
57 13.57 
57 15.63 
57 18.81 
57 26.88 
57 20.6 
57 27.75 
57 23.91 
57 14.2 
57 15.06 
57 14.15 
57 17.49 
57 21.62 
57 18.1 
57 29.0 
57 20.16 
57 33.55 
57 18.2 
57 17.27 
57 14.98 
57 14.54 
57 13.43 
57 12.06 
57 11.41 
57 11.96 
57 11.62 
57 11.22 
57 11.25 
57 11.49 
57 11.79 
57 11.08 
57 9.64 
57 8.62 
57 7.97 
57 7.65 
57 7.77 
57 7.51 
57 6.57 
57 5.52 
57 4.93 
57 4.77 
57 4.36 
57 4.27 
57 4.31 
57 3.78 
57 3.31 
57 2.8 
57 2.39 
57 2.21 
57 2.32 
57 2.39 
57 2.22 
57 1.81 
57 1.54 
57 1.13 
57 0.78 
57 0.61 
57 0.5 
57 0.49 
57 0.35 
57 0.29 
57 0.3 
57 0.25 
57 0.1 
57 0.02 
57 0 
57 0 
57 0 
57 0 
57 0 
57 0 
57 0 
57 0 
57 0 
57 0 
57 0 
57 0 
57 0 
57 0 
57 0 
57 0 
57 0 
57 0 
57 0 
57 0 
57 0 
57 0 
57 0 
57 0 
57 0 
57 0 
57 0 
57 0 
57 0 
57 0 
57 0 
57 0 
57 0 
57 0 
57 0 
57 0 
57 0 
57 0 
57 0 
57 0 
57 0 
57 0 
57 0 
57 0 
57 0 
57 0 
57 0 
57 0 
57 0 
57 0 
57 0 
57 0 
57 0 
57 0 
57 0 
57 0 
57 0 
57 0 
57 0 
57 0 
57 0 
57 0 
57 0 
57 0 
57 0 
57 0 
57 0 
57 0 
57 0 
57 0 
57 0 
57 0 
57 0 
57 0 
57 0 
57 0 
57 0 
58 0 
58 0 
58 0 
58 0 
58 0 
58 0 
58 0 
58 0 
58 0 
58 0 
58 0 
58 0 
58 0 
58 0 
58 0 
58 0 
58 0 
58 0 
58 0 
58 0 
58 0 
58 0 
58 0 
58 0 
58 0 
58 0 
58 0 
58 0 
58 0 
58 0 
58 0 
58 0 
58 0 
58 0 
58 0 
58 0 
58 0 
58 0 
58 0 
58 0 
58 0 
58 0 
58 0 
58 0 
58 0 
58 0 
58 0 
58 0 
58 0 
58 0 
58 0 
58 0 
58 0 
58 0 
58 0 
58 0 
58 0 
58 0 
58 0 
58 0 
58 0 
58 0 
58 0 
58 0 
58 0 
58 0 
58 0 
58 0 
58 0 
58 0 
58 0 
58 0 
58 0 
58 0 
58 0 
58 0 
58 0 
58 0 
58 0 
58 0 
58 0 
58 0 
58 0 
58 0 
58 0.03 
58 0.11 
58 0.19 
58 0.35 
58 0.45 
58 0.65 
58 0.81 
58 0.96 
58 1.16 
58 1.28 
58 1.43 
58 1.61 
58 1.86 
58 2.2 
58 2.44 
58 3.04 
58 3.55 
58 4.62 
58 5.64 
58 6.88 
58 7.93 
58 8.74 
58 9.78 
58 10.54 
58 11.42 
58 12.22 
58 12.85 
58 13.59 
58 14.48 
58 15.09 
58 15.88 
58 16.52 
58 17.39 
58 17.95 
58 18.88 
58 19.29 
58 20.14 
58 20.67 
58 21.4 
58 22.07 
58 22.49 
58 23.47 
58 23.92 
58 24.65 
58 25.08 
58 25.39 
58 26.16 
58 26.5 
58 26.91 
58 27.07 
58 27.48 
58 28.34 
58 28.34 
58 28.76 
58 29.09 
58 29.24 
58 29.45 
58 29.97 
58 30.49 
58 30.61 
58 30.7 
58 30.92 
58 30.91 
58 31.4 
58 31.76 
58 31.95 
58 31.65 
58 31.59 
58 31.92 
58 31.82 
58 31.86 
58 31.8 
58 31.7 
58 31.54 
58 31.24 
58 31.28 
58 30.97 
58 30.8 
58 30.65 
58 30.38 
58 30.08 
58 29.74 
58 29.35 
58 29.16 
58 28.83 
58 28.34 
58 28.01 
58 27.73 
58 27.47 
58 26.89 
58 26.48 
58 26.11 
58 25.77 
58 25.23 
58 24.74 
58 24.3 
58 23.66 
58 23.09 
58 22.54 
58 22.02 
58 21.53 
58 20.88 
58 20.24 
58 19.58 
58 18.9 
58 18.23 
58 17.56 
58 16.79 
58 16.19 
58 15.37 
58 14.49 
58 13.66 
58 12.89 
58 12.07 
58 11.23 
58 10.43 
58 9.55 
58 8.61 
58 7.73 
58 6.87 
58 2.81 
58 0.54 
58 0.48 
58 0.44 
58 0.37 
58 0.35 
58 0.26 
58 0.24 
58 0.13 
58 0.08 
58 0.01 
58 0 
58 0 
58 0 
58 0 
58 0 
58 0 
58 0 
58 0 
58 0 
58 0 
58 0 
58 0 
58 0 
58 0 
58 0 
58 0 
58 0 
58 0 
58 0 
58 0 
58 0 
58 0 
58 0 
58 0 
58 0 
58 0 
58 0 
58 0 
58 0 
58 0 
58 0 
58 0 
58 0 
58 0 
58 0 
58 0 
58 0 
58 0 
58 0 
58 0 
58 0 
58 0 
58 0 
58 0 
58 0 
58 0 
58 0 
58 0 
58 0 
58 0 
58 0 
58 0 
58 0 
58 0 
58 0 
58 0 
58 0 
58 0 
58 0 
58 0 
58 0 
58 0 
58 0 
58 0 
58 0 
58 0 
58 0 
58 0 
58 0 
58 0 
58 0 
58 0 
58 0 
59 0 
59 0 
59 0 
59 0 
59 0 
59 0 
59 0 
59 0 
59 0 
59 0 
59 0 
59 0 
59 0 
59 0 
59 0 
59 0 
59 0 
59 0 
59 0 
59 0 
59 0 
59 0 
59 0 
59 0 
59 0 
59 0 
59 0 
59 0 
59 0 
59 0 
59 0 
59 0 
59 0 
59 0 
59 0 
59 0 
59 0 
59 0 
59 0 
59 0 
59 0 
59 0 
59 0 
59 0 
59 0 
59 0 
59 0 
59 0 
59 0 
59 0 
59 0 
59 0 
59 0 
59 0 
59 0 
59 0 
59 0 
59 0 
59 0 
59 0 
59 0 
59 0 
59 0 
59 0 
59 0 
59 0 
59 0 
59 0 
59 0 
59 0 
59 0 
59 0 
59 0 
59 0 
59 0 
59 0 
59 0 
59 0 
59 0 
59 0 
59 0 
59 0 
59 0 
59 0 
59 0.01 
59 0.15 
59 0.18 
59 0.32 
59 0.52 
59 0.67 
59 0.82 
59 0.97 
59 1.13 
59 1.24 
59 1.44 
59 1.69 
59 1.89 
59 2.16 
59 2.54 
59 2.98 
59 3.94 
59 5.0 
59 5.95 
59 7.08 
59 8.01 
59 8.92 
59 10.06 
59 10.71 
59 11.53 
59 12.39 
59 13.04 
59 13.84 
59 14.61 
59 15.28 
59 16.13 
59 16.59 
59 17.38 
59 18.11 
59 18.76 
59 19.36 
59 20.2 
59 20.7 
59 21.35 
59 22.02 
59 22.61 
59 23.18 
59 23.82 
59 24.36 
59 24.91 
59 25.32 
59 25.91 
59 26.15 
59 26.63 
59 26.96 
59 27.46 
59 28.07 
59 28.03 
59 28.42 
59 29.07 
59 29.21 
59 29.61 
59 29.79 
59 30.36 
59 30.11 
59 30.34 
59 30.86 
59 30.75 
59 30.89 
59 31.24 
59 31.66 
59 31.8 
59 31.67 
59 31.58 
59 31.62 
59 31.55 
59 31.59 
59 31.59 
59 31.15 
59 30.79 
59 30.72 
59 30.09 
59 30.68 
59 30.66 
59 30.22 
59 29.86 
59 29.49 
59 29.36 
59 29.08 
59 28.54 
59 28.56 
59 27.99 
59 27.21 
59 26.24 
59 26.0 
59 25.5 
59 25.47 
59 25.64 
59 25.27 
59 24.95 
59 24.41 
59 23.96 
59 23.23 
59 22.47 
59 20.75 
59 19.83 
59 19.5 
59 18.95 
59 19.09 
59 19.2 
59 18.55 
59 16.63 
59 16.18 
59 14.74 
59 13.81 
59 14.32 
59 11.64 
59 10.0 
59 12.83 
59 11.89 
59 10.73 
59 9.43 
59 6.99 
59 4.3 
59 5.7 
59 4.0 
59 0.76 
59 0.69 
59 0.62 
59 0.58 
59 0.5 
59 0.4 
59 0.3 
59 0.2 
59 0.09 
59 0.03 
59 0 
59 0 
59 0 
59 0 
59 0 
59 0 
59 0 
59 0 
59 0 
59 0 
59 0 
59 0 
59 0 
59 0 
59 0 
59 0 
59 0 
59 0 
59 0 
59 0 
59 0 
59 0 
59 0 
59 0 
59 0 
59 0 
59 0 
59 0 
59 0 
59 0 
59 0 
59 0 
59 0 
59 0 
59 0 
59 0 
59 0 
59 0 
59 0 
59 0 
59 0 
59 0 
59 0 
59 0 
59 0 
59 0 
59 0 
59 0 
59 0 
59 0 
59 0 
59 0 
59 0 
59 0 
59 0 
59 0 
59 0 
59 0 
59 0 
59 0 
59 0 
59 0 
59 0 
59 0 
59 0 
59 0 
59 0 
59 0 
59 0 
59 0 
59 0 
59 0 
59 0 
60 0 
274 0 
274 0 
274 0 
274 0 
274 0 
274 0 
274 0 
274 0 
274 0 
274 0 
274 0 
274 0 
274 0 
274 0 
274 0 
274 0 
274 0 
274 0 
274 0 
274 0 
274 0 
274 0 
274 0 
274 0 
274 0 
274 0 
274 0 
274 0 
274 0 
274 0 
274 0 
274 0 
274 0 
274 0 
274 0 
274 0 
274 0 
274 0 
274 0 
274 0 
274 0 
274 0 
274 0 
274 0 
274 0 
274 0 
274 0 
274 0 
274 0 
274 0 
274 0 
274 0 
274 0 
274 0 
274 0 
274 0 
274 0 
274 0 
274 0 
274 0 
274 0 
274 0 
274 0 
274 0 
274 0 
274 0 
274 0 
274 0 
274 0 
274 0 
274 0 
274 0 
274 0 
274 0 
274 0 
274 0 
274 0 
274 0 
274 0 
274 0 
274 0 
274 0 
274 0 
274 0 
274 0 
274 0 
274 0 
274 0 
274 0 
274 0 
274 0 
274 0 
274 0 
274 0 
274 0 
274 0 
274 0 
274 0 
274 0 
274 0 
274 0 
274 0 
274 0 
274 0 
274 0 
274 0 
274 0 
274 0 
274 0 
274 0 
274 3.7 
274 3.77 
274 3.39 
274 3.96 
274 4.48 
274 4.53 
274 4.46 
274 4.42 
274 4.35 
274 4.14 
274 4.58 
274 5.08 
274 5.79 
274 6.34 
274 7.02 
274 6.95 
274 7.0 
274 7.38 
274 7.67 
274 8.07 
274 8.32 
274 8.69 
274 9.16 
274 9.98 
274 10.88 
274 12.23 
274 13.5 
274 15.3 
274 19.97 
274 20.74 
274 21.95 
274 30.77 
274 30.71 
274 30.56 
274 30.6 
274 31.04 
274 31.61 
274 31.52 
274 31.78 
274 31.76 
274 32.78 
274 32.75 
274 32.67 
274 32.61 
274 32.55 
274 32.67 
274 32.45 
274 32.05 
274 31.58 
274 32.03 
274 31.89 
274 31.93 
274 31.6 
274 31.54 
274 31.4 
274 31.12 
274 30.95 
274 31.13 
274 30.97 
274 30.65 
274 30.26 
274 29.95 
274 29.76 
274 29.44 
274 29.2 
274 28.87 
274 28.46 
274 28.18 
274 27.78 
274 27.67 
274 27.19 
274 26.65 
274 26.48 
274 25.96 
274 25.61 
274 24.83 
274 24.44 
274 23.94 
274 23.49 
274 22.93 
274 22.3 
274 21.59 
274 21.0 
274 20.27 
274 19.75 
274 19.03 
274 18.47 
274 17.84 
274 17.17 
274 16.48 
274 15.81 
274 15.01 
274 14.32 
274 13.51 
274 12.74 
274 12.01 
274 11.19 
274 10.31 
274 9.41 
274 8.5 
274 7.62 
274 6.74 
274 6.0 
274 5.17 
274 0.8 
274 0.64 
274 0.56 
274 0.5 
274 0.48 
274 0.41 
274 0.35 
274 0.27 
274 0.17 
274 0.08 
274 0.07 
274 0 
274 0 
274 0 
274 0 
274 0 
274 0 
274 0 
274 0 
274 0 
274 0 
274 0 
274 0 
274 0 
274 0 
274 0 
274 0 
274 0 
274 0 
274 0 
274 0 
274 0 
274 0 
274 0 
274 0 
274 0 
274 0 
274 0 
274 0 
274 0 
274 0 
274 0 
274 0 
274 0 
274 0 
274 0 
274 0 
274 0 
274 0 
274 0 
274 0 
274 0 
274 0 
274 0 
274 0 
274 0 
274 0 
274 0 
274 0 
274 0 
274 0 
274 0 
274 0 
274 0 
274 0 
274 0 
274 0 
274 0 
274 0 
274 0 
274 0 
274 0 
274 0 
275 0 
275 0 
275 0 
275 0 
275 0 
275 0 
275 0 
275 0 
275 0 
275 0 
275 0 
275 0 
275 0 
275 0 
275 0 
275 0 
275 0 
275 0 
275 0 
275 0 
275 0 
275 0 
275 0 
275 0 
275 0 
275 0 
275 0 
275 0 
275 0 
275 0 
275 0 
275 0 
275 0 
275 0 
275 0 
275 0 
275 0 
275 0 
275 0 
275 0 
275 0 
275 0 
275 0 
275 0 
275 0 
275 0 
275 0 
275 0 
275 0 
275 0 
275 0 
275 0 
275 0 
275 0 
275 0 
275 0 
275 0 
275 0 
275 0 
275 0 
275 0 
275 0 
275 0 
275 0 
275 0 
275 0 
275 0 
275 0 
275 0 
275 0 
275 0 
275 0 
275 0 
275 0 
275 0 
275 0 
275 0 
275 0 
275 0 
275 0 
275 0 
275 0 
275 0 
275 0 
275 0 
275 0 
275 0 
275 0 
275 0 
275 0 
275 0.04 
275 0.04 
275 0.17 
275 0.26 
275 0.54 
275 0.66 
275 0.8 
275 0.97 
275 1.24 
275 1.46 
275 1.53 
275 2.04 
275 2.04 
275 2.29 
275 2.81 
275 2.8 
275 3.04 
275 3.39 
275 3.87 
275 3.96 
275 4.01 
275 4.69 
275 5.58 
275 5.75 
275 6.25 
275 6.84 
275 7.49 
275 7.92 
275 8.88 
275 10.86 
275 15.17 
275 8.05 
275 15.45 
275 20.63 
275 21.6 
275 21.43 
275 21.16 
275 21.88 
275 22.42 
275 23.04 
275 23.4 
275 24.02 
275 24.64 
275 25.19 
275 26.18 
275 26.54 
275 27.08 
275 27.48 
275 27.7 
275 28.38 
275 28.71 
275 29.14 
275 29.38 
275 29.89 
275 30.02 
275 30.65 
275 30.58 
275 31.29 
275 31.16 
275 31.17 
275 31.18 
275 31.69 
275 31.88 
275 32.09 
275 32.29 
275 32.27 
275 31.87 
275 31.99 
275 32.18 
275 31.87 
275 31.58 
275 31.62 
275 31.4 
275 31.27 
275 31.34 
275 31.4 
275 31.17 
275 30.72 
275 30.78 
275 30.33 
275 30.08 
275 29.94 
275 29.69 
275 29.13 
275 28.92 
275 28.44 
275 28.17 
275 27.76 
275 27.36 
275 27.2 
275 26.75 
275 26.24 
275 25.98 
275 25.53 
275 25.21 
275 24.7 
275 24.16 
275 23.8 
275 23.38 
275 22.62 
275 22.04 
275 21.38 
275 20.98 
275 20.36 
275 19.85 
275 19.16 
275 18.51 
275 17.88 
275 17.17 
275 16.45 
275 15.88 
275 15.05 
275 14.31 
275 13.58 
275 12.72 
275 11.95 
275 11.23 
275 10.34 
275 9.56 
275 8.79 
275 7.96 
275 7.17 
275 6.29 
275 5.54 
275 4.24 
275 0.58 
275 0.5 
275 0.41 
275 0.35 
275 0.27 
275 0.24 
275 0.21 
275 0.12 
275 0.03 
275 0.02 
275 0 
275 0 
275 0 
275 0 
275 0 
275 0 
275 0 
275 0 
275 0 
275 0 
275 0 
275 0 
275 0 
275 0 
275 0 
275 0 
275 0 
275 0 
275 0 
275 0 
275 0 
275 0 
275 0 
275 0 
275 0 
275 0 
275 0 
275 0 
275 0 
275 0 
275 0 
275 0 
275 0 
275 0 
275 0 
275 0 
275 0 
275 0 
275 0 
275 0 
275 0 
275 0 
275 0 
275 0 
275 0 
275 0 
275 0 
275 0 
275 0 
275 0 
275 0 
275 0 
275 0 
275 0 
275 0 
275 0 
275 0 
275 0 
275 0 
275 0 
275 0 
275 0 
275 0 
276 0 
276 0 
276 0 
276 0 
276 0 
276 0 
276 0 
276 0 
276 0 
276 0 
276 0 
276 0 
276 0 
276 0 
276 0 
276 0 
276 0 
276 0 
276 0 
276 0 
276 0 
276 0 
276 0 
276 0 
276 0 
276 0 
276 0 
276 0 
276 0 
276 0 
276 0 
276 0 
276 0 
276 0 
276 0 
276 0 
276 0 
276 0 
276 0 
276 0 
276 0 
276 0 
276 0 
276 0 
276 0 
276 0 
276 0 
276 0 
276 0 
276 0 
276 0 
276 0 
276 0 
276 0 
276 0 
276 0 
276 0 
276 0 
276 0 
276 0 
276 0 
276 0 
276 0 
276 0 
276 0 
276 0 
276 0 
276 0 
276 0 
276 0 
276 0 
276 0 
276 0 
276 0 
276 0 
276 0 
276 0 
276 0 
276 0 
276 0 
276 0 
276 0 
276 0 
276 0 
276 0 
276 0 
276 0 
276 0 
276 0 
276 0 
276 0 
276 0 
276 0 
276 0 
276 0 
276 0 
276 0 
276 0 
276 0 
276 0 
276 0 
276 0 
276 0 
276 0 
276 0 
276 0 
276 0 
276 0 
276 0 
276 0 
276 0 
276 0 
276 0 
276 0 
276 12.14 
276 12.92 
276 13.6 
276 14.09 
276 14.81 
276 15.54 
276 16.14 
276 16.86 
276 17.67 
276 18.17 
276 18.89 
276 19.72 
276 20.48 
276 21.36 
276 22.06 
276 22.65 
276 23.24 
276 23.61 
276 23.98 
276 24.72 
276 25.26 
276 25.78 
276 26.33 
276 26.59 
276 27.23 
276 27.76 
276 28.04 
276 28.15 
276 28.61 
276 29.0 
276 29.5 
276 29.97 
276 30.05 
276 30.69 
276 30.59 
276 30.67 
276 31.1 
276 31.26 
276 31.23 
276 31.83 
276 31.51 
276 31.74 
276 31.79 
276 31.58 
276 31.35 
276 31.22 
276 31.4 
276 31.05 
276 31.04 
276 30.85 
276 30.95 
276 30.49 
276 30.24 
276 30.14 
276 30.16 
276 29.71 
276 29.39 
276 29.17 
276 28.92 
276 28.65 
276 28.42 
276 28.09 
276 27.78 
276 27.51 
276 27.32 
276 26.8 
276 26.37 
276 26.04 
276 25.68 
276 25.26 
276 24.98 
276 24.26 
276 23.66 
276 23.29 
276 22.86 
276 22.33 
276 22.01 
276 21.33 
276 20.84 
276 20.33 
276 19.54 
276 18.87 
276 18.25 
276 17.66 
276 16.88 
276 16.33 
276 15.47 
276 14.81 
276 14.14 
276 13.42 
276 12.51 
276 11.76 
276 10.99 
276 10.16 
276 9.44 
276 8.6 
276 7.72 
276 6.9 
276 6.23 
276 5.39 
276 2.24 
276 0.46 
276 0.43 
276 0.34 
276 0.32 
276 0.26 
276 0.23 
276 0.13 
276 0.15 
276 0.02 
276 0 
276 0 
276 0 
276 0 
276 0 
276 0 
276 0 
276 0 
276 0 
276 0 
276 0 
276 0 
276 0 
276 0 
276 0 
276 0 
276 0 
276 0 
276 0 
276 0 
276 0 
276 0 
276 0 
276 0 
276 0 
276 0 
276 0 
276 0 
276 0 
276 0 
276 0 
276 0 
276 0 
276 0 
276 0 
276 0 
276 0 
276 0 
276 0 
276 0 
276 0 
276 0 
276 0 
276 0 
276 0 
276 0 
276 0 
276 0 
276 0 
276 0 
276 0 
276 0 
276 0 
276 0 
276 0 
276 0 
276 0 
276 0 
276 0 
276 0 
276 0 
276 0 
276 0 
276 0 
277 0 
277 0 
277 0 
277 0 
277 0 
277 0 
277 0 
277 0 
277 0 
277 0 
277 0 
277 0 
277 0 
277 0 
277 0 
277 0 
277 0 
277 0 
277 0 
277 0 
277 0 
277 0 
277 0 
277 0 
277 0 
277 0 
277 0 
277 0 
277 0 
277 0 
277 0 
277 0 
277 0 
277 0 
277 0 
277 0 
277 0 
277 0 
277 0 
277 0 
277 0 
277 0 
277 0 
277 0 
277 0 
277 0 
277 0 
277 0 
277 0 
277 0 
277 0 
277 0 
277 0 
277 0 
277 0 
277 0 
277 0 
277 0 
277 0 
277 0 
277 0 
277 0 
277 0 
277 0 
277 0 
277 0 
277 0 
277 0 
277 0 
277 0 
277 0 
277 0 
277 0 
277 0 
277 0 
277 0 
277 0 
277 0 
277 0 
277 0 
277 0 
277 0 
277 0 
277 0 
277 0 
277 0 
277 0 
277 0 
277 0 
277 0 
277 0 
277 0 
277 0 
277 0 
277 0 
277 0 
277 0 
277 0 
277 0 
277 0 
277 0 
277 0 
277 0 
277 0 
277 0 
277 0 
277 0 
277 0 
277 0 
277 0 
277 0 
277 0 
277 0 
277 0 
277 0 
277 0 
277 5.83 
277 6.59 
277 7.69 
277 8.57 
277 9.36 
277 11.0 
277 11.22 
277 11.56 
277 15.28 
277 23.89 
277 21.35 
277 21.59 
277 22.09 
277 22.58 
277 23.19 
277 23.53 
277 24.14 
277 24.87 
277 25.5 
277 26.14 
277 26.68 
277 27.14 
277 27.35 
277 28.01 
277 28.43 
277 28.85 
277 29.08 
277 29.41 
277 29.78 
277 29.72 
277 30.29 
277 30.59 
277 30.88 
277 31.21 
277 31.55 
277 31.67 
277 31.58 
277 31.76 
277 31.87 
277 31.92 
277 31.86 
277 31.92 
277 31.99 
277 31.52 
277 31.53 
277 31.4 
277 31.18 
277 31.17 
277 31.0 
277 30.87 
277 30.79 
277 30.53 
277 30.54 
277 30.19 
277 29.9 
277 29.73 
277 29.57 
277 29.01 
277 28.74 
277 28.44 
277 28.14 
277 27.8 
277 27.29 
277 27.0 
277 26.71 
277 26.24 
277 25.93 
277 25.46 
277 25.06 
277 24.53 
277 24.04 
277 23.53 
277 23.03 
277 22.55 
277 22.02 
277 21.54 
277 20.92 
277 20.31 
277 19.54 
277 18.98 
277 18.25 
277 17.66 
277 16.98 
277 16.21 
277 15.59 
277 14.77 
277 13.99 
277 13.31 
277 12.5 
277 11.67 
277 10.85 
277 10.02 
277 9.24 
277 8.49 
277 7.59 
277 6.87 
277 6.09 
277 5.34 
277 0.97 
277 0.49 
277 0.43 
277 0.33 
277 0.3 
277 0.22 
277 0.17 
277 0.1 
277 0.1 
277 0.09 
277 0 
277 0 
277 0 
277 0 
277 0 
277 0 
277 0 
277 0 
277 0 
277 0 
277 0 
277 0 
277 0 
277 0 
277 0 
277 0 
277 0 
277 0 
277 0 
277 0 
277 0 
277 0 
277 0 
277 0 
277 0 
277 0 
277 0 
277 0 
277 0 
277 0 
277 0 
277 0 
277 0 
277 0 
277 0 
277 0 
277 0 
277 0 
277 0 
277 0 
277 0 
277 0 
277 0 
277 0 
277 0 
277 0 
277 0 
277 0 
277 0 
277 0 
277 0 
277 0 
277 0 
277 0 
277 0 
277 0 
277 0 
277 0 
277 0 
277 0 
277 0 
277 0 
277 0 
277 0 
278 0 
278 0 
278 0 
278 0 
278 0 
278 0 
278 0 
278 0 
278 0 
278 0 
278 0 
278 0 
278 0 
278 0 
278 0 
278 0 
278 0 
278 0 
278 0 
278 0 
278 0 
278 0 
278 0 
278 0 
278 0 
278 0 
278 0 
278 0 
278 0 
278 0 
278 0 
278 0 
278 0 
278 0 
278 0 
278 0 
278 0 
278 0 
278 0 
278 0 
278 0 
278 0 
278 0 
278 0 
278 0 
278 0 
278 0 
278 0 
278 0 
278 0 
278 0 
278 0 
278 0 
278 0 
278 0 
278 0 
278 0 
278 0 
278 0 
278 0 
278 0 
278 0 
278 0 
278 0 
278 0 
278 0 
278 0 
278 0 
278 0 
278 0 
278 0 
278 0 
278 0 
278 0 
278 0 
278 0 
278 0 
278 0 
278 0 
278 0 
278 0 
278 0 
278 0 
278 0 
278 0 
278 0 
278 0 
278 0 
278 0 
278 0 
278 0 
278 0 
278 0 
278 0 
278 0 
278 0 
278 0 
278 0 
278 0 
278 0 
278 0 
278 0 
278 0 
278 0 
278 0 
278 0 
278 0 
278 0 
278 0 
278 0 
278 0 
278 0 
278 0 
278 0 
278 0 
278 0 
278 0 
278 0 
278 0 
278 8.73 
278 8.72 
278 8.5 
278 11.22 
278 14.81 
278 16.45 
278 20.34 
278 20.36 
278 20.76 
278 21.46 
278 22.14 
278 22.67 
278 23.09 
278 23.74 
278 24.28 
278 24.69 
278 25.38 
278 26.0 
278 26.54 
278 26.72 
278 27.31 
278 27.38 
278 27.94 
278 28.4 
278 28.48 
278 28.67 
278 28.99 
278 29.28 
278 29.46 
278 29.79 
278 30.0 
278 30.19 
278 30.62 
278 30.56 
278 30.79 
278 30.83 
278 30.81 
278 30.92 
278 31.21 
278 30.95 
278 30.87 
278 30.81 
278 30.7 
278 30.69 
278 30.56 
278 30.25 
278 30.4 
278 29.95 
278 29.87 
278 29.6 
278 29.37 
278 28.99 
278 28.84 
278 28.74 
278 28.23 
278 28.03 
278 27.67 
278 27.43 
278 27.18 
278 26.8 
278 26.14 
278 25.9 
278 25.61 
278 25.29 
278 24.71 
278 24.45 
278 23.84 
278 23.23 
278 22.71 
278 22.2 
278 21.56 
278 21.04 
278 20.67 
278 20.05 
278 19.43 
278 18.89 
278 18.32 
278 17.58 
278 16.93 
278 16.25 
278 15.56 
278 14.76 
278 14.09 
278 13.3 
278 12.46 
278 11.67 
278 10.89 
278 10.24 
278 9.44 
278 8.65 
278 7.86 
278 7.13 
278 6.44 
278 5.57 
278 4.8 
278 0.61 
278 0.51 
278 0.45 
278 0.34 
278 0.29 
278 0.21 
278 0.08 
278 0.09 
278 0.05 
278 0.01 
278 0 
278 0 
278 0 
278 0 
278 0 
278 0 
278 0 
278 0 
278 0 
278 0 
278 0 
278 0 
278 0 
278 0 
278 0 
278 0 
278 0 
278 0 
278 0 
278 0 
278 0 
278 0 
278 0 
278 0 
278 0 
278 0 
278 0 
278 0 
278 0 
278 0 
278 0 
278 0 
278 0 
278 0 
278 0 
278 0 
278 0 
278 0 
278 0 
278 0 
278 0 
278 0 
278 0 
278 0 
278 0 
278 0 
278 0 
278 0 
278 0 
278 0 
278 0 
278 0 
278 0 
278 0 
278 0 
278 0 
278 0 
278 0 
278 0 
278 0 
278 0 
278 0 
278 0 
278 0 
279 0 
279 0 
279 0 
279 0 
279 0 
279 0 
279 0 
279 0 
279 0 
279 0 
279 0 
279 0 
279 0 
279 0 
279 0 
279 0 
279 0 
279 0 
279 0 
279 0 
279 0 
279 0 
279 0 
279 0 
279 0 
279 0 
279 0 
279 0 
279 0 
279 0 
279 0 
279 0 
279 0 
279 0 
279 0 
279 0 
279 0 
279 0 
279 0 
279 0 
279 0 
279 0 
279 0 
279 0 
279 0 
279 0 
279 0 
279 0 
279 0 
279 0 
279 0 
279 0 
279 0 
279 0 
279 0 
279 0 
279 0 
279 0 
279 0 
279 0 
279 0 
279 0 
279 0 
279 0 
279 0 
279 0 
279 0 
279 0 
279 0 
279 0 
279 0 
279 0 
279 0 
279 0 
279 0 
279 0 
279 0 
279 0 
279 0 
279 0 
279 0 
279 0 
279 0 
279 0 
279 0 
279 0 
279 0 
279 0 
279 0 
279 0 
279 0 
279 0 
279 0 
279 0 
279 0 
279 0 
279 0 
279 0 
279 0 
279 0 
279 0 
279 0 
279 0 
279 0 
279 0 
279 0 
279 0 
279 0 
279 0 
279 0 
279 0 
279 0 
279 0 
279 0 
279 0 
279 12.08 
279 12.82 
279 13.63 
279 14.18 
279 14.95 
279 15.67 
279 16.38 
279 17.05 
279 17.54 
279 18.39 
279 19.19 
279 19.88 
279 20.55 
279 21.29 
279 21.92 
279 22.64 
279 22.96 
279 23.38 
279 24.33 
279 24.66 
279 25.01 
279 25.82 
279 26.32 
279 26.61 
279 26.68 
279 26.44 
279 27.32 
279 27.47 
279 28.07 
279 28.83 
279 28.99 
279 29.12 
279 29.13 
279 28.91 
279 29.47 
279 28.93 
279 29.75 
279 27.99 
279 29.22 
279 32.01 
279 31.62 
279 31.55 
279 32.22 
279 29.82 
279 26.98 
279 28.38 
279 27.43 
279 27.4 
279 28.22 
279 29.06 
279 30.21 
279 29.63 
279 27.26 
279 27.59 
279 27.59 
279 27.65 
279 27.2 
279 26.46 
279 27.42 
279 26.93 
279 27.58 
279 27.35 
279 25.82 
279 25.13 
279 21.05 
279 23.75 
279 25.66 
279 25.59 
279 24.27 
279 24.37 
279 23.58 
279 20.7 
279 21.42 
279 17.98 
279 17.47 
279 6.99 
279 15.22 
279 18.33 
279 8.56 
279 19.32 
279 19.71 
279 9.15 
279 14.34 
279 15.79 
279 16.33 
279 15.41 
279 14.64 
279 13.84 
279 11.77 
279 9.41 
279 11.13 
279 9.52 
279 6.83 
279 7.33 
279 7.66 
279 7.46 
279 4.96 
279 3.12 
279 3.43 
279 0.73 
279 0.63 
279 0.45 
279 0.34 
279 0.3 
279 0.27 
279 0.22 
279 0.11 
279 0.09 
279 0.01 
279 0.01 
279 0 
279 0 
279 0 
279 0 
279 0 
279 0 
279 0 
279 0 
279 0 
279 0 
279 0 
279 0 
279 0 
279 0 
279 0 
279 0 
279 0 
279 0 
279 0 
279 0 
279 0 
279 0 
279 0 
279 0 
279 0 
279 0 
279 0 
279 0 
279 0 
279 0 
279 0 
279 0 
279 0 
279 0 
279 0 
279 0 
279 0 
279 0 
279 0 
279 0 
279 0 
279 0 
279 0 
279 0 
279 0 
279 0 
279 0 
279 0 
279 0 
279 0 
279 0 
279 0 
279 0 
279 0 
279 0 
279 0 
279 0 
279 0 
279 0 
279 0 
279 0 
279 0 
279 0 
280 0 
280 0 
280 0 
280 0 
280 0 
280 0 
280 0 
280 0 
280 0 
280 0 
280 0 
280 0 
280 0 
280 0 
280 0 
280 0 
280 0 
280 0 
280 0 
280 0 
280 0 
280 0 
280 0 
280 0 
280 0 
280 0 
280 0 
280 0 
280 0 
280 0 
280 0 
280 0 
280 0 
280 0 
280 0 
280 0 
280 0 
280 0 
280 0 
280 0 
280 0 
280 0 
280 0 
280 0 
280 0 
280 0 
280 0 
280 0 
280 0 
280 0 
280 0 
280 0 
280 0 
280 0 
280 0 
280 0 
280 0 
280 0 
280 0 
280 0 
280 0 
280 0 
280 0 
280 0 
280 0 
280 0 
280 0 
280 0 
280 0 
280 0 
280 0 
280 0 
280 0 
280 0 
280 0 
280 0 
280 0 
280 0 
280 0 
280 0 
280 0 
280 0 
280 0 
280 0 
280 0 
280 0 
280 0 
280 0 
280 0 
280 0 
280 0 
280 0 
280 0 
280 0 
280 0 
280 0 
280 0 
280 0 
280 0 
280 0 
280 0 
280 0 
280 0 
280 0 
280 0 
280 0 
280 0 
280 0 
280 0 
280 0 
280 0 
280 0 
280 0 
280 0 
280 0 
280 11.58 
280 12.4 
280 13.04 
280 13.6 
280 14.53 
280 15.27 
280 15.98 
280 16.49 
280 17.25 
280 18.0 
280 18.67 
280 19.33 
280 19.82 
280 20.57 
280 21.28 
280 21.83 
280 22.38 
280 22.96 
280 23.6 
280 23.9 
280 24.49 
280 25.2 
280 25.57 
280 25.87 
280 26.52 
280 26.79 
280 27.09 
280 27.57 
280 27.8 
280 28.14 
280 28.2 
280 28.41 
280 28.78 
280 29.12 
280 29.43 
280 29.87 
280 29.71 
280 29.68 
280 29.98 
280 29.87 
280 29.84 
280 30.27 
280 30.19 
280 30.23 
280 30.25 
280 30.13 
280 30.0 
280 29.95 
280 29.81 
280 29.7 
280 29.38 
280 29.16 
280 28.99 
280 28.81 
280 28.71 
280 28.71 
280 28.25 
280 28.13 
280 27.65 
280 27.62 
280 27.35 
280 26.81 
280 26.65 
280 26.19 
280 25.76 
280 25.19 
280 24.68 
280 24.36 
280 24.02 
280 23.53 
280 22.96 
280 22.44 
280 21.92 
280 21.33 
280 20.83 
280 20.32 
280 19.74 
280 19.14 
280 18.42 
280 17.9 
280 17.28 
280 16.73 
280 16.01 
280 15.26 
280 14.58 
280 13.88 
280 13.13 
280 12.43 
280 11.81 
280 11.08 
280 10.35 
280 9.61 
280 8.78 
280 8.01 
280 7.21 
280 6.51 
280 5.79 
280 5.1 
280 1.61 
280 0.57 
280 0.51 
280 0.45 
280 0.38 
280 0.27 
280 0.23 
280 0.18 
280 0.1 
280 0.08 
280 0 
280 0 
280 0 
280 0 
280 0 
280 0 
280 0 
280 0 
280 0 
280 0 
280 0 
280 0 
280 0 
280 0 
280 0 
280 0 
280 0 
280 0 
280 0 
280 0 
280 0 
280 0 
280 0 
280 0 
280 0 
280 0 
280 0 
280 0 
280 0 
280 0 
280 0 
280 0 
280 0 
280 0 
280 0 
280 0 
280 0 
280 0 
280 0 
280 0 
280 0 
280 0 
280 0 
280 0 
280 0 
280 0 
280 0 
280 0 
280 0 
280 0 
280 0 
280 0 
280 0 
280 0 
280 0 
280 0 
280 0 
280 0 
280 0 
280 0 
280 0 
280 0 
280 0 
280 0 
280 0 
281 0 
281 0 
281 0 
281 0 
281 0 
281 0 
281 0 
281 0 
281 0 
281 0 
281 0 
281 0 
281 0 
281 0 
281 0 
281 0 
281 0 
281 0 
281 0 
281 0 
281 0 
281 0 
281 0 
281 0 
281 0 
281 0 
281 0 
281 0 
281 0 
281 0 
281 0 
281 0 
281 0 
281 0 
281 0 
281 0 
281 0 
281 0 
281 0 
281 0 
281 0 
281 0 
281 0 
281 0 
281 0 
281 0 
281 0 
281 0 
281 0 
281 0 
281 0 
281 0 
281 0 
281 0 
281 0 
281 0 
281 0 
281 0 
281 0 
281 0 
281 0 
281 0 
281 0 
281 0 
281 0 
281 0 
281 0 
281 0 
281 0 
281 0 
281 0 
281 0 
281 0 
281 0 
281 0 
281 0 
281 0 
281 0 
281 0 
281 0 
281 0 
281 0 
281 0 
281 0 
281 0 
281 0 
281 0 
281 0 
281 0 
281 0 
281 0 
281 0 
281 0 
281 0 
281 0 
281 0 
281 0 
281 0 
281 0 
281 0 
281 0 
281 0 
281 0 
281 0 
281 0 
281 0 
281 0 
281 0 
281 0 
281 0 
281 0 
281 0 
281 0 
281 0 
281 0 
281 11.48 
281 12.25 
281 12.92 
281 13.51 
281 14.21 
281 14.97 
281 15.66 
281 16.39 
281 16.91 
281 17.7 
281 18.38 
281 19.0 
281 19.66 
281 20.21 
281 21.13 
281 21.73 
281 22.27 
281 23.0 
281 23.29 
281 23.76 
281 24.46 
281 24.9 
281 25.31 
281 25.72 
281 26.22 
281 26.62 
281 26.79 
281 27.4 
281 27.78 
281 28.13 
281 28.3 
281 28.49 
281 28.89 
281 29.18 
281 29.28 
281 29.29 
281 29.6 
281 29.7 
281 29.64 
281 29.81 
281 30.18 
281 30.09 
281 30.11 
281 30.36 
281 30.06 
281 30.13 
281 30.25 
281 29.72 
281 30.06 
281 29.69 
281 29.65 
281 29.57 
281 29.03 
281 28.81 
281 28.4 
281 28.38 
281 28.03 
281 27.81 
281 27.62 
281 27.09 
281 26.8 
281 26.59 
281 26.28 
281 26.07 
281 25.66 
281 25.13 
281 24.66 
281 24.19 
281 23.93 
281 23.62 
281 23.02 
281 22.47 
281 21.96 
281 21.28 
281 20.94 
281 20.34 
281 19.81 
281 19.19 
281 18.59 
281 18.09 
281 17.51 
281 16.75 
281 16.27 
281 15.57 
281 14.8 
281 14.18 
281 13.49 
281 12.72 
281 12.09 
281 11.34 
281 10.52 
281 9.75 
281 9.04 
281 8.25 
281 7.4 
281 6.62 
281 5.91 
281 5.07 
281 0.71 
281 0.48 
281 0.43 
281 0.38 
281 0.35 
281 0.23 
281 0.22 
281 0.11 
281 0.09 
281 0 
281 0 
281 0 
281 0 
281 0 
281 0 
281 0 
281 0 
281 0 
281 0 
281 0 
281 0 
281 0 
281 0 
281 0 
281 0 
281 0 
281 0 
281 0 
281 0 
281 0 
281 0 
281 0 
281 0 
281 0 
281 0 
281 0 
281 0 
281 0 
281 0 
281 0 
281 0 
281 0 
281 0 
281 0 
281 0 
281 0 
281 0 
281 0 
281 0 
281 0 
281 0 
281 0 
281 0 
281 0 
281 0 
281 0 
281 0 
281 0 
281 0 
281 0 
281 0 
281 0 
281 0 
281 0 
281 0 
281 0 
281 0 
281 0 
281 0 
281 0 
281 0 
281 0 
281 0 
281 0 
281 0 
282 0 
282 0 
282 0 
282 0 
282 0 
282 0 
282 0 
282 0 
282 0 
282 0 
282 0 
282 0 
282 0 
282 0 
282 0 
282 0 
282 0 
282 0 
282 0 
282 0 
282 0 
282 0 
282 0 
282 0 
282 0 
282 0 
282 0 
282 0 
282 0 
282 0 
282 0 
282 0 
282 0 
282 0 
282 0 
282 0 
282 0 
282 0 
282 0 
282 0 
282 0 
282 0 
282 0 
282 0 
282 0 
282 0 
282 0 
282 0 
282 0 
282 0 
282 0 
282 0 
282 0 
282 0 
282 0 
282 0 
282 0 
282 0 
282 0 
282 0 
282 0 
282 0 
282 0 
282 0 
282 0 
282 0 
282 0 
282 0 
282 0 
282 0 
282 0 
282 0 
282 0 
282 0 
282 0 
282 0 
282 0 
282 0 
282 0 
282 0 
282 0 
282 0 
282 0 
282 0 
282 0 
282 0 
282 0 
282 0 
282 0 
282 0 
282 0 
282 0 
282 0 
282 0 
282 0 
282 0 
282 0 
282 0 
282 0 
282 0 
282 0 
282 0 
282 0 
282 0 
282 0 
282 0 
282 0 
282 0 
282 0 
282 0 
282 0 
282 0 
282 0 
282 4.65 
282 5.17 
282 5.71 
282 6.41 
282 6.79 
282 7.92 
282 9.25 
282 11.5 
282 12.31 
282 12.08 
282 12.97 
282 11.21 
282 11.02 
282 22.02 
282 13.8 
282 21.5 
282 21.65 
282 22.01 
282 22.75 
282 23.25 
282 23.58 
282 24.03 
282 24.67 
282 25.24 
282 25.79 
282 26.55 
282 26.94 
282 27.36 
282 27.52 
282 28.21 
282 28.37 
282 28.64 
282 28.91 
282 29.17 
282 29.64 
282 29.81 
282 29.75 
282 29.8 
282 30.01 
282 29.6 
282 30.22 
282 30.51 
282 30.43 
282 30.74 
282 30.57 
282 30.58 
282 30.38 
282 30.3 
282 30.43 
282 30.5 
282 30.12 
282 30.15 
282 29.82 
282 29.61 
282 29.57 
282 29.6 
282 29.02 
282 28.73 
282 28.69 
282 28.33 
282 28.06 
282 27.84 
282 27.53 
282 27.39 
282 26.95 
282 26.62 
282 26.15 
282 25.91 
282 25.38 
282 24.83 
282 24.5 
282 24.03 
282 23.52 
282 22.98 
282 22.47 
282 21.86 
282 21.43 
282 20.81 
282 20.24 
282 19.8 
282 19.08 
282 18.54 
282 17.81 
282 17.18 
282 16.53 
282 15.79 
282 14.91 
282 14.26 
282 13.46 
282 12.82 
282 12.05 
282 11.43 
282 10.56 
282 9.77 
282 8.97 
282 8.21 
282 7.34 
282 6.6 
282 5.79 
282 4.42 
282 0.54 
282 0.45 
282 0.45 
282 0.35 
282 0.32 
282 0.23 
282 0.18 
282 0.13 
282 0.03 
282 0 
282 0 
282 0 
282 0 
282 0 
282 0 
282 0 
282 0 
282 0 
282 0 
282 0 
282 0 
282 0 
282 0 
282 0 
282 0 
282 0 
282 0 
282 0 
282 0 
282 0 
282 0 
282 0 
282 0 
282 0 
282 0 
282 0 
282 0 
282 0 
282 0 
282 0 
282 0 
282 0 
282 0 
282 0 
282 0 
282 0 
282 0 
282 0 
282 0 
282 0 
282 0 
282 0 
282 0 
282 0 
282 0 
282 0 
282 0 
282 0 
282 0 
282 0 
282 0 
282 0 
282 0 
282 0 
282 0 
282 0 
282 0 
282 0 
282 0 
282 0 
282 0 
282 0 
282 0 
282 0 
282 0 
283 0 
283 0 
283 0 
283 0 
283 0 
283 0 
283 0 
283 0 
283 0 
283 0 
283 0 
283 0 
283 0 
283 0 
283 0 
283 0 
283 0 
283 0 
283 0 
283 0 
283 0 
283 0 
283 0 
283 0 
283 0 
283 0 
283 0 
283 0 
283 0 
283 0 
283 0 
283 0 
283 0 
283 0 
283 0 
283 0 
283 0 
283 0 
283 0 
283 0 
283 0 
283 0 
283 0 
283 0 
283 0 
283 0 
283 0 
283 0 
283 0 
283 0 
283 0 
283 0 
283 0 
283 0 
283 0 
283 0 
283 0 
283 0 
283 0 
283 0 
283 0 
283 0 
283 0 
283 0 
283 0 
283 0 
283 0 
283 0 
283 0 
283 0 
283 0 
283 0 
283 0 
283 0 
283 0 
283 0 
283 0 
283 0 
283 0 
283 0 
283 0 
283 0 
283 0 
283 0 
283 0 
283 0 
283 0 
283 0 
283 0 
283 0 
283 0 
283 0 
283 0 
283 0 
283 0 
283 0 
283 0 
283 0 
283 0 
283 0 
283 0 
283 0 
283 0 
283 0 
283 0 
283 0 
283 0 
283 0 
283 0 
283 0 
283 0 
283 0 
283 0 
283 0 
283 0 
283 0 
283 0 
283 0 
283 5.63 
283 6.57 
283 7.97 
283 8.65 
283 9.3 
283 9.57 
283 11.82 
283 19.88 
283 12.27 
283 18.49 
283 23.87 
283 19.19 
283 24.42 
283 24.32 
283 24.58 
283 24.14 
283 24.06 
283 24.58 
283 25.2 
283 25.66 
283 26.13 
283 26.62 
283 26.86 
283 27.22 
283 27.7 
283 28.01 
283 28.45 
283 28.9 
283 29.06 
283 29.14 
283 29.47 
283 30.22 
283 29.86 
283 29.94 
283 30.09 
283 30.08 
283 30.26 
283 30.41 
283 30.52 
283 30.39 
283 30.72 
283 30.63 
283 30.35 
283 30.36 
283 30.23 
283 30.28 
283 30.05 
283 29.92 
283 29.65 
283 29.56 
283 29.26 
283 29.08 
283 28.88 
283 28.63 
283 28.64 
283 28.2 
283 27.92 
283 27.43 
283 27.15 
283 26.91 
283 26.39 
283 26.17 
283 25.5 
283 25.14 
283 24.7 
283 24.3 
283 23.87 
283 23.35 
283 22.8 
283 22.25 
283 21.94 
283 21.3 
283 20.75 
283 20.07 
283 19.5 
283 18.83 
283 18.37 
283 17.68 
283 17.0 
283 16.42 
283 15.66 
283 15.01 
283 14.23 
283 13.38 
283 12.84 
283 12.05 
283 11.27 
283 10.45 
283 9.77 
283 9.05 
283 8.27 
283 7.52 
283 6.66 
283 5.93 
283 1.23 
283 0.45 
283 0.4 
283 0.34 
283 0.29 
283 0.27 
283 0.2 
283 0.15 
283 0.1 
283 0.02 
283 0 
283 0 
283 0 
283 0 
283 0 
283 0 
283 0 
283 0 
283 0 
283 0 
283 0 
283 0 
283 0 
283 0 
283 0 
283 0 
283 0 
283 0 
283 0 
283 0 
283 0 
283 0 
283 0 
283 0 
283 0 
283 0 
283 0 
283 0 
283 0 
283 0 
283 0 
283 0 
283 0 
283 0 
283 0 
283 0 
283 0 
283 0 
283 0 
283 0 
283 0 
283 0 
283 0 
283 0 
283 0 
283 0 
283 0 
283 0 
283 0 
283 0 
283 0 
283 0 
283 0 
283 0 
283 0 
283 0 
283 0 
283 0 
283 0 
283 0 
283 0 
283 0 
283 0 
283 0 
283 0 
283 0 
284 0 
284 0 
284 0 
284 0 
284 0 
284 0 
284 0 
284 0 
284 0 
284 0 
284 0 
284 0 
284 0 
284 0 
284 0 
284 0 
284 0 
284 0 
284 0 
284 0 
284 0 
284 0 
284 0 
284 0 
284 0 
284 0 
284 0 
284 0 
284 0 
284 0 
284 0 
284 0 
284 0 
284 0 
284 0 
284 0 
284 0 
284 0 
284 0 
284 0 
284 0 
284 0 
284 0 
284 0 
284 0 
284 0 
284 0 
284 0 
284 0 
284 0 
284 0 
284 0 
284 0 
284 0 
284 0 
284 0 
284 0 
284 0 
284 0 
284 0 
284 0 
284 0 
284 0 
284 0 
284 0 
284 0 
284 0 
284 0 
284 0 
284 0 
284 0 
284 0 
284 0 
284 0 
284 0 
284 0 
284 0 
284 0 
284 0 
284 0 
284 0 
284 0 
284 0 
284 0 
284 0 
284 0 
284 0 
284 0 
284 0 
284 0 
284 0 
284 0 
284 0 
284 0 
284 0 
284 0 
284 0 
284 0 
284 0 
284 0 
284 0 
284 0 
284 0 
284 0 
284 0 
284 0 
284 0 
284 2.97 
284 2.49 
284 2.85 
284 1.96 
284 4.36 
284 4.31 
284 4.65 
284 3.67 
284 5.32 
284 6.05 
284 6.54 
284 6.37 
284 7.05 
284 6.58 
284 7.02 
284 6.69 
284 7.12 
284 7.95 
284 9.29 
284 9.29 
284 9.72 
284 11.98 
284 13.44 
284 15.26 
284 16.1 
284 29.38 
284 29.16 
284 25.1 
284 24.95 
284 25.12 
284 25.6 
284 26.09 
284 26.19 
284 26.75 
284 27.05 
284 27.53 
284 27.78 
284 27.89 
284 28.5 
284 28.89 
284 29.33 
284 29.2 
284 29.82 
284 30.01 
284 30.0 
284 29.92 
284 30.08 
284 30.16 
284 30.25 
284 30.42 
284 30.44 
284 30.44 
284 30.55 
284 30.36 
284 30.49 
284 30.56 
284 30.47 
284 30.1 
284 29.89 
284 29.68 
284 29.58 
284 29.37 
284 29.21 
284 29.14 
284 28.7 
284 28.42 
284 28.08 
284 27.37 
284 27.21 
284 26.97 
284 26.64 
284 26.09 
284 25.7 
284 25.28 
284 24.98 
284 24.41 
284 23.99 
284 23.74 
284 23.07 
284 22.61 
284 21.77 
284 21.43 
284 21.16 
284 20.64 
284 19.84 
284 19.26 
284 18.66 
284 17.99 
284 17.45 
284 16.87 
284 16.03 
284 15.26 
284 14.63 
284 13.94 
284 13.17 
284 12.46 
284 11.62 
284 10.87 
284 10.12 
284 9.22 
284 8.5 
284 7.75 
284 6.95 
284 6.12 
284 5.03 
284 0.67 
284 0.56 
284 0.46 
284 0.41 
284 0.36 
284 0.26 
284 0.22 
284 0.19 
284 0.08 
284 0.07 
284 0 
284 0 
284 0 
284 0 
284 0 
284 0 
284 0 
284 0 
284 0 
284 0 
284 0 
284 0 
284 0 
284 0 
284 0 
284 0 
284 0 
284 0 
284 0 
284 0 
284 0 
284 0 
284 0 
284 0 
284 0 
284 0 
284 0 
284 0 
284 0 
284 0 
284 0 
284 0 
284 0 
284 0 
284 0 
284 0 
284 0 
284 0 
284 0 
284 0 
284 0 
284 0 
284 0 
284 0 
284 0 
284 0 
284 0 
284 0 
284 0 
284 0 
284 0 
284 0 
284 0 
284 0 
284 0 
284 0 
284 0 
284 0 
284 0 
284 0 
284 0 
284 0 
284 0 
284 0 
284 0 
284 0 
285 0 
285 0 
285 0 
285 0 
285 0 
285 0 
285 0 
285 0 
285 0 
285 0 
285 0 
285 0 
285 0 
285 0 
285 0 
285 0 
285 0 
285 0 
285 0 
285 0 
285 0 
285 0 
285 0 
285 0 
285 0 
285 0 
285 0 
285 0 
285 0 
285 0 
285 0 
285 0 
285 0 
285 0 
285 0 
285 0 
285 0 
285 0 
285 0 
285 0 
285 0 
285 0 
285 0 
285 0 
285 0 
285 0 
285 0 
285 0 
285 0 
285 0 
285 0 
285 0 
285 0 
285 0 
285 0 
285 0 
285 0 
285 0 
285 0 
285 0 
285 0 
285 0 
285 0 
285 0 
285 0 
285 0 
285 0 
285 0 
285 0 
285 0 
285 0 
285 0 
285 0 
285 0 
285 0 
285 0 
285 0 
285 0 
285 0 
285 0 
285 0 
285 0 
285 0 
285 0 
285 0 
285 0 
285 0 
285 0 
285 0 
285 0 
285 0 
285 0 
285 0 
285 0 
285 0 
285 0 
285 0 
285 0 
285 0 
285 0 
285 0 
285 0 
285 0 
285 0 
285 0 
285 0 
285 0 
285 0 
285 0 
285 0 
285 0 
285 0 
285 0 
285 0 
285 0 
285 3.59 
285 3.71 
285 4.27 
285 4.35 
285 4.76 
285 5.38 
285 5.37 
285 5.62 
285 5.94 
285 6.88 
285 7.1 
285 7.67 
285 7.93 
285 8.22 
285 9.03 
285 8.83 
285 9.31 
285 9.5 
285 11.74 
285 16.38 
285 26.69 
285 24.59 
285 24.94 
285 25.32 
285 25.82 
285 26.26 
285 26.58 
285 26.97 
285 27.44 
285 27.71 
285 28.03 
285 28.2 
285 28.23 
285 28.62 
285 28.92 
285 28.77 
285 28.95 
285 28.94 
285 29.24 
285 29.39 
285 29.47 
285 29.77 
285 29.64 
285 29.77 
285 29.93 
285 29.85 
285 29.84 
285 29.9 
285 29.63 
285 29.4 
285 29.35 
285 29.16 
285 29.0 
285 28.75 
285 28.67 
285 28.32 
285 28.07 
285 27.8 
285 27.45 
285 26.93 
285 26.69 
285 26.36 
285 26.23 
285 25.75 
285 25.32 
285 24.85 
285 24.24 
285 24.08 
285 23.55 
285 23.02 
285 22.48 
285 22.05 
285 21.56 
285 20.84 
285 20.34 
285 19.83 
285 19.27 
285 18.66 
285 18.12 
285 17.48 
285 16.83 
285 15.85 
285 15.38 
285 14.18 
285 14.09 
285 13.36 
285 12.75 
285 11.84 
285 11.13 
285 10.44 
285 9.71 
285 8.83 
285 7.99 
285 7.27 
285 6.39 
285 5.73 
285 2.14 
285 0.68 
285 0.61 
285 0.56 
285 0.5 
285 0.43 
285 0.31 
285 0.28 
285 0.14 
285 0.06 
285 0.04 
285 0 
285 0 
285 0 
285 0 
285 0 
285 0 
285 0 
285 0 
285 0 
285 0 
285 0 
285 0 
285 0 
285 0 
285 0 
285 0 
285 0 
285 0 
285 0 
285 0 
285 0 
285 0 
285 0 
285 0 
285 0 
285 0 
285 0 
285 0 
285 0 
285 0 
285 0 
285 0 
285 0 
285 0 
285 0 
285 0 
285 0 
285 0 
285 0 
285 0 
285 0 
285 0 
285 0 
285 0 
285 0 
285 0 
285 0 
285 0 
285 0 
285 0 
285 0 
285 0 
285 0 
285 0 
285 0 
285 0 
285 0 
285 0 
285 0 
285 0 
285 0 
285 0 
285 0 
285 0 
285 0 
285 0 
286 0 
286 0 
286 0 
286 0 
286 0 
286 0 
286 0 
286 0 
286 0 
286 0 
286 0 
286 0 
286 0 
286 0 
286 0 
286 0 
286 0 
286 0 
286 0 
286 0 
286 0 
286 0 
286 0 
286 0 
286 0 
286 0 
286 0 
286 0 
286 0 
286 0 
286 0 
286 0 
286 0 
286 0 
286 0 
286 0 
286 0 
286 0 
286 0 
286 0 
286 0 
286 0 
286 0 
286 0 
286 0 
286 0 
286 0 
286 0 
286 0 
286 0 
286 0 
286 0 
286 0 
286 0 
286 0 
286 0 
286 0 
286 0 
286 0 
286 0 
286 0 
286 0 
286 0 
286 0 
286 0 
286 0 
286 0 
286 0 
286 0 
286 0 
286 0 
286 0 
286 0 
286 0 
286 0 
286 0 
286 0 
286 0 
286 0 
286 0 
286 0 
286 0 
286 0 
286 0 
286 0 
286 0 
286 0 
286 0 
286 0 
286 0 
286 0 
286 0 
286 0 
286 0 
286 0 
286 0 
286 0 
286 0 
286 0 
286 0 
286 0 
286 0 
286 0 
286 0 
286 0 
286 0 
286 0 
286 0 
286 0 
286 0 
286 0 
286 0 
286 0 
286 0 
286 4.09 
286 5.92 
286 6.49 
286 5.67 
286 6.46 
286 6.6 
286 6.88 
286 6.8 
286 6.56 
286 6.38 
286 7.0 
286 6.97 
286 6.43 
286 6.85 
286 7.17 
286 7.59 
286 8.21 
286 8.25 
286 8.43 
286 8.56 
286 9.01 
286 9.82 
286 10.47 
286 11.44 
286 12.04 
286 15.12 
286 17.05 
286 21.86 
286 29.97 
286 27.64 
286 27.79 
286 27.95 
286 28.34 
286 28.46 
286 29.12 
286 29.34 
286 29.14 
286 29.31 
286 29.16 
286 29.59 
286 29.9 
286 29.92 
286 29.9 
286 29.92 
286 30.08 
286 30.19 
286 29.81 
286 30.29 
286 30.44 
286 30.15 
286 29.95 
286 29.95 
286 29.64 
286 29.16 
286 28.89 
286 28.83 
286 28.54 
286 28.18 
286 27.92 
286 27.68 
286 27.28 
286 26.94 
286 26.5 
286 26.32 
286 25.78 
286 25.46 
286 25.12 
286 24.43 
286 24.24 
286 23.86 
286 23.38 
286 22.96 
286 22.33 
286 21.83 
286 21.26 
286 20.79 
286 20.29 
286 19.71 
286 19.12 
286 18.42 
286 17.77 
286 17.35 
286 16.45 
286 15.85 
286 15.18 
286 14.46 
286 13.71 
286 12.94 
286 12.24 
286 11.4 
286 10.6 
286 9.82 
286 9.04 
286 8.27 
286 7.44 
286 6.7 
286 5.88 
286 0.71 
286 0.51 
286 0.43 
286 0.4 
286 0.34 
286 0.32 
286 0.21 
286 0.13 
286 0.1 
286 0.08 
286 0 
286 0 
286 0 
286 0 
286 0 
286 0 
286 0 
286 0 
286 0 
286 0 
286 0 
286 0 
286 0 
286 0 
286 0 
286 0 
286 0 
286 0 
286 0 
286 0 
286 0 
286 0 
286 0 
286 0 
286 0 
286 0 
286 0 
286 0 
286 0 
286 0 
286 0 
286 0 
286 0 
286 0 
286 0 
286 0 
286 0 
286 0 
286 0 
286 0 
286 0 
286 0 
286 0 
286 0 
286 0 
286 0 
286 0 
286 0 
286 0 
286 0 
286 0 
286 0 
286 0 
286 0 
286 0 
286 0 
286 0 
286 0 
286 0 
286 0 
286 0 
286 0 
286 0 
286 0 
286 0 
286 0 
286 0 
287 0 
287 0 
287 0 
287 0 
287 0 
287 0 
287 0 
287 0 
287 0 
287 0 
287 0 
287 0 
287 0 
287 0 
287 0 
287 0 
287 0 
287 0 
287 0 
287 0 
287 0 
287 0 
287 0 
287 0 
287 0 
287 0 
287 0 
287 0 
287 0 
287 0 
287 0 
287 0 
287 0 
287 0 
287 0 
287 0 
287 0 
287 0 
287 0 
287 0 
287 0 
287 0 
287 0 
287 0 
287 0 
287 0 
287 0 
287 0 
287 0 
287 0 
287 0 
287 0 
287 0 
287 0 
287 0 
287 0 
287 0 
287 0 
287 0 
287 0 
287 0 
287 0 
287 0 
287 0 
287 0 
287 0 
287 0 
287 0 
287 0 
287 0 
287 0 
287 0 
287 0 
287 0 
287 0 
287 0 
287 0 
287 0 
287 0 
287 0 
287 0 
287 0 
287 0 
287 0 
287 0 
287 0 
287 0 
287 0 
287 0 
287 0 
287 0 
287 0 
287 0 
287 0 
287 0 
287 0 
287 0 
287 0 
287 0 
287 0 
287 0 
287 0 
287 0 
287 0 
287 0 
287 0 
287 0 
287 0 
287 0 
287 0 
287 0 
287 0 
287 0 
287 4.6 
287 5.86 
287 6.06 
287 5.49 
287 5.35 
287 5.76 
287 6.03 
287 6.88 
287 7.67 
287 8.44 
287 8.45 
287 7.89 
287 7.85 
287 9.07 
287 12.36 
287 14.25 
287 15.42 
287 17.47 
287 15.09 
287 22.37 
287 26.14 
287 23.5 
287 24.08 
287 24.35 
287 25.01 
287 25.46 
287 25.73 
287 25.98 
287 26.64 
287 26.84 
287 27.3 
287 27.73 
287 27.9 
287 28.24 
287 28.48 
287 28.79 
287 28.87 
287 29.36 
287 29.22 
287 29.52 
287 29.53 
287 29.9 
287 29.73 
287 30.01 
287 30.03 
287 30.1 
287 30.09 
287 30.36 
287 30.32 
287 30.27 
287 30.18 
287 30.37 
287 29.89 
287 29.62 
287 29.35 
287 28.95 
287 29.05 
287 28.65 
287 28.45 
287 28.25 
287 27.95 
287 27.77 
287 27.33 
287 26.79 
287 26.38 
287 26.05 
287 25.71 
287 25.27 
287 24.77 
287 24.29 
287 23.84 
287 23.48 
287 22.84 
287 22.32 
287 21.89 
287 21.42 
287 20.85 
287 20.2 
287 19.67 
287 19.13 
287 18.47 
287 17.81 
287 17.08 
287 16.41 
287 15.71 
287 15.02 
287 14.33 
287 13.58 
287 12.8 
287 12.04 
287 11.28 
287 10.47 
287 9.64 
287 8.92 
287 8.17 
287 7.4 
287 6.57 
287 5.47 
287 0.53 
287 0.49 
287 0.41 
287 0.39 
287 0.33 
287 0.3 
287 0.16 
287 0.13 
287 0.08 
287 0.09 
287 0 
287 0 
287 0 
287 0 
287 0 
287 0 
287 0 
287 0 
287 0 
287 0 
287 0 
287 0 
287 0 
287 0 
287 0 
287 0 
287 0 
287 0 
287 0 
287 0 
287 0 
287 0 
287 0 
287 0 
287 0 
287 0 
287 0 
287 0 
287 0 
287 0 
287 0 
287 0 
287 0 
287 0 
287 0 
287 0 
287 0 
287 0 
287 0 
287 0 
287 0 
287 0 
287 0 
287 0 
287 0 
287 0 
287 0 
287 0 
287 0 
287 0 
287 0 
287 0 
287 0 
287 0 
287 0 
287 0 
287 0 
287 0 
287 0 
287 0 
287 0 
287 0 
287 0 
287 0 
287 0 
287 0 
287 0 
288 0 
288 0 
288 0 
288 0 
288 0 
288 0 
288 0 
288 0 
288 0 
288 0 
288 0 
288 0 
288 0 
288 0 
288 0 
288 0 
288 0 
288 0 
288 0 
288 0 
288 0 
288 0 
288 0 
288 0 
288 0 
288 0 
288 0 
288 0 
288 0 
288 0 
288 0 
288 0 
288 0 
288 0 
288 0 
288 0 
288 0 
288 0 
288 0 
288 0 
288 0 
288 0 
288 0 
288 0 
288 0 
288 0 
288 0 
288 0 
288 0 
288 0 
288 0 
288 0 
288 0 
288 0 
288 0 
288 0 
288 0 
288 0 
288 0 
288 0 
288 0 
288 0 
288 0 
288 0 
288 0 
288 0 
288 0 
288 0 
288 0 
288 0 
288 0 
288 0 
288 0 
288 0 
288 0 
288 0 
288 0 
288 0 
288 0 
288 0 
288 0 
288 0 
288 0 
288 0 
288 0 
288 0 
288 0 
288 0 
288 0 
288 0 
288 0 
288 0 
288 0 
288 0 
288 0 
288 0 
288 0 
288 0 
288 0 
288 0 
288 0 
288 0 
288 0 
288 0 
288 0 
288 0 
288 0 
288 0 
288 0 
288 0 
288 0 
288 0 
288 0 
288 0 
288 0 
288 3.15 
288 3.49 
288 3.44 
288 3.63 
288 3.48 
288 3.73 
288 3.98 
288 4.45 
288 4.81 
288 5.3 
288 6.23 
288 6.47 
288 6.93 
288 7.15 
288 7.79 
288 8.1 
288 8.28 
288 9.15 
288 10.23 
288 11.41 
288 12.41 
288 14.15 
288 14.59 
288 30.73 
288 28.81 
288 26.64 
288 26.48 
288 26.3 
288 26.63 
288 27.01 
288 27.22 
288 27.8 
288 28.0 
288 28.61 
288 28.75 
288 28.88 
288 28.92 
288 28.92 
288 29.1 
288 29.42 
288 29.3 
288 29.83 
288 29.7 
288 29.61 
288 29.8 
288 29.9 
288 29.64 
288 30.09 
288 30.28 
288 30.34 
288 29.67 
288 29.49 
288 29.14 
288 29.06 
288 28.93 
288 28.45 
288 28.53 
288 28.05 
288 27.83 
288 27.29 
288 26.84 
288 26.64 
288 26.22 
288 25.86 
288 25.67 
288 25.44 
288 25.15 
288 24.77 
288 24.4 
288 23.97 
288 23.33 
288 22.87 
288 22.45 
288 21.93 
288 21.36 
288 20.85 
288 20.31 
288 19.7 
288 19.04 
288 18.41 
288 17.51 
288 16.74 
288 15.95 
288 15.04 
288 14.53 
288 12.3 
288 12.42 
288 12.19 
288 11.22 
288 1.91 
288 1.12 
288 1.09 
288 0.8 
288 0.62 
288 0.6 
288 0.47 
288 0.39 
288 0.39 
288 0.31 
288 0.3 
288 0.18 
288 0.15 
288 0.07 
288 0.04 
288 0.04 
288 0 
288 0 
288 0 
288 0 
288 0 
288 0 
288 0 
288 0 
288 0 
288 0 
288 0 
288 0 
288 0 
288 0 
288 0 
288 0 
288 0 
288 0 
288 0 
288 0 
288 0 
288 0 
288 0 
288 0 
288 0 
288 0 
288 0 
288 0 
288 0 
288 0 
288 0 
288 0 
288 0 
288 0 
288 0 
288 0 
288 0 
288 0 
288 0 
288 0 
288 0 
288 0 
288 0 
288 0 
288 0 
288 0 
288 0 
288 0 
288 0 
288 0 
288 0 
288 0 
288 0 
288 0 
288 0 
288 0 
288 0 
288 0 
288 0 
288 0 
288 0 
288 0 
288 0 
288 0 
288 0 
288 0 
288 0 
288 0 
289 0 
289 0 
289 0 
289 0 
289 0 
289 0 
289 0 
289 0 
289 0 
289 0 
289 0 
289 0 
289 0 
289 0 
289 0 
289 0 
289 0 
289 0 
289 0 
289 0 
289 0 
289 0 
289 0 
289 0 
289 0 
289 0 
289 0 
289 0 
289 0 
289 0 
289 0 
289 0 
289 0 
289 0 
289 0 
289 0 
289 0 
289 0 
289 0 
289 0 
289 0 
289 0 
289 0 
289 0 
289 0 
289 0 
289 0 
289 0 
289 0 
289 0 
289 0 
289 0 
289 0 
289 0 
289 0 
289 0 
289 0 
289 0 
289 0 
289 0 
289 0 
289 0 
289 0 
289 0 
289 0 
289 0 
289 0 
289 0 
289 0 
289 0 
289 0 
289 0 
289 0 
289 0 
289 0 
289 0 
289 0 
289 0 
289 0 
289 0 
289 0 
289 0 
289 0 
289 0 
289 0 
289 0 
289 0 
289 0 
289 0 
289 0 
289 0 
289 0 
289 0 
289 0 
289 0 
289 0 
289 0.04 
289 0.08 
289 0.15 
289 0.25 
289 0.32 
289 0.33 
289 0.44 
289 0.55 
289 0.65 
289 0.82 
289 1.03 
289 1.26 
289 1.31 
289 1.46 
289 1.42 
289 1.35 
289 1.5 
289 1.86 
289 1.99 
289 2.46 
289 2.79 
289 3.18 
289 3.45 
289 3.5 
289 3.12 
289 3.34 
289 3.55 
289 3.79 
289 4.12 
289 5.13 
289 5.79 
289 6.35 
289 6.91 
289 6.21 
289 6.11 
289 7.21 
289 6.86 
289 8.28 
289 8.37 
289 7.2 
289 7.01 
289 6.96 
289 6.5 
289 7.96 
289 8.04 
289 8.7 
289 9.89 
289 9.11 
289 8.45 
289 7.65 
289 8.43 
289 8.58 
289 7.52 
289 7.06 
289 6.75 
289 7.23 
289 7.21 
289 6.46 
289 6.19 
289 5.83 
289 6.32 
289 6.85 
289 7.18 
289 7.6 
289 10.01 
289 13.19 
289 14.22 
289 15.91 
289 33.45 
289 16.53 
289 16.11 
289 19.05 
289 12.26 
289 12.05 
289 11.57 
289 12.48 
289 12.95 
289 19.8 
289 15.99 
289 12.3 
289 12.64 
289 19.59 
289 17.58 
289 13.93 
289 15.0 
289 12.57 
289 28.99 
289 30.5 
289 26.68 
289 25.45 
289 24.25 
289 25.21 
289 22.79 
289 23.91 
289 21.75 
289 20.53 
289 19.56 
289 18.38 
289 17.58 
289 16.71 
289 15.91 
289 13.91 
289 15.61 
289 14.43 
289 9.33 
289 7.15 
289 11.61 
289 11.87 
289 9.5 
289 7.45 
289 9.6 
289 9.49 
289 8.22 
289 7.13 
289 2.17 
289 1.12 
289 0.82 
289 0.61 
289 0.36 
289 0.26 
289 0.19 
289 0.09 
289 0.04 
289 0.02 
289 0 
289 0 
289 0 
289 0 
289 0 
289 0 
289 0 
289 0 
289 0 
289 0 
289 0 
289 0 
289 0 
289 0 
289 0 
289 0 
289 0 
289 0 
289 0 
289 0 
289 0 
289 0 
289 0 
289 0 
289 0 
289 0 
289 0 
289 0 
289 0 
289 0 
289 0 
289 0 
289 0 
289 0 
289 0 
289 0 
289 0 
289 0 
289 0 
289 0 
289 0 
289 0 
289 0 
289 0 
289 0 
289 0 
289 0 
289 0 
289 0 
289 0 
289 0 
289 0 
289 0 
289 0 
289 0 
289 0 
289 0 
289 0 
289 0 
289 0 
289 0 
289 0 
289 0 
289 0 
289 0 
289 0 
289 0 
289 0 
290 0 
290 0 
290 0 
290 0 
290 0 
290 0 
290 0 
290 0 
290 0 
290 0 
290 0 
290 0 
290 0 
290 0 
290 0 
290 0 
290 0 
290 0 
290 0 
290 0 
290 0 
290 0 
290 0 
290 0 
290 0 
290 0 
290 0 
290 0 
290 0 
290 0 
290 0 
290 0 
290 0 
290 0 
290 0 
290 0 
290 0 
290 0 
290 0 
290 0 
290 0 
290 0 
290 0 
290 0 
290 0 
290 0 
290 0 
290 0 
290 0 
290 0 
290 0 
290 0 
290 0 
290 0 
290 0 
290 0 
290 0 
290 0 
290 0 
290 0 
290 0 
290 0 
290 0 
290 0 
290 0 
290 0 
290 0 
290 0 
290 0 
290 0 
290 0 
290 0 
290 0 
290 0 
290 0 
290 0 
290 0 
290 0 
290 0 
290 0 
290 0 
290 0 
290 0 
290 0 
290 0 
290 0 
290 0 
290 0 
290 0 
290 0 
290 0 
290 0 
290 0 
290 0 
290 0 
290 0 
290 0 
290 0 
290 0 
290 0 
290 0 
290 0 
290 0 
290 0 
290 0 
290 0 
290 0 
290 0 
290 0 
290 0 
290 0 
290 0 
290 0 
290 0 
290 0 
290 0 
290 12.01 
290 13.38 
290 12.7 
290 14.15 
290 14.19 
290 14.92 
290 15.02 
290 15.05 
290 14.49 
290 14.82 
290 13.62 
290 17.81 
290 18.66 
290 18.95 
290 19.95 
290 20.69 
290 21.11 
290 21.13 
290 22.42 
290 23.47 
290 21.19 
290 21.47 
290 23.72 
290 22.89 
290 24.59 
290 25.95 
290 24.74 
290 21.58 
290 20.49 
290 24.93 
290 21.55 
290 21.58 
290 26.21 
290 25.6 
290 27.86 
290 28.4 
290 28.54 
290 26.69 
290 27.63 
290 25.63 
290 25.64 
290 29.65 
290 27.62 
290 25.06 
290 28.84 
290 31.02 
290 27.71 
290 26.77 
290 24.91 
290 25.1 
290 28.54 
290 28.65 
290 17.31 
290 25.09 
290 29.69 
290 28.28 
290 26.97 
290 21.51 
290 25.99 
290 26.19 
290 26.67 
290 26.43 
290 20.45 
290 27.21 
290 25.15 
290 25.63 
290 25.12 
290 21.98 
290 23.57 
290 19.22 
290 16.83 
290 17.95 
290 17.02 
290 12.94 
290 19.73 
290 19.55 
290 18.82 
290 18.11 
290 17.28 
290 16.17 
290 15.46 
290 14.11 
290 13.44 
290 13.57 
290 13.0 
290 12.18 
290 11.27 
290 10.07 
290 8.35 
290 7.84 
290 5.55 
290 3.21 
290 1.85 
290 1.23 
290 0.88 
290 0.85 
290 0.9 
290 0.87 
290 0.75 
290 0.61 
290 0.46 
290 0.21 
290 0.13 
290 0 
290 0.01 
290 0 
290 0 
290 0 
290 0 
290 0 
290 0 
290 0 
290 0 
290 0 
290 0 
290 0 
290 0 
290 0 
290 0 
290 0 
290 0 
290 0 
290 0 
290 0 
290 0 
290 0 
290 0 
290 0 
290 0 
290 0 
290 0 
290 0 
290 0 
290 0 
290 0 
290 0 
290 0 
290 0 
290 0 
290 0 
290 0 
290 0 
290 0 
290 0 
290 0 
290 0 
290 0 
290 0 
290 0 
290 0 
290 0 
290 0 
290 0 
290 0 
290 0 
290 0 
290 0 
290 0 
290 0 
290 0 
290 0 
290 0 
290 0 
290 0 
290 0 
290 0 
290 0 
290 0 
290 0 
290 0 
290 0 
290 0 
291 0 
291 0 
291 0 
291 0 
291 0 
291 0 
291 0 
291 0 
291 0 
291 0 
291 0 
291 0 
291 0 
291 0 
291 0 
291 0 
291 0 
291 0 
291 0 
291 0 
291 0 
291 0 
291 0 
291 0 
291 0 
291 0 
291 0 
291 0 
291 0 
291 0 
291 0 
291 0 
291 0 
291 0 
291 0 
291 0 
291 0 
291 0 
291 0 
291 0 
291 0 
291 0 
291 0 
291 0 
291 0 
291 0 
291 0 
291 0 
291 0 
291 0 
291 0 
291 0 
291 0 
291 0 
291 0 
291 0 
291 0 
291 0 
291 0 
291 0 
291 0 
291 0 
291 0 
291 0 
291 0 
291 0 
291 0 
291 0 
291 0 
291 0 
291 0 
291 0 
291 0 
291 0 
291 0 
291 0 
291 0 
291 0 
291 0 
291 0 
291 0 
291 0 
291 0 
291 0 
291 0 
291 0 
291 0 
291 0 
291 0 
291 0 
291 0 
291 0 
291 0 
291 0 
291 0 
291 0 
291 0 
291 0 
291 0 
291 0 
291 0 
291 0 
291 0 
291 0 
291 0 
291 0 
291 0 
291 0 
291 5.77 
291 6.81 
291 7.76 
291 8.46 
291 8.96 
291 9.69 
291 10.19 
291 10.7 
291 10.89 
291 11.46 
291 13.35 
291 12.24 
291 12.76 
291 16.58 
291 13.61 
291 12.34 
291 12.65 
291 21.01 
291 19.92 
291 19.26 
291 20.37 
291 21.35 
291 21.84 
291 22.12 
291 21.74 
291 23.39 
291 23.82 
291 22.17 
291 23.38 
291 24.12 
291 25.38 
291 20.5 
291 18.42 
291 25.14 
291 21.65 
291 22.68 
291 24.61 
291 21.63 
291 25.39 
291 25.72 
291 23.41 
291 25.3 
291 24.9 
291 22.81 
291 27.22 
291 27.57 
291 27.43 
291 27.59 
291 27.93 
291 27.85 
291 28.0 
291 27.79 
291 27.99 
291 28.13 
291 28.4 
291 28.39 
291 27.99 
291 28.24 
291 27.92 
291 27.74 
291 27.66 
291 27.86 
291 27.25 
291 27.18 
291 26.77 
291 26.55 
291 26.17 
291 25.99 
291 25.41 
291 25.26 
291 25.06 
291 25.02 
291 25.13 
291 2.27 
291 2.13 
291 2.19 
291 2.87 
291 6.13 
291 14.45 
291 22.26 
291 22.55 
291 21.52 
291 20.26 
291 18.03 
291 17.59 
291 14.12 
291 16.14 
291 16.19 
291 15.65 
291 13.72 
291 12.64 
291 11.58 
291 11.43 
291 10.68 
291 10.28 
291 10.64 
291 9.8 
291 8.98 
291 8.2 
291 7.28 
291 6.57 
291 2.7 
291 0.65 
291 0.56 
291 0.51 
291 0.41 
291 0.29 
291 0.25 
291 0.07 
291 0.03 
291 0 
291 0 
291 0 
291 0 
291 0 
291 0 
291 0 
291 0 
291 0 
291 0 
291 0 
291 0 
291 0 
291 0 
291 0 
291 0 
291 0 
291 0 
291 0 
291 0 
291 0 
291 0 
291 0 
291 0 
291 0 
291 0 
291 0 
291 0 
291 0 
291 0 
291 0 
291 0 
291 0 
291 0 
291 0 
291 0 
291 0 
291 0 
291 0 
291 0 
291 0 
291 0 
291 0 
291 0 
291 0 
291 0 
291 0 
291 0 
291 0 
291 0 
291 0 
291 0 
291 0 
291 0 
291 0 
291 0 
291 0 
291 0 
291 0 
291 0 
291 0 
291 0 
291 0 
291 0 
291 0 
291 0 
291 0 
291 0 
291 0 
291 0 
292 0 
292 0 
292 0 
292 0 
292 0 
292 0 
292 0 
292 0 
292 0 
292 0 
292 0 
292 0 
292 0 
292 0 
292 0 
292 0 
292 0 
292 0 
292 0 
292 0 
292 0 
292 0 
292 0 
292 0 
292 0 
292 0 
292 0 
292 0 
292 0 
292 0 
292 0 
292 0 
292 0 
292 0 
292 0 
292 0 
292 0 
292 0 
292 0 
292 0 
292 0 
292 0 
292 0 
292 0 
292 0 
292 0 
292 0 
292 0 
292 0 
292 0 
292 0 
292 0 
292 0 
292 0 
292 0 
292 0 
292 0 
292 0 
292 0 
292 0 
292 0 
292 0 
292 0 
292 0 
292 0 
292 0 
292 0 
292 0 
292 0 
292 0 
292 0 
292 0 
292 0 
292 0 
292 0 
292 0 
292 0 
292 0 
292 0 
292 0 
292 0 
292 0 
292 0 
292 0 
292 0 
292 0 
292 0 
292 0 
292 0 
292 0 
292 0 
292 0 
292 0.01 
292 0.05 
292 0.14 
292 0 
292 0 
292 0.47 
292 0.6 
292 0.73 
292 0.89 
292 0.97 
292 1.05 
292 1.17 
292 1.39 
292 1.57 
292 1.88 
292 2.16 
292 2.6 
292 3.19 
292 4.63 
292 5.89 
292 6.83 
292 7.76 
292 8.52 
292 9.27 
292 10.01 
292 10.77 
292 11.25 
292 11.8 
292 12.54 
292 13.31 
292 13.84 
292 14.61 
292 15.21 
292 15.83 
292 16.32 
292 17.02 
292 17.5 
292 18.06 
292 18.52 
292 19.03 
292 19.52 
292 19.91 
292 21.05 
292 21.5 
292 21.8 
292 22.29 
292 22.56 
292 22.76 
292 23.39 
292 23.68 
292 24.12 
292 24.25 
292 24.91 
292 25.26 
292 25.49 
292 25.86 
292 26.12 
292 26.43 
292 26.63 
292 26.56 
292 27.08 
292 27.29 
292 27.28 
292 27.42 
292 27.62 
292 27.4 
292 27.67 
292 27.76 
292 27.71 
292 27.85 
292 27.97 
292 27.81 
292 27.7 
292 27.55 
292 27.32 
292 27.1 
292 26.97 
292 26.76 
292 26.45 
292 26.15 
292 25.88 
292 25.72 
292 25.2 
292 24.72 
292 24.49 
292 24.13 
292 23.81 
292 23.4 
292 23.0 
292 22.57 
292 22.13 
292 21.71 
292 21.24 
292 20.81 
292 20.45 
292 19.88 
292 19.25 
292 18.91 
292 18.31 
292 17.85 
292 17.36 
292 16.7 
292 16.23 
292 15.66 
292 15.04 
292 14.39 
292 13.62 
292 12.95 
292 12.31 
292 11.53 
292 10.85 
292 10.05 
292 9.3 
292 8.55 
292 7.69 
292 6.87 
292 5.78 
292 0.62 
292 0.49 
292 0.44 
292 0.37 
292 0.35 
292 0.33 
292 0.19 
292 0.16 
292 0.08 
292 0.06 
292 0 
292 0 
292 0 
292 0 
292 0 
292 0 
292 0 
292 0 
292 0 
292 0 
292 0 
292 0 
292 0 
292 0 
292 0 
292 0 
292 0 
292 0 
292 0 
292 0 
292 0 
292 0 
292 0 
292 0 
292 0 
292 0 
292 0 
292 0 
292 0 
292 0 
292 0 
292 0 
292 0 
292 0 
292 0 
292 0 
292 0 
292 0 
292 0 
292 0 
292 0 
292 0 
292 0 
292 0 
292 0 
292 0 
292 0 
292 0 
292 0 
292 0 
292 0 
292 0 
292 0 
292 0 
292 0 
292 0 
292 0 
292 0 
292 0 
292 0 
292 0 
292 0 
292 0 
292 0 
292 0 
292 0 
292 0 
292 0 
292 0 
293 0 
293 0 
293 0 
293 0 
293 0 
293 0 
293 0 
293 0 
293 0 
293 0 
293 0 
293 0 
293 0 
293 0 
293 0 
293 0 
293 0 
293 0 
293 0 
293 0 
293 0 
293 0 
293 0 
293 0 
293 0 
293 0 
293 0 
293 0 
293 0 
293 0 
293 0 
293 0 
293 0 
293 0 
293 0 
293 0 
293 0 
293 0 
293 0 
293 0 
293 0 
293 0 
293 0 
293 0 
293 0 
293 0 
293 0 
293 0 
293 0 
293 0 
293 0 
293 0 
293 0 
293 0 
293 0 
293 0 
293 0 
293 0 
293 0 
293 0 
293 0 
293 0 
293 0 
293 0 
293 0 
293 0 
293 0 
293 0 
293 0 
293 0 
293 0 
293 0 
293 0 
293 0 
293 0 
293 0 
293 0 
293 0 
293 0 
293 0 
293 0 
293 0 
293 0 
293 0 
293 0 
293 0 
293 0 
293 0 
293 0 
293 0 
293 0 
293 0 
293 0.03 
293 0.1 
293 0.2 
293 0.27 
293 0.39 
293 0.56 
293 0.67 
293 0.81 
293 0.92 
293 1.06 
293 1.14 
293 1.22 
293 1.39 
293 1.63 
293 1.86 
293 2.25 
293 2.61 
293 3.04 
293 4.26 
293 5.7 
293 6.61 
293 7.54 
293 8.32 
293 9.13 
293 9.76 
293 10.68 
293 11.09 
293 11.72 
293 12.53 
293 13.24 
293 13.75 
293 14.61 
293 15.07 
293 15.83 
293 16.32 
293 17.09 
293 17.41 
293 18.08 
293 18.51 
293 18.89 
293 19.37 
293 20.01 
293 20.8 
293 21.15 
293 21.79 
293 22.24 
293 22.59 
293 22.83 
293 23.26 
293 23.73 
293 23.93 
293 24.23 
293 24.88 
293 25.15 
293 25.33 
293 25.7 
293 26.16 
293 26.21 
293 26.55 
293 26.75 
293 27.04 
293 27.25 
293 27.45 
293 27.36 
293 27.84 
293 27.53 
293 27.62 
293 27.4 
293 27.63 
293 27.64 
293 27.74 
293 27.62 
293 27.59 
293 27.75 
293 27.43 
293 27.12 
293 26.89 
293 26.8 
293 26.64 
293 26.02 
293 26.14 
293 25.84 
293 25.48 
293 25.21 
293 24.79 
293 24.54 
293 24.08 
293 23.73 
293 23.48 
293 23.0 
293 22.58 
293 22.05 
293 21.61 
293 20.99 
293 20.57 
293 20.03 
293 19.5 
293 18.92 
293 18.34 
293 17.81 
293 17.16 
293 16.4 
293 15.83 
293 15.2 
293 14.48 
293 13.79 
293 13.09 
293 12.35 
293 11.71 
293 10.96 
293 10.27 
293 9.57 
293 8.69 
293 7.91 
293 7.19 
293 6.25 
293 2.51 
293 0.66 
293 0.59 
293 0.51 
293 0.5 
293 0.42 
293 0.32 
293 0.25 
293 0.18 
293 0.12 
293 0.05 
293 0.04 
293 0 
293 0 
293 0 
293 0 
293 0 
293 0 
293 0 
293 0 
293 0 
293 0 
293 0 
293 0 
293 0 
293 0 
293 0 
293 0 
293 0 
293 0 
293 0 
293 0 
293 0 
293 0 
293 0 
293 0 
293 0 
293 0 
293 0 
293 0 
293 0 
293 0 
293 0 
293 0 
293 0 
293 0 
293 0 
293 0 
293 0 
293 0 
293 0 
293 0 
293 0 
293 0 
293 0 
293 0 
293 0 
293 0 
293 0 
293 0 
293 0 
293 0 
293 0 
293 0 
293 0 
293 0 
293 0 
293 0 
293 0 
293 0 
293 0 
293 0 
293 0 
293 0 
293 0 
293 0 
293 0 
293 0 
293 0 
293 0 
294 0 
294 0 
294 0 
294 0 
294 0 
294 0 
294 0 
294 0 
294 0 
294 0 
294 0 
294 0 
294 0 
294 0 
294 0 
294 0 
294 0 
294 0 
294 0 
294 0 
294 0 
294 0 
294 0 
294 0 
294 0 
294 0 
294 0 
294 0 
294 0 
294 0 
294 0 
294 0 
294 0 
294 0 
294 0 
294 0 
294 0 
294 0 
294 0 
294 0 
294 0 
294 0 
294 0 
294 0 
294 0 
294 0 
294 0 
294 0 
294 0 
294 0 
294 0 
294 0 
294 0 
294 0 
294 0 
294 0 
294 0 
294 0 
294 0 
294 0 
294 0 
294 0 
294 0 
294 0 
294 0 
294 0 
294 0 
294 0 
294 0 
294 0 
294 0 
294 0 
294 0 
294 0 
294 0 
294 0 
294 0 
294 0 
294 0 
294 0 
294 0 
294 0 
294 0 
294 0 
294 0 
294 0 
294 0 
294 0 
294 0 
294 0 
294 0 
294 0 
294 0 
294 0 
294 0 
294 0 
294 0 
294 0 
294 0 
294 0 
294 0 
294 0 
294 0 
294 0 
294 0 
294 0 
294 0 
294 0 
294 0 
294 0 
294 0 
294 0 
294 0 
294 3.26 
294 3.89 
294 4.37 
294 4.37 
294 4.26 
294 4.25 
294 4.44 
294 5.05 
294 6.09 
294 6.21 
294 6.2 
294 5.66 
294 8.33 
294 8.11 
294 13.0 
294 10.27 
294 11.09 
294 14.16 
294 20.3 
294 19.95 
294 20.39 
294 21.42 
294 21.73 
294 22.26 
294 22.85 
294 22.98 
294 23.61 
294 24.17 
294 24.62 
294 24.71 
294 25.12 
294 25.66 
294 25.95 
294 26.04 
294 26.45 
294 26.61 
294 27.04 
294 27.09 
294 27.1 
294 27.05 
294 27.54 
294 27.7 
294 27.59 
294 28.34 
294 28.38 
294 28.38 
294 28.31 
294 28.71 
294 28.48 
294 28.53 
294 28.78 
294 28.55 
294 28.53 
294 28.29 
294 28.28 
294 28.28 
294 28.21 
294 27.57 
294 27.34 
294 26.97 
294 26.79 
294 26.52 
294 25.99 
294 25.6 
294 25.42 
294 24.77 
294 24.49 
294 24.2 
294 23.89 
294 23.61 
294 23.28 
294 19.47 
294 18.52 
294 19.24 
294 19.75 
294 22.49 
294 17.76 
294 10.28 
294 13.44 
294 22.6 
294 12.84 
294 8.35 
294 7.48 
294 7.66 
294 6.63 
294 5.27 
294 6.1 
294 6.52 
294 3.73 
294 4.24 
294 6.03 
294 8.97 
294 3.97 
294 2.77 
294 2.81 
294 1.65 
294 1.44 
294 1.29 
294 1.07 
294 0.85 
294 0.73 
294 0.63 
294 0.46 
294 0.31 
294 0.07 
294 0.02 
294 0 
294 0 
294 0 
294 0 
294 0 
294 0 
294 0 
294 0 
294 0 
294 0 
294 0 
294 0 
294 0 
294 0 
294 0 
294 0 
294 0 
294 0 
294 0 
294 0 
294 0 
294 0 
294 0 
294 0 
294 0 
294 0 
294 0 
294 0 
294 0 
294 0 
294 0 
294 0 
294 0 
294 0 
294 0 
294 0 
294 0 
294 0 
294 0 
294 0 
294 0 
294 0 
294 0 
294 0 
294 0 
294 0 
294 0 
294 0 
294 0 
294 0 
294 0 
294 0 
294 0 
294 0 
294 0 
294 0 
294 0 
294 0 
294 0 
294 0 
294 0 
294 0 
294 0 
294 0 
294 0 
294 0 
294 0 
294 0 
294 0 
295 0 
295 0 
295 0 
295 0 
295 0 
295 0 
295 0 
295 0 
295 0 
295 0 
295 0 
295 0 
295 0 
295 0 
295 0 
295 0 
295 0 
295 0 
295 0 
295 0 
295 0 
295 0 
295 0 
295 0 
295 0 
295 0 
295 0 
295 0 
295 0 
295 0 
295 0 
295 0 
295 0 
295 0 
295 0 
295 0 
295 0 
295 0 
295 0 
295 0 
295 0 
295 0 
295 0 
295 0 
295 0 
295 0 
295 0 
295 0 
295 0 
295 0 
295 0 
295 0 
295 0 
295 0 
295 0 
295 0 
295 0 
295 0 
295 0 
295 0 
295 0 
295 0 
295 0 
295 0 
295 0 
295 0 
295 0 
295 0 
295 0 
295 0 
295 0 
295 0 
295 0 
295 0 
295 0 
295 0 
295 0 
295 0 
295 0 
295 0 
295 0 
295 0 
295 0 
295 0 
295 0 
295 0 
295 0 
295 0 
295 0 
295 0 
295 0 
295 0 
295 0 
295 0 
295 0 
295 0 
295 0 
295 0 
295 0 
295 0 
295 0 
295 0 
295 0 
295 0 
295 0 
295 0 
295 0 
295 0 
295 0 
295 0 
295 0 
295 0 
295 0 
295 0 
295 0 
295 0 
295 0 
295 0 
295 8.96 
295 7.17 
295 7.74 
295 10.28 
295 9.37 
295 10.87 
295 12.95 
295 10.21 
295 8.88 
295 9.76 
295 10.4 
295 10.39 
295 10.1 
295 14.01 
295 14.25 
295 12.24 
295 13.31 
295 15.21 
295 13.94 
295 16.25 
295 20.0 
295 21.73 
295 25.33 
295 20.04 
295 20.73 
295 23.87 
295 27.16 
295 22.66 
295 24.22 
295 23.18 
295 19.84 
295 23.28 
295 21.85 
295 23.49 
295 24.01 
295 23.26 
295 28.32 
295 24.01 
295 23.23 
295 23.32 
295 29.58 
295 19.56 
295 30.07 
295 30.24 
295 26.47 
295 30.59 
295 25.97 
295 27.22 
295 28.8 
295 28.47 
295 29.43 
295 29.31 
295 29.18 
295 27.12 
295 27.15 
295 28.12 
295 27.67 
295 28.09 
295 25.05 
295 20.54 
295 21.02 
295 25.19 
295 20.7 
295 20.48 
295 22.65 
295 21.06 
295 21.14 
295 22.14 
295 21.7 
295 21.75 
295 15.59 
295 15.51 
295 17.44 
295 16.89 
295 13.97 
295 12.01 
295 17.02 
295 17.17 
295 14.13 
295 15.58 
295 15.21 
295 15.18 
295 14.62 
295 11.75 
295 9.41 
295 7.53 
295 5.59 
295 3.43 
295 2.06 
295 1.34 
295 0.69 
295 0.48 
295 0.48 
295 0.45 
295 0.37 
295 0.23 
295 0.2 
295 0.17 
295 0.08 
295 0.07 
295 0.03 
295 0 
295 0 
295 0 
295 0 
295 0 
295 0 
295 0 
295 0 
295 0 
295 0 
295 0 
295 0 
295 0 
295 0 
295 0 
295 0 
295 0 
295 0 
295 0 
295 0 
295 0 
295 0 
295 0 
295 0 
295 0 
295 0 
295 0 
295 0 
295 0 
295 0 
295 0 
295 0 
295 0 
295 0 
295 0 
295 0 
295 0 
295 0 
295 0 
295 0 
295 0 
295 0 
295 0 
295 0 
295 0 
295 0 
295 0 
295 0 
295 0 
295 0 
295 0 
295 0 
295 0 
295 0 
295 0 
295 0 
295 0 
295 0 
295 0 
295 0 
295 0 
295 0 
295 0 
295 0 
295 0 
295 0 
295 0 
295 0 
295 0 
296 0 
296 0 
296 0 
296 0 
296 0 
296 0 
296 0 
296 0 
296 0 
296 0 
296 0 
296 0 
296 0 
296 0 
296 0 
296 0 
296 0 
296 0 
296 0 
296 0 
296 0 
296 0 
296 0 
296 0 
296 0 
296 0 
296 0 
296 0 
296 0 
296 0 
296 0 
296 0 
296 0 
296 0 
296 0 
296 0 
296 0 
296 0 
296 0 
296 0 
296 0 
296 0 
296 0 
296 0 
296 0 
296 0 
296 0 
296 0 
296 0 
296 0 
296 0 
296 0 
296 0 
296 0 
296 0 
296 0 
296 0 
296 0 
296 0 
296 0 
296 0 
296 0 
296 0 
296 0 
296 0 
296 0 
296 0 
296 0 
296 0 
296 0 
296 0 
296 0 
296 0 
296 0 
296 0 
296 0 
296 0 
296 0 
296 0 
296 0 
296 0 
296 0 
296 0 
296 0 
296 0 
296 0 
296 0 
296 0 
296 0 
296 0 
296 0 
296 0 
296 0 
296 0 
296 0.06 
296 0.12 
296 0.21 
296 0.3 
296 0.43 
296 0.55 
296 0.62 
296 0.7 
296 0.8 
296 0.89 
296 1.02 
296 1.16 
296 1.4 
296 1.64 
296 2.02 
296 2.51 
296 3.37 
296 4.76 
296 6.19 
296 7.03 
296 8.12 
296 8.96 
296 9.61 
296 10.47 
296 11.04 
296 0 
296 11.01 
296 13.22 
296 14.01 
296 14.92 
296 15.43 
296 16.33 
296 16.84 
296 17.67 
296 17.99 
296 18.74 
296 19.48 
296 19.9 
296 20.17 
296 20.72 
296 21.42 
296 21.67 
296 22.78 
296 23.79 
296 24.09 
296 24.68 
296 25.33 
296 25.88 
296 25.86 
296 26.34 
296 26.72 
296 27.0 
296 27.48 
296 28.04 
296 28.37 
296 28.61 
296 29.08 
296 29.55 
296 29.64 
296 29.76 
296 29.99 
296 30.2 
296 0 
296 30.06 
296 30.1 
296 30.76 
296 30.57 
296 30.69 
296 30.6 
296 30.68 
296 31.08 
296 30.86 
296 30.81 
296 30.68 
296 30.33 
296 30.19 
296 29.84 
296 29.43 
296 29.31 
296 28.89 
296 28.35 
296 28.02 
296 27.65 
296 27.44 
296 26.73 
296 26.23 
296 25.88 
296 25.34 
296 24.79 
296 24.55 
296 23.85 
296 23.27 
296 22.77 
296 21.97 
296 21.57 
296 21.08 
296 20.33 
296 19.65 
296 18.89 
296 18.28 
296 17.56 
296 16.75 
296 16.04 
296 15.31 
296 14.47 
296 13.87 
296 13.06 
296 12.19 
296 11.47 
296 10.72 
296 9.76 
296 8.94 
296 2.46 
296 0.37 
296 0.35 
296 0.32 
296 0.27 
296 0.27 
296 0.21 
296 0.17 
296 0.11 
296 0.08 
296 0.07 
296 0.03 
296 0 
296 0 
296 0 
296 0 
296 0 
296 0 
296 0 
296 0 
296 0 
296 0 
296 0 
296 0 
296 0 
296 0 
296 0 
296 0 
296 0 
296 0 
296 0 
296 0 
296 0 
296 0 
296 0 
296 0 
296 0 
296 0 
296 0 
296 0 
296 0 
296 0 
296 0 
296 0 
296 0 
296 0 
296 0 
296 0 
296 0 
296 0 
296 0 
296 0 
296 0 
296 0 
296 0 
296 0 
296 0 
296 0 
296 0 
296 0 
296 0 
296 0 
296 0 
296 0 
296 0 
296 0 
296 0 
296 0 
296 0 
296 0 
296 0 
296 0 
296 0 
296 0 
296 0 
296 0 
296 0 
296 0 
296 0 
296 0 
296 0 
296 0 
297 0 
297 0 
297 0 
297 0 
297 0 
297 0 
297 0 
297 0 
297 0 
297 0 
297 0 
297 0 
297 0 
297 0 
297 0 
297 0 
297 0 
297 0 
297 0 
297 0 
297 0 
297 0 
297 0 
297 0 
297 0 
297 0 
297 0 
297 0 
297 0 
297 0 
297 0 
297 0 
297 0 
297 0 
297 0 
297 0 
297 0 
297 0 
297 0 
297 0 
297 0 
297 0 
297 0 
297 0 
297 0 
297 0 
297 0 
297 0 
297 0 
297 0 
297 0 
297 0 
297 0 
297 0 
297 0 
297 0 
297 0 
297 0 
297 0 
297 0 
297 0 
297 0 
297 0 
297 0 
297 0 
297 0 
297 0 
297 0 
297 0 
297 0 
297 0 
297 0 
297 0 
297 0 
297 0 
297 0 
297 0 
297 0 
297 0 
297 0 
297 0 
297 0 
297 0 
297 0 
297 0 
297 0 
297 0 
297 0 
297 0 
297 0 
297 0 
297 0 
297 0 
297 0.07 
297 0.21 
297 0.43 
297 0.6 
297 0.73 
297 0.79 
297 0.8 
297 0.7 
297 0.74 
297 0.79 
297 0.82 
297 0.93 
297 1.13 
297 1.31 
297 1.53 
297 1.99 
297 2.38 
297 3.26 
297 4.65 
297 6.04 
297 6.9 
297 5.41 
297 8.67 
297 8.58 
297 9.95 
297 10.57 
297 11.12 
297 11.9 
297 12.54 
297 13.19 
297 13.93 
297 14.47 
297 15.21 
297 15.76 
297 16.57 
297 16.88 
297 17.38 
297 17.93 
297 18.16 
297 18.63 
297 19.12 
297 19.62 
297 20.09 
297 21.14 
297 21.88 
297 22.28 
297 22.62 
297 22.92 
297 23.5 
297 23.67 
297 24.11 
297 24.76 
297 25.12 
297 25.27 
297 25.41 
297 25.74 
297 26.04 
297 26.55 
297 26.63 
297 26.91 
297 27.13 
297 27.13 
297 27.03 
297 27.6 
297 27.59 
297 27.57 
297 27.64 
297 27.79 
297 28.0 
297 27.9 
297 28.12 
297 27.98 
297 27.95 
297 27.55 
297 27.3 
297 27.15 
297 27.13 
297 26.98 
297 26.82 
297 26.08 
297 25.97 
297 25.72 
297 25.45 
297 24.95 
297 24.47 
297 24.29 
297 24.03 
297 23.66 
297 23.18 
297 22.71 
297 22.36 
297 21.85 
297 21.42 
297 20.82 
297 20.35 
297 19.84 
297 19.06 
297 18.53 
297 17.84 
297 17.38 
297 16.61 
297 16.01 
297 15.34 
297 14.63 
297 13.92 
297 13.21 
297 12.63 
297 11.88 
297 11.06 
297 10.35 
297 9.62 
297 8.75 
297 6.86 
297 0.66 
297 0.39 
297 0.4 
297 0.35 
297 0.3 
297 0.3 
297 0.24 
297 0.2 
297 0.15 
297 0.15 
297 0.08 
297 0.06 
297 0 
297 0 
297 0 
297 0 
297 0 
297 0 
297 0 
297 0 
297 0 
297 0 
297 0 
297 0 
297 0 
297 0 
297 0 
297 0 
297 0 
297 0 
297 0 
297 0 
297 0 
297 0 
297 0 
297 0 
297 0 
297 0 
297 0 
297 0 
297 0 
297 0 
297 0 
297 0 
297 0 
297 0 
297 0 
297 0 
297 0 
297 0 
297 0 
297 0 
297 0 
297 0 
297 0 
297 0 
297 0 
297 0 
297 0 
297 0 
297 0 
297 0 
297 0 
297 0 
297 0 
297 0 
297 0 
297 0 
297 0 
297 0 
297 0 
297 0 
297 0 
297 0 
297 0 
297 0 
297 0 
297 0 
297 0 
297 0 
297 0 
297 0 
298 0 
298 0 
298 0 
298 0 
298 0 
298 0 
298 0 
298 0 
298 0 
298 0 
298 0 
298 0 
298 0 
298 0 
298 0 
298 0 
298 0 
298 0 
298 0 
298 0 
298 0 
298 0 
298 0 
298 0 
298 0 
298 0 
298 0 
298 0 
298 0 
298 0 
298 0 
298 0 
298 0 
298 0 
298 0 
298 0 
298 0 
298 0 
298 0 
298 0 
298 0 
298 0 
298 0 
298 0 
298 0 
298 0 
298 0 
298 0 
298 0 
298 0 
298 0 
298 0 
298 0 
298 0 
298 0 
298 0 
298 0 
298 0 
298 0 
298 0 
298 0 
298 0 
298 0 
298 0 
298 0 
298 0 
298 0 
298 0 
298 0 
298 0 
298 0 
298 0 
298 0 
298 0 
298 0 
298 0 
298 0 
298 0 
298 0 
298 0 
298 0 
298 0 
298 0 
298 0 
298 0 
298 0 
298 0 
298 0 
298 0 
298 0 
298 0 
298 0 
298 0 
298 0 
298 0.07 
298 0.16 
298 0.22 
298 0.29 
298 0.43 
298 0.56 
298 0.63 
298 0.7 
298 0.83 
298 0.96 
298 1.05 
298 1.15 
298 1.41 
298 1.69 
298 2.04 
298 2.53 
298 3.29 
298 4.35 
298 5.79 
298 6.6 
298 7.5 
298 8.31 
298 9.07 
298 9.78 
298 10.39 
298 10.96 
298 11.64 
298 12.41 
298 12.98 
298 13.77 
298 14.46 
298 15.18 
298 15.83 
298 15.91 
298 17.5 
298 17.62 
298 17.9 
298 18.26 
298 18.58 
298 19.05 
298 19.67 
298 20.14 
298 21.98 
298 20.15 
298 21.0 
298 23.76 
298 23.3 
298 21.24 
298 24.51 
298 24.27 
298 22.97 
298 26.02 
298 25.68 
298 24.17 
298 18.56 
298 25.79 
298 24.94 
298 26.88 
298 27.11 
298 27.19 
298 26.93 
298 27.21 
298 27.96 
298 28.71 
298 26.84 
298 9.01 
298 29.14 
298 28.77 
298 27.82 
298 28.1 
298 28.2 
298 28.61 
298 28.37 
298 28.22 
298 27.81 
298 27.64 
298 27.5 
298 26.74 
298 26.12 
298 25.83 
298 25.0 
298 25.28 
298 24.67 
298 24.35 
298 24.14 
298 23.84 
298 23.48 
298 23.07 
298 23.09 
298 23.47 
298 20.45 
298 5.92 
298 6.52 
298 16.11 
298 12.26 
298 10.66 
298 6.96 
298 17.13 
298 18.84 
298 15.25 
298 7.61 
298 14.45 
298 15.02 
298 14.11 
298 13.09 
298 12.29 
298 11.41 
298 10.67 
298 9.89 
298 9.24 
298 8.43 
298 3.48 
298 0.71 
298 0.62 
298 0.59 
298 0.48 
298 0.46 
298 0.39 
298 0.35 
298 0.3 
298 0.21 
298 0.13 
298 0.09 
298 0.07 
298 0 
298 0 
298 0 
298 0 
298 0 
298 0 
298 0 
298 0 
298 0 
298 0 
298 0 
298 0 
298 0 
298 0 
298 0 
298 0 
298 0 
298 0 
298 0 
298 0 
298 0 
298 0 
298 0 
298 0 
298 0 
298 0 
298 0 
298 0 
298 0 
298 0 
298 0 
298 0 
298 0 
298 0 
298 0 
298 0 
298 0 
298 0 
298 0 
298 0 
298 0 
298 0 
298 0 
298 0 
298 0 
298 0 
298 0 
298 0 
298 0 
298 0 
298 0 
298 0 
298 0 
298 0 
298 0 
298 0 
298 0 
298 0 
298 0 
298 0 
298 0 
298 0 
298 0 
298 0 
298 0 
298 0 
298 0 
298 0 
298 0 
298 0 
299 0 
299 0 
299 0 
299 0 
299 0 
299 0 
299 0 
299 0 
299 0 
299 0 
299 0 
299 0 
299 0 
299 0 
299 0 
299 0 
299 0 
299 0 
299 0 
299 0 
299 0 
299 0 
299 0 
299 0 
299 0 
299 0 
299 0 
299 0 
299 0 
299 0 
299 0 
299 0 
299 0 
299 0 
299 0 
299 0 
299 0 
299 0 
299 0 
299 0 
299 0 
299 0 
299 0 
299 0 
299 0 
299 0 
299 0 
299 0 
299 0 
299 0 
299 0 
299 0 
299 0 
299 0 
299 0 
299 0 
299 0 
299 0 
299 0 
299 0 
299 0 
299 0 
299 0 
299 0 
299 0 
299 0 
299 0 
299 0 
299 0 
299 0 
299 0 
299 0 
299 0 
299 0 
299 0 
299 0 
299 0 
299 0 
299 0 
299 0 
299 0 
299 0 
299 0 
299 0 
299 0 
299 0 
299 0 
299 0 
299 0 
299 0 
299 0 
299 0 
299 0 
299 0 
299 0 
299 0 
299 0 
299 0 
299 0 
299 0 
299 0 
299 0 
299 0 
299 0 
299 0 
299 0 
299 0 
299 0 
299 0 
299 0 
299 0 
299 0 
299 0 
299 0 
299 7.94 
299 8.75 
299 7.65 
299 9.77 
299 9.92 
299 10.66 
299 11.87 
299 12.35 
299 13.03 
299 13.72 
299 14.28 
299 15.07 
299 15.53 
299 16.55 
299 16.81 
299 17.42 
299 17.78 
299 18.35 
299 18.76 
299 19.11 
299 19.83 
299 20.15 
299 20.96 
299 22.19 
299 22.33 
299 22.88 
299 23.21 
299 23.63 
299 23.95 
299 24.05 
299 24.92 
299 25.25 
299 25.28 
299 26.04 
299 26.31 
299 26.71 
299 26.57 
299 26.77 
299 27.28 
299 27.29 
299 27.56 
299 27.38 
299 27.16 
299 27.23 
299 27.65 
299 28.38 
299 28.13 
299 28.43 
299 28.53 
299 28.53 
299 28.51 
299 28.66 
299 28.31 
299 28.04 
299 28.09 
299 27.66 
299 27.65 
299 27.48 
299 27.17 
299 26.94 
299 26.31 
299 25.84 
299 25.34 
299 24.92 
299 24.61 
299 24.11 
299 23.79 
299 23.43 
299 22.09 
299 22.25 
299 22.44 
299 18.68 
299 15.59 
299 15.76 
299 15.75 
299 14.72 
299 15.38 
299 13.24 
299 13.11 
299 13.85 
299 14.12 
299 13.75 
299 14.17 
299 12.95 
299 12.63 
299 11.95 
299 10.89 
299 9.77 
299 8.88 
299 7.98 
299 7.93 
299 2.01 
299 1.05 
299 1.03 
299 0.94 
299 0.91 
299 0.82 
299 0.69 
299 0.58 
299 0.42 
299 0.34 
299 0.23 
299 0.15 
299 0.06 
299 0 
299 0 
299 0 
299 0 
299 0 
299 0 
299 0 
299 0 
299 0 
299 0 
299 0 
299 0 
299 0 
299 0 
299 0 
299 0 
299 0 
299 0 
299 0 
299 0 
299 0 
299 0 
299 0 
299 0 
299 0 
299 0 
299 0 
299 0 
299 0 
299 0 
299 0 
299 0 
299 0 
299 0 
299 0 
299 0 
299 0 
299 0 
299 0 
299 0 
299 0 
299 0 
299 0 
299 0 
299 0 
299 0 
299 0 
299 0 
299 0 
299 0 
299 0 
299 0 
299 0 
299 0 
299 0 
299 0 
299 0 
299 0 
299 0 
299 0 
299 0 
299 0 
299 0 
299 0 
299 0 
299 0 
299 0 
299 0 
299 0 
299 0 
300 0 
300 0 
300 0 
300 0 
300 0 
300 0 
300 0 
300 0 
300 0 
300 0 
300 0 
300 0 
300 0 
300 0 
300 0 
300 0 
300 0 
300 0 
300 0 
300 0 
300 0 
300 0 
300 0 
300 0 
300 0 
300 0 
300 0 
300 0 
300 0 
300 0 
300 0 
300 0 
300 0 
300 0 
300 0 
300 0 
300 0 
300 0 
300 0 
300 0 
300 0 
300 0 
300 0 
300 0 
300 0 
300 0 
300 0 
300 0 
300 0 
300 0 
300 0 
300 0 
300 0 
300 0 
300 0 
300 0 
300 0 
300 0 
300 0 
300 0 
300 0 
300 0 
300 0 
300 0 
300 0 
300 0 
300 0 
300 0 
300 0 
300 0 
300 0 
300 0 
300 0 
300 0 
300 0 
300 0 
300 0 
300 0 
300 0 
300 0 
300 0 
300 0 
300 0 
300 0 
300 0 
300 0 
300 0 
300 0 
300 0 
300 0 
300 0 
300 0 
300 0 
300 0 
300 0.06 
300 0.17 
300 0.18 
300 0.27 
300 0.41 
300 0.55 
300 0.62 
300 0.7 
300 0.84 
300 0.88 
300 1.02 
300 1.17 
300 1.37 
300 1.64 
300 2.08 
300 2.46 
300 3.03 
300 4.2 
300 5.35 
300 6.27 
300 7.13 
300 8.0 
300 8.92 
300 9.53 
300 10.16 
300 10.89 
300 11.68 
300 12.31 
300 12.91 
300 13.55 
300 13.96 
300 14.79 
300 15.25 
300 16.27 
300 16.59 
300 17.39 
300 17.67 
300 18.15 
300 18.54 
300 19.06 
300 19.79 
300 19.92 
300 20.69 
300 21.51 
300 22.01 
300 22.61 
300 22.95 
300 23.45 
300 23.92 
300 24.12 
300 24.62 
300 25.09 
300 25.29 
300 25.65 
300 26.02 
300 26.15 
300 26.37 
300 26.62 
300 26.96 
300 26.71 
300 26.98 
300 27.12 
300 27.26 
300 27.6 
300 27.29 
300 28.01 
300 28.11 
300 28.39 
300 28.34 
300 28.46 
300 28.13 
300 28.07 
300 28.15 
300 27.64 
300 27.35 
300 27.06 
300 26.67 
300 26.36 
300 26.12 
300 25.81 
300 25.58 
300 25.34 
300 24.88 
300 24.73 
300 24.41 
300 23.76 
300 23.32 
300 22.9 
300 22.48 
300 22.06 
300 21.25 
300 20.76 
300 20.19 
300 19.73 
300 19.18 
300 18.52 
300 17.96 
300 17.44 
300 16.82 
300 16.21 
300 15.66 
300 14.83 
300 14.19 
300 13.43 
300 12.68 
300 11.99 
300 11.07 
300 10.4 
300 9.62 
300 8.85 
300 7.66 
300 0.84 
300 0.6 
300 0.53 
300 0.5 
300 0.44 
300 0.39 
300 0.32 
300 0.23 
300 0.21 
300 0.15 
300 0.11 
300 0.07 
300 0 
300 0 
300 0 
300 0 
300 0 
300 0 
300 0 
300 0 
300 0 
300 0 
300 0 
300 0 
300 0 
300 0 
300 0 
300 0 
300 0 
300 0 
300 0 
300 0 
300 0 
300 0 
300 0 
300 0 
300 0 
300 0 
300 0 
300 0 
300 0 
300 0 
300 0 
300 0 
300 0 
300 0 
300 0 
300 0 
300 0 
300 0 
300 0 
300 0 
300 0 
300 0 
300 0 
300 0 
300 0 
300 0 
300 0 
300 0 
300 0 
300 0 
300 0 
300 0 
300 0 
300 0 
300 0 
300 0 
300 0 
300 0 
300 0 
300 0 
300 0 
300 0 
300 0 
300 0 
300 0 
300 0 
300 0 
300 0 
300 0 
300 0 
300 0 
301 0 
301 0 
301 0 
301 0 
301 0 
301 0 
301 0 
301 0 
301 0 
301 0 
301 0 
301 0 
301 0 
301 0 
301 0 
301 0 
301 0 
301 0 
301 0 
301 0 
301 0 
301 0 
301 0 
301 0 
301 0 
301 0 
301 0 
301 0 
301 0 
301 0 
301 0 
301 0 
301 0 
301 0 
301 0 
301 0 
301 0 
301 0 
301 0 
301 0 
301 0 
301 0 
301 0 
301 0 
301 0 
301 0 
301 0 
301 0 
301 0 
301 0 
301 0 
301 0 
301 0 
301 0 
301 0 
301 0 
301 0 
301 0 
301 0 
301 0 
301 0 
301 0 
301 0 
301 0 
301 0 
301 0 
301 0 
301 0 
301 0 
301 0 
301 0 
301 0 
301 0 
301 0 
301 0 
301 0 
301 0 
301 0 
301 0 
301 0 
301 0 
301 0 
301 0 
301 0 
301 0 
301 0 
301 0 
301 0 
301 0 
301 0 
301 0 
301 0 
301 0 
301 0.02 
301 0.07 
301 0.15 
301 0.26 
301 0.35 
301 0.49 
301 0.7 
301 0.75 
301 0.82 
301 1.07 
301 1.22 
301 1.43 
301 1.74 
301 2.21 
301 2.61 
301 3.48 
301 3.49 
301 4.34 
301 6.7 
301 7.55 
301 7.21 
301 8.26 
301 9.81 
301 6.5 
301 12.1 
301 9.17 
301 6.69 
301 9.83 
301 13.37 
301 11.64 
301 12.33 
301 13.99 
301 14.09 
301 13.35 
301 14.77 
301 13.3 
301 12.16 
301 17.88 
301 15.64 
301 20.39 
301 19.82 
301 18.83 
301 21.0 
301 20.52 
301 20.2 
301 20.85 
301 19.52 
301 17.42 
301 18.02 
301 20.21 
301 19.13 
301 20.32 
301 20.77 
301 20.38 
301 17.5 
301 20.39 
301 20.47 
301 22.05 
301 25.05 
301 21.56 
301 21.22 
301 26.07 
301 23.71 
301 23.84 
301 20.72 
301 25.29 
301 24.47 
301 21.9 
301 18.6 
301 20.39 
301 21.54 
301 24.78 
301 25.81 
301 25.17 
301 22.38 
301 18.34 
301 19.33 
301 21.53 
301 16.92 
301 9.29 
301 9.48 
301 8.81 
301 9.11 
301 9.12 
301 8.77 
301 8.69 
301 8.22 
301 7.93 
301 7.65 
301 7.67 
301 7.91 
301 8.96 
301 11.13 
301 16.08 
301 15.41 
301 18.11 
301 14.88 
301 15.17 
301 15.83 
301 11.93 
301 9.95 
301 6.6 
301 5.17 
301 4.06 
301 3.75 
301 3.44 
301 3.17 
301 2.83 
301 2.56 
301 2.14 
301 1.81 
301 4.09 
301 1.7 
301 1.77 
301 1.71 
301 1.65 
301 1.5 
301 1.34 
301 1.22 
301 1.02 
301 0.85 
301 0.77 
301 0.63 
301 0.53 
301 0.4 
301 0.29 
301 0.19 
301 0 
301 0 
301 0 
301 0 
301 0 
301 0 
301 0 
301 0 
301 0 
301 0 
301 0 
301 0 
301 0 
301 0 
301 0 
301 0 
301 0 
301 0 
301 0 
301 0 
301 0 
301 0 
301 0 
301 0 
301 0 
301 0 
301 0 
301 0 
301 0 
301 0 
301 0 
301 0 
301 0 
301 0 
301 0 
301 0 
301 0 
301 0 
301 0 
301 0 
301 0 
301 0 
301 0 
301 0 
301 0 
301 0 
301 0 
301 0 
301 0 
301 0 
301 0 
301 0 
301 0 
301 0 
301 0 
301 0 
301 0 
301 0 
301 0 
301 0 
301 0 
301 0 
301 0 
301 0 
301 0 
301 0 
301 0 
301 0 
302 0 
302 0 
302 0 
302 0 
302 0 
302 0 
302 0 
302 0 
302 0 
302 0 
302 0 
302 0 
302 0 
302 0 
302 0 
302 0 
302 0 
302 0 
302 0 
302 0 
302 0 
302 0 
302 0 
302 0 
302 0 
302 0 
302 0 
302 0 
302 0 
302 0 
302 0 
302 0 
302 0 
302 0 
302 0 
302 0 
302 0 
302 0 
302 0 
302 0 
302 0 
302 0 
302 0 
302 0 
302 0 
302 0 
302 0 
302 0 
302 0 
302 0 
302 0 
302 0 
302 0 
302 0 
302 0 
302 0 
302 0 
302 0 
302 0 
302 0 
302 0 
302 0 
302 0 
302 0 
302 0 
302 0 
302 0 
302 0 
302 0 
302 0 
302 0 
302 0 
302 0 
302 0 
302 0 
302 0 
302 0 
302 0 
302 0 
302 0 
302 0 
302 0 
302 0 
302 0 
302 0 
302 0 
302 0 
302 0 
302 0 
302 0 
302 0 
302 0 
302 0 
302 0.03 
302 0.13 
302 0.25 
302 0.38 
302 0.43 
302 0.54 
302 0.67 
302 0.88 
302 0.92 
302 0.99 
302 1.17 
302 1.35 
302 1.56 
302 1.81 
302 2.11 
302 2.52 
302 2.77 
302 3.36 
302 3.2 
302 5.1 
302 6.18 
302 6.93 
302 7.94 
302 9.12 
302 9.99 
302 10.39 
302 10.54 
302 11.18 
302 11.99 
302 12.64 
302 13.66 
302 13.94 
302 15.55 
302 15.31 
302 16.03 
302 16.16 
302 16.94 
302 17.33 
302 17.63 
302 18.35 
302 19.2 
302 18.11 
302 19.85 
302 20.25 
302 21.13 
302 20.8 
302 21.53 
302 22.13 
302 22.91 
302 21.8 
302 21.77 
302 22.17 
302 22.22 
302 23.53 
302 20.1 
302 22.34 
302 24.05 
302 22.44 
302 20.87 
302 26.58 
302 26.51 
302 27.03 
302 26.49 
302 26.58 
302 26.47 
302 26.53 
302 24.54 
302 26.52 
302 26.93 
302 27.42 
302 27.49 
302 27.47 
302 29.12 
302 25.1 
302 28.4 
302 27.49 
302 24.14 
302 26.99 
302 25.97 
302 24.5 
302 24.16 
302 24.78 
302 24.25 
302 24.63 
302 22.58 
302 21.4 
302 21.55 
302 17.4 
302 17.26 
302 13.19 
302 9.46 
302 9.93 
302 15.2 
302 12.45 
302 15.13 
302 14.46 
302 16.06 
302 14.27 
302 15.56 
302 13.18 
302 13.51 
302 15.05 
302 13.52 
302 12.76 
302 12.14 
302 11.23 
302 10.5 
302 9.77 
302 9.03 
302 8.37 
302 7.66 
302 5.07 
302 1.06 
302 0.95 
302 0.95 
302 0.94 
302 0.81 
302 0.76 
302 0.73 
302 0.65 
302 0.57 
302 0.6 
302 0.35 
302 0.03 
302 0 
302 0 
302 0 
302 0 
302 0 
302 0 
302 0 
302 0 
302 0 
302 0 
302 0 
302 0 
302 0 
302 0 
302 0 
302 0 
302 0 
302 0 
302 0 
302 0 
302 0 
302 0 
302 0 
302 0 
302 0 
302 0 
302 0 
302 0 
302 0 
302 0 
302 0 
302 0 
302 0 
302 0 
302 0 
302 0 
302 0 
302 0 
302 0 
302 0 
302 0 
302 0 
302 0 
302 0 
302 0 
302 0 
302 0 
302 0 
302 0 
302 0 
302 0 
302 0 
302 0 
302 0 
302 0 
302 0 
302 0 
302 0 
302 0 
302 0 
302 0 
302 0 
302 0 
302 0 
302 0 
302 0 
302 0 
302 0 
302 0 
302 0 
302 0 
303 0 
303 0 
303 0 
303 0 
303 0 
303 0 
303 0 
303 0 
303 0 
303 0 
303 0 
303 0 
303 0 
303 0 
303 0 
303 0 
303 0 
303 0 
303 0 
303 0 
303 0 
303 0 
303 0 
303 0 
303 0 
303 0 
303 0 
303 0 
303 0 
303 0 
303 0 
303 0 
303 0 
303 0 
303 0 
303 0 
303 0 
303 0 
303 0 
303 0 
303 0 
303 0 
303 0 
303 0 
303 0 
303 0 
303 0 
303 0 
303 0 
303 0 
303 0 
303 0 
303 0 
303 0 
303 0 
303 0 
303 0 
303 0 
303 0 
303 0 
303 0 
303 0 
303 0 
303 0 
303 0 
303 0 
303 0 
303 0 
303 0 
303 0 
303 0 
303 0 
303 0 
303 0 
303 0 
303 0 
303 0 
303 0 
303 0 
303 0 
303 0 
303 0 
303 0 
303 0 
303 0 
303 0 
303 0 
303 0 
303 0 
303 0 
303 0 
303 0 
303 0 
303 0 
303 0 
303 0 
303 0 
303 0 
303 0 
303 0 
303 0 
303 0 
303 0 
303 0 
303 0 
303 0 
303 0 
303 0 
303 0 
303 0 
303 0 
303 0 
303 0 
303 0 
303 0 
303 0 
303 0 
303 0 
303 0 
303 10.35 
303 11.07 
303 11.63 
303 12.35 
303 12.99 
303 13.44 
303 14.28 
303 14.68 
303 15.54 
303 16.0 
303 16.56 
303 17.09 
303 17.54 
303 18.15 
303 18.51 
303 19.04 
303 19.42 
303 19.98 
303 20.75 
303 21.41 
303 21.91 
303 22.24 
303 22.74 
303 23.02 
303 23.32 
303 23.7 
303 24.33 
303 24.62 
303 24.82 
303 25.28 
303 25.53 
303 25.81 
303 26.08 
303 26.29 
303 26.56 
303 26.5 
303 26.91 
303 26.81 
303 27.34 
303 27.22 
303 27.21 
303 27.61 
303 27.6 
303 27.67 
303 27.63 
303 27.44 
303 27.53 
303 27.46 
303 26.99 
303 26.65 
303 26.47 
303 25.98 
303 25.66 
303 25.46 
303 25.02 
303 24.79 
303 24.45 
303 23.81 
303 23.62 
303 23.05 
303 22.59 
303 22.07 
303 21.76 
303 21.32 
303 20.92 
303 20.4 
303 19.67 
303 19.14 
303 18.59 
303 18.05 
303 17.49 
303 17.09 
303 16.49 
303 15.95 
303 15.39 
303 14.81 
303 14.18 
303 13.65 
303 12.75 
303 12.14 
303 11.55 
303 10.87 
303 10.12 
303 9.36 
303 8.53 
303 4.31 
303 0.67 
303 0.56 
303 0.48 
303 0.45 
303 0.4 
303 0.34 
303 0.27 
303 0.2 
303 0.19 
303 0.09 
303 0.07 
303 0 
303 0 
303 0 
303 0 
303 0 
303 0 
303 0 
303 0 
303 0 
303 0 
303 0 
303 0 
303 0 
303 0 
303 0 
303 0 
303 0 
303 0 
303 0 
303 0 
303 0 
303 0 
303 0 
303 0 
303 0 
303 0 
303 0 
303 0 
303 0 
303 0 
303 0 
303 0 
303 0 
303 0 
303 0 
303 0 
303 0 
303 0 
303 0 
303 0 
303 0 
303 0 
303 0 
303 0 
303 0 
303 0 
303 0 
303 0 
303 0 
303 0 
303 0 
303 0 
303 0 
303 0 
303 0 
303 0 
303 0 
303 0 
303 0 
303 0 
303 0 
303 0 
303 0 
303 0 
303 0 
303 0 
303 0 
303 0 
303 0 
303 0 
303 0 
303 0 
304 0 
304 0 
304 0 
304 0 
304 0 
304 0 
304 0 
304 0 
304 0 
304 0 
304 0 
304 0 
304 0 
304 0 
304 0 
304 0 
304 0 
304 0 
304 0 
304 0 
304 0 
304 0 
304 0 
304 0 
304 0 
304 0 
304 0 
304 0 
304 0 
304 0 
304 0 
304 0 
304 0 
304 0 
304 0 
304 0 
304 0 
304 0 
304 0 
304 0 
304 0 
304 0 
304 0 
304 0 
304 0 
304 0 
304 0 
304 0 
304 0 
304 0 
304 0 
304 0 
304 0 
304 0 
304 0 
304 0 
304 0 
304 0 
304 0 
304 0 
304 0 
304 0 
304 0 
304 0 
304 0 
304 0 
304 0 
304 0 
304 0 
304 0 
304 0 
304 0 
304 0 
304 0 
304 0 
304 0 
304 0 
304 0 
304 0 
304 0 
304 0 
304 0 
304 0 
304 0 
304 0 
304 0 
304 0 
304 0 
304 0 
304 0 
304 0 
304 0 
304 0 
304 0 
304 0 
304 0 
304 0 
304 0.06 
304 0.15 
304 0.16 
304 0.28 
304 0.49 
304 0.78 
304 1.02 
304 1.21 
304 1.36 
304 2.08 
304 2.38 
304 2.09 
304 4.55 
304 3.19 
304 4.83 
304 5.17 
304 7.55 
304 3.71 
304 4.26 
304 5.37 
304 6.87 
304 9.42 
304 9.92 
304 11.13 
304 11.75 
304 9.97 
304 7.62 
304 9.95 
304 8.7 
304 7.46 
304 9.08 
304 8.42 
304 13.62 
304 13.94 
304 15.04 
304 16.9 
304 17.95 
304 18.69 
304 19.23 
304 18.59 
304 20.02 
304 22.06 
304 23.73 
304 22.09 
304 18.03 
304 19.67 
304 22.63 
304 17.04 
304 10.79 
304 10.18 
304 9.91 
304 11.42 
304 15.38 
304 19.8 
304 24.14 
304 19.94 
304 14.25 
304 13.26 
304 15.24 
304 12.34 
304 14.17 
304 18.33 
304 26.46 
304 26.12 
304 30.09 
304 30.02 
304 29.63 
304 30.52 
304 30.04 
304 29.79 
304 27.29 
304 25.83 
304 24.57 
304 26.89 
304 25.11 
304 30.15 
304 25.28 
304 24.9 
304 18.98 
304 17.43 
304 26.88 
304 26.66 
304 27.67 
304 26.55 
304 24.34 
304 23.73 
304 22.59 
304 6.98 
304 7.96 
304 7.01 
304 8.35 
304 10.92 
304 18.79 
304 16.72 
304 11.29 
304 14.88 
304 14.76 
304 14.59 
304 9.63 
304 3.25 
304 2.86 
304 12.08 
304 12.44 
304 11.67 
304 10.45 
304 9.33 
304 8.19 
304 3.48 
304 1.1 
304 0.98 
304 0.82 
304 0.7 
304 0.62 
304 0.59 
304 0.47 
304 0.39 
304 0 
304 0.08 
304 0.04 
304 0 
304 0 
304 0 
304 0 
304 0 
304 0 
304 0 
304 0 
304 0 
304 0 
304 0 
304 0 
304 0 
304 0 
304 0 
304 0 
304 0 
304 0 
304 0 
304 0 
304 0 
304 0 
304 0 
304 0 
304 0 
304 0 
304 0 
304 0 
304 0 
304 0 
304 0 
304 0 
304 0 
304 0 
304 0 
304 0 
304 0 
304 0 
304 0 
304 0 
304 0 
304 0 
304 0 
304 0 
304 0 
304 0 
304 0 
304 0 
304 0 
304 0 
304 0 
304 0 
304 0 
304 0 
304 0 
304 0 
304 0 
304 0 
304 0 
304 0 
304 0 
304 0 
304 0 
304 0 
304 0 
304 0 
304 0 
304 0 
304 0 
304 0 
304 0 
304 0 
305 0 
